run,task,session_s,api_calls,input_tokens,output_tokens,cache_read_tokens,compressed,llm_s,tool_s,first_call_s,prefill_s,decode_s,queue_s,memory_tokens_per_call,memory_tokens_prefilled,memory_prefill_s,memories_recalled,memories_used_lexical,prefix_saving_s
20260927T160130.658582350Z-hermes-sweatlasqa-memrl-test-control-sglang,task-6905333b74f22949d97ba998,7713.447297096252,75,4898259,10075,0,True,7661.924493312836,51.52280378341675,102.07717990875244,557.3233588985463,67.73699619584691,7036.864138218443,0,0,0.0,0,0,543.7183339285252
20260927T160130.658582350Z-hermes-sweatlasqa-memrl-test-control-sglang,task-6905333b74f22949d97ba99b,9297.90916800499,90,2876583,12070,0,False,9249.116539239883,48.7926287651062,77.59500193595886,258.5668808766536,74.21474878903113,8916.3349095742,0,0,0.0,0,0,248.31831003482938
20260927T160130.658582350Z-hermes-sweatlasqa-memrl-test-control-sglang,task-6905333b74f22949d97ba9a4,4648.578933000565,46,2402795,5696,0,False,4629.157642126083,19.4212908744812,56.438180923461914,250.91130739432543,37.012539970390755,4341.233794761367,0,0,0.0,0,0,240.97461439002802
20260927T160130.658582350Z-hermes-sweatlasqa-memrl-test-control-sglang,task-6905333b74f22949d97ba9aa,5721.707207202911,65,2929999,9942,0,False,5689.651011228561,32.056195974349976,116.7533712387085,290.50280654442776,63.37688316011703,5335.7713215240165,0,0,0.0,0,0,280.24187280698135
20260927T160130.658582350Z-hermes-sweatlasqa-memrl-test-control-sglang,task-6905333b74f22949d97ba9b1,7712.074779033661,81,5431694,12809,0,False,7668.174747228622,43.90003180503845,86.95969200134277,624.0921700160072,86.50416976541547,6957.5784074472,0,0,0.0,0,0,609.8774419098891
20260927T160130.658582350Z-hermes-sweatlasqa-memrl-test-control-sglang,task-6905333b74f22949d97ba9b2,10800.000708818436,74,2912649,23722,0,False,10766.208529949188,33.79217886924744,99.79871487617493,277.385457757584,148.8831247262375,10339.939947465367,0,0,0.0,0,0,267.23232482452653
20260927T160130.658582350Z-hermes-sweatlasqa-memrl-test-control-sglang,task-6905333b74f22949d97ba9b7,7042.159107923508,69,3092138,13665,0,False,7010.106903076172,32.052204847335815,86.83129596710205,306.0043303225737,87.04775155972582,6617.054821193872,0,0,0.0,0,0,295.5038727760356
20260927T160130.658582350Z-hermes-sweatlasqa-memrl-test-control-sglang,task-6905333b74f22949d97ba9bb,10800.00041794777,77,5898490,21049,0,False,10728.202917337418,71.79750061035156,56.59712505340576,721.0822762008139,145.61407819241785,9861.506562944185,0,0,0.0,0,0,705.8127086723039
20260927T160130.658582350Z-hermes-sweatlasqa-memrl-test-control-sglang,task-6905333b74f22949d97ba9be,10800.000569105148,71,4680426,24454,0,False,10618.5021109581,181.49845814704895,123.53580713272095,535.5676897150689,164.66856224004275,9918.265859002988,0,0,0.0,0,0,522.1171596517614
20260927T160130.658582350Z-hermes-sweatlasqa-memrl-test-control-sglang,task-6905333b74f22949d97ba9ca,7812.254314899445,32,1139100,21309,0,False,7794.6131155490875,17.641199350357056,73.17139291763306,105.55262747923543,132.35707152012523,7556.703416549727,0,0,0.0,0,0,98.76029115949586
20260927T160130.658582350Z-hermes-sweatlasqa-memrl-test-control-sglang,task-6905333b74f22949d97ba9cd,10800.000549793243,53,2037502,27726,0,False,10765.689455509186,34.31109428405762,101.0170648097992,192.88377387564833,173.5749656354223,10399.230715998116,0,0,0.0,0,0,184.27699035287867
20260927T160130.658582350Z-hermes-sweatlasqa-memrl-test-control-sglang,task-6905333b74f22949d97ba9ce,10800.000704050064,90,4498396,20129,0,False,10460.236290216446,339.76441383361816,74.12708592414856,462.2991397068788,130.0167950484474,9867.920355461121,0,0,0.0,0,0,449.6654258330133
20260927T160130.658582350Z-hermes-sweatlasqa-memrl-test-control-sglang,task-6905333b74f22949d97ba9d0,6666.867362976074,70,3639191,12548,0,False,6633.495406389236,33.37195658683777,40.90156006813049,378.8510998784352,81.4835191713899,6173.160787339411,0,0,0.0,0,0,367.34156272930915
20260927T160130.658582350Z-hermes-sweatlasqa-memrl-test-control-sglang,task-6905333b74f22949d97ba9d1,4030.9296629428864,39,1637810,5395,0,False,4010.533433675766,20.39622926712036,81.83992099761963,158.95246991625575,34.104832294820575,3817.47613146469,0,0,0.0,0,0,150.8549203102055
20260927T160130.658582350Z-hermes-sweatlasqa-memrl-test-control-sglang,task-6905333b74f22949d97ba9d8,4011.3414871692657,36,2984043,6847,0,False,3996.293163537979,15.048323631286621,116.70120525360107,379.48065363567326,48.10821253863308,3568.704297363673,0,0,0.0,0,0,365.995287508423
20260927T160130.658582350Z-hermes-sweatlasqa-memrl-test-control-sglang,task-6905333b74f22949d97ba9e3,8485.186930179596,90,3960275,8873,0,False,8445.158335447311,40.028594732284546,121.59947109222412,389.04900315408935,56.39819987764881,7999.711132415573,0,0,0.0,0,0,377.2413432024657
20260927T160130.658582350Z-hermes-sweatlasqa-memrl-test-control-sglang,task-6905333b74f22949d97ba9e9,8532.257899999619,90,4440517,9669,0,False,8489.455562829971,42.80233716964722,75.07427382469177,453.56398651174817,62.34665555302695,7973.544920765196,0,0,0.0,0,0,441.04350051257893
20260927T160130.658582350Z-hermes-sweatlasqa-memrl-test-control-sglang,task-6905333b74f22949d97ba9f2,8568.185627937317,90,6615522,10916,0,False,8527.96187710762,40.223750829696655,79.9689769744873,792.0453653321836,74.93271588867152,7660.983795886765,0,0,0.0,0,0,776.3503870710891
20260927T160130.658582350Z-hermes-sweatlasqa-memrl-test-control-sglang,task-6905333b74f22949d97ba9f5,6407.5933339595795,90,4840387,7894,0,False,6365.16565155983,42.427682399749756,99.684250831604,509.5655785796208,51.505582977185,5804.094490003024,0,0,0.0,0,0,496.4760170750512
20260927T160130.658582350Z-hermes-sweatlasqa-memrl-test-control-sglang,task-6905333b74f22949d97ba9f8,7950.368096113205,90,5292725,17599,0,False,7897.09681892395,53.27127718925476,127.28416204452515,576.571073950696,116.35131740865275,7204.1744275646015,0,0,0.0,0,0,562.8190792884517
20260927T160130.658582350Z-hermes-sweatlasqa-memrl-test-control-sglang,task-6905333b74f22949d97baa01,6860.58367395401,69,3418037,13004,0,False,6826.864151000977,33.71952295303345,72.69900012016296,349.773584260165,83.89535470667764,6393.195212034134,0,0,0.0,0,0,338.6555194410022
20260927T160130.658582350Z-hermes-sweatlasqa-memrl-test-control-sglang,task-6905333b74f22949d97baa04,7808.999753952026,85,4893878,9913,0,False,7773.130610942841,35.86914300918579,56.913541078567505,528.9539608466787,65.32668272876028,7178.849967367401,0,0,0.0,0,0,515.6974990934783
20260927T160130.658582350Z-hermes-sweatlasqa-memrl-test-control-sglang,task-6905333b74f22949d97baa09,3249.4205570220947,22,1205637,5821,0,True,3225.855844974518,23.564712047576904,64.77772498130798,128.72067096916376,38.082245310661705,3059.0529286946926,0,0,0.0,0,0,119.93209670893216
20260927T160130.658582350Z-hermes-sweatlasqa-memrl-test-control-sglang,task-6905333b74f22949d97baa0d,9848.849533081055,85,6414319,14184,0,False,9726.928001403809,121.9215316772461,76.07704401016235,777.0198166550512,97.84406315435479,8852.064121594403,0,0,0.0,0,0,761.4095609372167
20260927T160130.658582350Z-hermes-sweatlasqa-memrl-test-control-sglang,task-6905333b74f22949d97baa16,4861.709946870804,63,2434311,8187,0,False,4853.067735910416,8.642210960388184,84.85384583473206,230.23637216411723,51.28134103215788,4571.550022714141,0,0,0.0,0,0,220.95814705527908
20260927T160130.658582350Z-hermes-sweatlasqa-memrl-test-control-sglang,task-6905333b74f22949d97baa17,6603.487869024277,39,2306248,14183,0,False,6579.087424278259,24.400444746017456,82.51410698890686,252.22503373293242,93.84709011885435,6233.015300426472,0,0,0.0,0,0,241.84722734186803
20260927T160130.658582350Z-hermes-sweatlasqa-memrl-test-control-sglang,task-6905333b74f22949d97baa1b,7143.177813053131,90,5921969,7613,0,False,7095.843594551086,47.33421850204468,80.18555402755737,675.3312161867959,51.2485055225089,6369.263872841781,0,0,0.0,0,0,660.6593872551377
20260927T160130.658582350Z-hermes-sweatlasqa-memrl-test-control-sglang,task-6905333b74f22949d97baa1f,8463.470572948456,59,4075339,13783,0,False,7528.053119659424,935.417453289032,91.8452570438385,475.37479695230945,93.56063010578535,6959.1176926013295,0,0,0.0,0,0,462.3302479342295
20260927T160130.658582350Z-hermes-sweatlasqa-memrl-test-control-sglang,task-6905333b74f22949d97baa26,3828.327653169632,43,1949820,4758,0,False,3812.7375626564026,15.59009051322937,44.554906129837036,193.96039336650318,30.352588126804566,3588.424581163095,0,0,0.0,0,0,185.1403326851883
20260927T160130.658582350Z-hermes-sweatlasqa-memrl-test-control-sglang,task-6905333b74f22949d97baa28,4034.0032789707184,37,1710514,6583,0,False,4018.398617744446,15.604661226272583,113.92066407203674,171.3056359696089,42.09519583556203,3804.9977859392748,0,0,0.0,0,0,162.76739216453956
20260928T063744.387953546Z-hermes-sweatlasqa-memrl-test-memrl-sglang,task-6905333b74f22949d97ba998,6046.839231967926,51,4147903,11061,0,False,5998.19292140007,48.646310567855835,154.3822751045227,501.62865688469805,77.41946363314644,5419.144800882225,13763,701913,103.38296838167946,5,4,488.30743766213186
20260928T063744.387953546Z-hermes-sweatlasqa-memrl-test-memrl-sglang,task-6905333b74f22949d97ba99b,10552.281956911087,86,4238659,20221,0,False,10503.339695215225,48.942261695861816,60.1799099445343,413.6478997265121,130.36874402723237,9959.323051461482,14134,1215524,135.34131492677076,5,5,402.2235218129739
20260928T063744.387953546Z-hermes-sweatlasqa-memrl-test-memrl-sglang,task-6905333b74f22949d97ba9a4,3415.0622370243073,26,1217803,7072,0,False,3402.0353858470917,13.026851177215576,67.81957387924194,117.80040109423372,45.2962626651127,3238.938722087745,11919,309894,34.041513963905544,5,3,110.63589082043912
20260928T063744.387953546Z-hermes-sweatlasqa-memrl-test-memrl-sglang,task-6905333b74f22949d97ba9aa,6493.189162015915,49,3379842,12816,0,False,6454.364738941193,38.82442307472229,119.79622602462769,379.2032372944197,86.97506214152003,5988.1864395052535,12866,630434,84.48390779123469,5,4,367.62003460244676
20260928T063744.387953546Z-hermes-sweatlasqa-memrl-test-memrl-sglang,task-6905333b74f22949d97ba9b1,5882.688107967377,70,5596576,15555,0,False,5778.989149093628,103.69895887374878,107.3207528591156,668.0596052573746,108.5044563881988,5002.425087448055,14841,1038870,150.78882897825255,5,5,653.7430339951048
20260928T063744.387953546Z-hermes-sweatlasqa-memrl-test-memrl-sglang,task-6905333b74f22949d97ba9b2,359.18064284324646,5,105616,261,0,False,356.2613277435303,2.9193150997161865,72.88269090652466,8.409769686516507,1.5560674745629761,346.29549058245084,14819,74095,5.894539152593696,5,5,6.227587208614802
20260928T063744.387953546Z-hermes-sweatlasqa-memrl-test-memrl-sglang,task-6905333b74f22949d97ba9b7,6732.781414985657,82,5083563,9922,0,False,6701.812968492508,30.968446493148804,62.315237045288086,547.3089863199997,66.14154635472768,6088.362435817781,10741,880762,112.21610554508217,4,3,534.3167705126293
20260928T063744.387953546Z-hermes-sweatlasqa-memrl-test-memrl-sglang,task-6905333b74f22949d97ba9bb,3303.8222510814667,30,1634495,6115,0,False,3290.5000047683716,13.322246313095093,48.61216592788696,166.22420557323682,39.97209833556169,3084.303700859573,13425,402750,47.33700552504561,5,4,157.8571228684856
20260928T063744.387953546Z-hermes-sweatlasqa-memrl-test-memrl-sglang,task-6905333b74f22949d97ba9be,10241.079997062683,85,6391187,39296,0,True,9251.226666927338,989.8533301353455,83.40632510185242,737.4507835149517,270.8873953122141,8242.88848810017,16548,1406580,195.35428585719362,5,5,722.8304405126152
20260928T063744.387953546Z-hermes-sweatlasqa-memrl-test-memrl-sglang,task-6905333b74f22949d97ba9ca,5392.726101160049,21,1009751,14211,0,False,5371.475604534149,21.25049662590027,115.38740801811218,97.93056909146047,91.3264544810442,5182.218580961644,14468,303828,33.36510861391835,5,4,91.05662590813587
20260928T063744.387953546Z-hermes-sweatlasqa-memrl-test-memrl-sglang,task-6905333b74f22949d97ba9cd,10800.000628948212,35,2224464,30384,0,False,10773.286465644836,26.714163303375244,156.61707401275635,251.4087200335224,203.3617506715511,10318.515994939764,0,0,0.0,0,0,240.61839993569208
20260928T063744.387953546Z-hermes-sweatlasqa-memrl-test-memrl-sglang,task-6905333b74f22949d97ba9ce,10800.000136852264,73,3353587,22922,0,False,10719.774077892303,80.22605895996094,98.6783287525177,334.9834432958166,146.46067943622626,10238.329955160261,0,0,0.0,0,0,324.04002771729535
20260928T063744.387953546Z-hermes-sweatlasqa-memrl-test-memrl-sglang,task-6905333b74f22949d97ba9d0,1654.8231949806213,37,1988111,7234,0,False,1632.8448231220245,21.9783718585968,96.06005787849426,199.54755153878997,47.193163571521055,1386.1041080117134,16063,594331,68.48274528612853,5,5,190.95595793165626
20260928T063744.387953546Z-hermes-sweatlasqa-memrl-test-memrl-sglang,task-6905333b74f22949d97ba9d1,5766.985388994217,41,2643533,10193,0,False,5744.911995649338,22.07339334487915,113.47548198699951,285.49014039559546,68.38392473067856,5391.037930523064,16063,658583,83.77707229210935,5,5,275.2085190483833
20260928T063744.387953546Z-hermes-sweatlasqa-memrl-test-memrl-sglang,task-6905333b74f22949d97ba9d8,3327.636986017227,33,2482695,6575,0,False,3312.724660396576,14.912325620651245,103.54471278190613,296.15889683159736,45.32967523229616,2971.2360883326824,6000,198000,28.67342913926733,2,2,284.3290923813076
20260928T063744.387953546Z-hermes-sweatlasqa-memrl-test-memrl-sglang,task-6905333b74f22949d97ba9e3,8367.95936703682,78,5589323,13026,0,False,8319.67725276947,48.28211426734924,68.12285494804382,628.9914394441879,89.00206480814914,7601.683748517134,17719,1382082,185.6048165540567,5,5,615.3611788144608
20260928T063744.387953546Z-hermes-sweatlasqa-memrl-test-memrl-sglang,task-6905333b74f22949d97ba9e9,10800.000707149506,83,4907221,19283,0,False,10753.351266384125,46.64944076538086,66.9821400642395,536.7873814348794,127.5893413137076,10088.974543635539,0,0,0.0,0,0,523.4325211708824
20260928T063744.387953546Z-hermes-sweatlasqa-memrl-test-memrl-sglang,task-6905333b74f22949d97ba9f2,9952.828648805618,90,5214527,17613,0,False,9911.78056693077,41.04808187484741,58.77953505516052,536.0649585121391,116.18020159180374,9259.535406826828,17512,1576080,187.7264520071568,5,5,523.3983437675599
20260928T063744.387953546Z-hermes-sweatlasqa-memrl-test-memrl-sglang,task-6905333b74f22949d97ba9f5,6894.158509016037,56,4559111,14727,0,False,6843.309226512909,50.84928250312805,116.61530017852783,545.7394698773843,103.09958625036407,6194.470170385161,17719,992264,144.04913008192335,5,5,532.2895437299147
20260928T063744.387953546Z-hermes-sweatlasqa-memrl-test-memrl-sglang,task-6905333b74f22949d97ba9f8,1860.76100897789,90,5336920,10740,0,False,1815.1128287315369,45.64818024635315,67.76914691925049,554.5242366770557,71.09565020762435,1189.4929418468566,16892,1520280,183.91136739264266,5,5,541.6560204578772
20260928T063744.387953546Z-hermes-sweatlasqa-memrl-test-memrl-sglang,task-6905333b74f22949d97baa01,7188.775720119476,68,3887427,9101,0,False,7169.423984527588,19.351735591888428,109.229807138443,397.6902886519452,59.911782137841996,6711.8219137378,17508,1190544,140.78416759465625,5,5,386.6233080342566
20260928T063744.387953546Z-hermes-sweatlasqa-memrl-test-memrl-sglang,task-6905333b74f22949d97baa04,7621.503312110901,88,5674285,11508,0,False,7583.902463674545,37.60084843635559,63.68504595756531,608.651780656541,77.20695433928944,6898.0437286787155,18228,1604064,202.12076459729772,5,5,595.2997163107391
20260928T063744.387953546Z-hermes-sweatlasqa-memrl-test-memrl-sglang,task-6905333b74f22949d97baa09,3101.5611488819122,23,2217749,7568,0,False,3073.069398880005,28.49175000190735,69.5142080783844,296.30387676034553,54.938821156696775,2721.8267009629626,11130,255990,42.38857681674814,5,3,282.32142732138294
20260928T063744.387953546Z-hermes-sweatlasqa-memrl-test-memrl-sglang,task-6905333b74f22949d97baa0d,8793.424327850342,40,3449278,19261,0,True,8607.99647974968,185.42784810066223,66.60067582130432,430.93599109751614,136.4401759647315,8040.620312687432,12773,510920,78.32637296795647,5,4,417.59978937504974
20260928T063744.387953546Z-hermes-sweatlasqa-memrl-test-memrl-sglang,task-6905333b74f22949d97baa16,4388.870476007462,33,1832562,9387,0,False,4373.677804946899,15.192671060562134,92.84505891799927,188.18499947211194,61.52993930335478,4123.962866171432,12516,413028,49.2375631249861,5,3,179.4319658196876
20260928T063744.387953546Z-hermes-sweatlasqa-memrl-test-memrl-sglang,task-6905333b74f22949d97baa17,10800.000349998474,44,3368918,26612,0,False,10768.932067394257,31.06828260421753,67.76999592781067,412.62076661070273,184.08097411540083,10172.230326668154,0,0,0.0,0,0,399.50013200814135
20260928T063744.387953546Z-hermes-sweatlasqa-memrl-test-memrl-sglang,task-6905333b74f22949d97baa1b,8673.432732105255,81,7246840,13054,0,False,8609.820587158203,63.612144947052,84.81123399734497,918.9767270257486,93.19897347428932,7597.644886658165,13437,1088397,170.3801289415112,5,4,902.5782908239948
20260928T063744.387953546Z-hermes-sweatlasqa-memrl-test-memrl-sglang,task-6905333b74f22949d97baa1f,6027.481955051422,56,3458408,7954,0,False,5742.682851791382,284.7991032600403,53.99996614456177,369.9363749418775,52.99002937358149,5319.756447475923,12725,712600,89.81393479312572,5,4,358.8387108345651
20260928T063744.387953546Z-hermes-sweatlasqa-memrl-test-memrl-sglang,task-6905333b74f22949d97baa26,3853.42276597023,37,2364170,7261,0,False,3836.392855644226,17.02991032600403,60.51591610908508,258.7092172504823,48.640847000834064,3529.0427913929097,10252,379324,49.236850810645485,4,3,248.44196472622116
20260928T063744.387953546Z-hermes-sweatlasqa-memrl-test-memrl-sglang,task-6905333b74f22949d97baa28,2853.161640882492,24,1192981,4156,0,False,2843.130122423172,10.031518459320068,101.12170004844666,117.60212481044185,26.824678138921005,2698.703319473809,12659,303816,34.22054798584058,4,4,110.2232793469013
20260927T150138.792366263Z-hermes-sweatlasqa-memrl-train-control-sglang,task-6905333b74f22949d97ba999,3276.8234219551086,51,1626505,6595,0,False,2977.8698704242706,298.953551530838,41.71305203437805,146.31300400896808,40.542714652051906,2791.0141517632505,0,0,0.0,0,0,138.7333795764661
20260927T150138.792366263Z-hermes-sweatlasqa-memrl-train-control-sglang,task-6905333b74f22949d97ba9a2,7846.963261127472,77,4395700,12858,0,False,7783.34317946434,63.620081663131714,54.835254192352295,473.7765159169421,84.6261198273829,7224.940543720015,0,0,0.0,0,0,461.1209521720687
20260927T150138.792366263Z-hermes-sweatlasqa-memrl-train-control-sglang,task-6905333b74f22949d97ba9a6,6858.322949171066,90,7306663,11445,0,False,6734.3501744270325,123.97277474403381,23.496968269348145,915.4737586717246,80.07835497770837,5738.7980607776,0,0,0.0,0,0,898.7776752346783
20260927T150138.792366263Z-hermes-sweatlasqa-memrl-train-control-sglang,task-6905333b74f22949d97ba9a9,10800.000871896744,73,3895992,25016,0,False,10759.272989749908,40.72788214683533,79.02634882926941,410.1173916178816,163.0429112662693,10186.112686865757,0,0,0.0,0,0,398.192160444774
20260927T150138.792366263Z-hermes-sweatlasqa-memrl-train-control-sglang,task-6905333b74f22949d97ba9ac,6024.183329820633,57,2804336,7820,0,False,6005.331677436829,18.85165238380432,60.93859100341797,286.46736736075337,50.40523293333057,5668.459077142745,0,0,0.0,0,0,276.20123357865685
20260927T150138.792366263Z-hermes-sweatlasqa-memrl-train-control-sglang,task-6905333b74f22949d97ba9ad,4938.062680006027,83,5926141,10463,0,False,4899.16348695755,38.89919304847717,22.223319053649902,700.5370953388518,71.44335274363071,4127.183038875068,0,0,0.0,0,0,685.5896237303164
20260927T150138.792366263Z-hermes-sweatlasqa-memrl-train-control-sglang,task-6905333b74f22949d97ba9b3,7711.832653999329,82,3091187,8119,0,False,7685.206486463547,26.62616753578186,111.78532195091248,290.1465437127243,50.723567248789266,7344.336375502033,0,0,0.0,0,0,279.69771432608155
20260927T150138.792366263Z-hermes-sweatlasqa-memrl-train-control-sglang,task-6905333b74f22949d97ba9b6,3764.136566877365,32,1051843,4680,0,False,3741.8510007858276,22.285566091537476,83.46857500076294,95.46583472789486,28.8491144226388,3617.536051635294,0,0,0.0,0,0,89.03756250412869
20260927T150138.792366263Z-hermes-sweatlasqa-memrl-train-control-sglang,task-6905333b74f22949d97ba9bd,9507.567569971085,30,1362916,27974,0,False,9489.20651769638,18.36105227470398,106.30687499046326,135.77239839556358,178.49521917249635,9174.93890012832,0,0,0.0,0,0,127.80431245699887
20260927T150138.792366263Z-hermes-sweatlasqa-memrl-train-control-sglang,task-6905333b74f22949d97ba9c3,6493.2916350364685,40,1793926,19080,0,False,6465.872271537781,27.419363498687744,22.41628384590149,177.69577377137628,121.553335848079,6166.623161918325,0,0,0.0,0,0,169.157152471223
20260927T150138.792366263Z-hermes-sweatlasqa-memrl-train-control-sglang,task-6905333b74f22949d97ba9cf,8513.720690965652,80,3316367,16073,0,False,8483.232428789139,30.488262176513672,80.5179488658905,320.0241830031241,101.4567876329171,8061.751458153097,0,0,0.0,0,0,309.2232660555548
20260927T150138.792366263Z-hermes-sweatlasqa-memrl-train-control-sglang,task-6905333b74f22949d97ba9d4,6649.469524860382,79,4192863,8032,0,False,6612.072856903076,37.39666795730591,78.49812889099121,439.69186826421367,52.30802381553711,6120.0729648233255,0,0,0.0,0,0,427.42873040625216
20260927T150138.792366263Z-hermes-sweatlasqa-memrl-train-control-sglang,task-6905333b74f22949d97ba9db,6887.628937005997,68,2920347,9437,0,False,6834.159752845764,53.469184160232544,90.66448497772217,284.91780622977535,59.811244577878504,6489.43070203811,0,0,0.0,0,0,274.7429847980821
20260927T150138.792366263Z-hermes-sweatlasqa-memrl-train-control-sglang,task-6905333b74f22949d97ba9dd,6017.192916870117,61,3125646,8654,0,False,5995.143009901047,22.049906969070435,109.31996083259583,323.75663396687094,56.085290985291216,5615.301084948885,0,0,0.0,0,0,312.9561356320538
20260927T150138.792366263Z-hermes-sweatlasqa-memrl-train-control-sglang,task-6905333b74f22949d97ba9de,4147.444232940674,40,2462329,5230,0,False,4128.374949455261,19.069283485412598,99.40181493759155,273.9793496158585,34.824638813487155,3819.5709610259155,0,0,0.0,0,0,263.18492148945506
20260927T150138.792366263Z-hermes-sweatlasqa-memrl-train-control-sglang,task-6905333b74f22949d97ba9e7,3506.834990978241,62,3684723,8753,0,False,3477.0270788669586,29.80791211128235,32.92937874794006,403.6895121959726,57.96218583772522,3015.375380833261,0,0,0.0,0,0,391.73164038619313
20260927T150138.792366263Z-hermes-sweatlasqa-memrl-train-control-sglang,task-6905333b74f22949d97ba9ee,3628.9675738811493,31,1623936,6701,0,False,3614.104798078537,14.862775802612305,108.33390474319458,170.07075899343627,43.56037784941513,3400.4736612356855,0,0,0.0,0,0,161.08277060935822
20260927T150138.792366263Z-hermes-sweatlasqa-memrl-train-control-sglang,task-6905333b74f22949d97ba9f7,6670.1289229393005,90,5136292,8964,0,False,6644.968580245972,25.160342693328857,77.84525394439697,553.2912125394693,58.99475623829084,6032.682611468212,0,0,0.0,0,0,539.7588639566253
20260927T150138.792366263Z-hermes-sweatlasqa-memrl-train-control-sglang,task-6905333b74f22949d97ba9ff,8100.040613889694,84,6047109,16311,0,True,8051.230535268784,48.810078620910645,23.051263093948364,717.5734600289226,111.5404480112901,7222.116627228571,0,0,0.0,0,0,702.4766857607297
20260927T150138.792366263Z-hermes-sweatlasqa-memrl-train-control-sglang,task-6905333b74f22949d97baa02,6093.66014790535,58,2609034,9699,0,False,6040.898070573807,52.76207733154297,103.79448890686035,258.48124590901637,61.81220501232773,5720.604619652463,0,0,0.0,0,0,248.71276537659446
20260927T150138.792366263Z-hermes-sweatlasqa-memrl-train-control-sglang,task-6905333b74f22949d97baa06,6429.5519490242,53,2908253,10827,0,False,6404.12895154953,25.42299747467041,112.35492610931396,309.0838082320451,70.84583160589266,6024.199311711593,0,0,0.0,0,0,298.3336619651704
20260927T150138.792366263Z-hermes-sweatlasqa-memrl-train-control-sglang,task-6905333b74f22949d97baa0c,5524.175413131714,53,4036615,7074,0,False,5421.9657299518585,102.20968317985535,82.3476550579071,492.14963590968557,48.88317881516379,4880.932915227009,0,0,0.0,0,0,478.54310763893375
20260927T150138.792366263Z-hermes-sweatlasqa-memrl-train-control-sglang,task-6905333b74f22949d97baa11,6790.603897809982,50,1352580,14028,0,False,6761.1527099609375,29.4511878490448,82.29306197166443,117.15962728220057,85.06704537087727,6558.92603730786,0,0,0.0,0,0,110.2987916311151
20260927T150138.792366263Z-hermes-sweatlasqa-memrl-train-control-sglang,task-6905333b74f22949d97baa14,2175.722359895706,39,1693718,6869,0,False,2161.2595574855804,14.462802410125732,23.454591989517212,166.1979408306748,43.59247731227747,1951.4691393426283,0,0,0.0,0,0,157.90048170893033
20260927T150138.792366263Z-hermes-sweatlasqa-memrl-train-control-sglang,task-6905333b74f22949d97baa19,10800.000753879547,62,3323736,25339,0,False,10750.23339343071,49.76736044883728,119.27197599411011,350.61539481070776,165.25237498867324,10234.365623631329,0,0,0.0,0,0,339.39939838109876
20260927T150138.792366263Z-hermes-sweatlasqa-memrl-train-control-sglang,task-6905333b74f22949d97baa1a,10800.000920057297,69,3883483,22387,0,False,10720.381430864334,79.61948919296265,98.52069902420044,417.0741893234076,147.03174506973684,10156.27549647119,0,0,0.0,0,0,405.03425794390216
20260927T150138.792366263Z-hermes-sweatlasqa-memrl-train-control-sglang,task-6905333b74f22949d97baa20,657.3084049224854,9,244121,2914,0,False,652.9256012439728,4.382803678512573,28.015269994735718,21.40743075630012,17.674419280323608,613.8437512073491,0,0,0.0,0,0,17.18879872086814
20260927T150138.792366263Z-hermes-sweatlasqa-memrl-train-control-sglang,task-6905333b74f22949d97baa24,8605.704668045044,90,6572484,9440,0,False,8538.790475606918,66.91419243812561,63.21736192703247,784.3914665451837,64.72295755910926,7689.676051502625,0,0,0.0,0,0,768.7648669905429
20260927T150138.792366263Z-hermes-sweatlasqa-memrl-train-control-sglang,task-6905333b74f22949d97baa27,2525.6124110221863,32,2003353,8431,0,False,2505.6520726680756,19.960338354110718,22.179101943969727,224.69891516679039,56.29094303371477,2224.6622144675703,0,0,0.0,0,0,214.26166691783934
20260927T150138.792366263Z-hermes-sweatlasqa-memrl-train-control-sglang,task-6905333b74f22949d97baa2d,6372.407269954681,56,3246664,8323,0,False,6349.691130161285,22.716139793395996,70.39513087272644,352.26341109191577,54.90610088389892,5942.52161818547,0,0,0.0,0,0,340.90426953235607
20260927T223652.422958675Z-hermes-sweatlasqa-memrl-train-memrl-sglang,task-6905333b74f22949d97ba999,2607.2308530807495,25,710329,5544,0,False,2593.4921505451202,13.738702535629272,57.64315319061279,62.363006118368645,33.74937010847549,2497.3797743182763,0,0,0.0,0,0,56.995714027334564
20260927T223652.422958675Z-hermes-sweatlasqa-memrl-train-memrl-sglang,task-6905333b74f22949d97ba999,3221.5962738990784,38,2187943,16614,0,False,3191.6171095371246,29.979164361953735,38.38987874984741,225.29724161997635,109.48697180267108,2856.832896114477,16554,629052,75.00846912791921,5,5,216.15094816054454
20260927T223652.422958675Z-hermes-sweatlasqa-memrl-train-memrl-sglang,task-6905333b74f22949d97ba9a2,3108.8076980113983,65,3009157,10948,0,False,2979.535217523575,129.2724804878235,26.946056127548218,297.837265532015,70.01951092228464,2611.6784410692753,2833,184145,21.049390883606137,1,1,287.6016321010331
20260927T223652.422958675Z-hermes-sweatlasqa-memrl-train-memrl-sglang,task-6905333b74f22949d97ba9a2,2616.155664205551,47,2590247,9151,0,False,2590.8523721694946,25.30329203605652,65.91849708557129,263.71755478710855,59.91669874604362,2267.2181186363428,14180,666460,78.5185519468879,5,4,254.17930380922164
20260927T223652.422958675Z-hermes-sweatlasqa-memrl-train-memrl-sglang,task-6905333b74f22949d97ba9a6,8725.767410039902,82,6218521,30061,0,True,8679.455653429031,46.31175661087036,97.5395188331604,754.6756979667914,207.55999500770835,7717.219960454531,0,0,0.0,0,0,739.2285477899094
20260927T223652.422958675Z-hermes-sweatlasqa-memrl-train-memrl-sglang,task-6905333b74f22949d97ba9a6,5372.673711061478,83,6731854,20323,0,False,5322.925657510757,49.748053550720215,35.12343716621399,819.5087723310355,142.16845204735682,4361.248433132365,9989,829087,123.6510211223266,5,3,803.9061669362122
20260927T223652.422958675Z-hermes-sweatlasqa-memrl-train-memrl-sglang,task-6905333b74f22949d97ba9a9,2944.3105800151825,57,3079744,8014,0,False,2928.9929723739624,15.317607641220093,39.112318992614746,314.9173644674729,52.322856234449304,2561.75275167204,9851,561507,66.83204184704789,4,4,304.62004642449267
20260927T223652.422958675Z-hermes-sweatlasqa-memrl-train-memrl-sglang,task-6905333b74f22949d97ba9a9,2588.789041042328,40,1968760,8317,0,False,2569.418557167053,19.370483875274658,57.44678592681885,192.919411049483,53.611620466940316,2322.88752565063,12969,518760,58.058624439248604,5,4,184.5694134574464
20260927T223652.422958675Z-hermes-sweatlasqa-memrl-train-memrl-sglang,task-6905333b74f22949d97ba9ac,4266.549647092819,68,3519037,10401,0,False,4237.962999582291,28.586647510528564,111.38064908981323,365.69148771347733,67.49881437951679,3804.7726974892967,0,0,0.0,0,0,354.3520751897212
20260927T223652.422958675Z-hermes-sweatlasqa-memrl-train-memrl-sglang,task-6905333b74f22949d97ba9ac,2695.6653170585632,52,3465630,10071,0,False,2661.6035809516907,34.06173610687256,33.2253201007843,382.60262234892673,67.94203322461748,2211.058925378147,13146,683592,89.7248412057252,5,4,371.14597011418846
20260927T223652.422958675Z-hermes-sweatlasqa-memrl-train-memrl-sglang,task-6905333b74f22949d97ba9ad,5009.802733182907,57,3905246,7426,0,False,4988.368472337723,21.434260845184326,85.72587418556213,453.8213038649107,50.336854885538365,4484.210313587273,0,0,0.0,0,0,440.99050562268445
20260927T223652.422958675Z-hermes-sweatlasqa-memrl-train-memrl-sglang,task-6905333b74f22949d97ba9ad,3211.902709007263,39,3293396,11385,0,True,3168.607025384903,43.29568362236023,21.932196855545044,407.3198379594161,80.29820981309557,2680.9889776123914,12771,498069,75.36483142609936,5,5,394.2809493849388
20260927T223652.422958675Z-hermes-sweatlasqa-memrl-train-memrl-sglang,task-6905333b74f22949d97ba9b3,2606.8128049373627,80,4444361,8119,0,False,2572.329681634903,34.48312330245972,45.87766194343567,473.8324037651001,53.22157242748334,2045.2757054423196,0,0,0.0,0,0,461.18358039456314
20260927T223652.422958675Z-hermes-sweatlasqa-memrl-train-memrl-sglang,task-6905333b74f22949d97ba9b3,2687.765958070755,90,4033984,9794,0,False,2619.7412462234497,68.0247118473053,32.97656583786011,381.939684650466,62.390425509442856,2175.4111360635407,13331,1199790,128.15281168443911,5,4,370.78287771772995
20260927T223652.422958675Z-hermes-sweatlasqa-memrl-train-memrl-sglang,task-6905333b74f22949d97ba9b6,3040.81533908844,51,1926427,7150,0,False,3001.159551382065,39.65578770637512,93.21135807037354,181.09449029965748,44.67904879810082,2775.3860122843066,0,0,0.0,0,0,172.74651998000655
20260927T223652.422958675Z-hermes-sweatlasqa-memrl-train-memrl-sglang,task-6905333b74f22949d97ba9b6,1730.5223639011383,30,1066394,5575,0,False,1693.0531978607178,37.46916604042053,34.0700478553772,97.76141132112053,34.62328101090635,1560.668505528691,2573,77190,7.909443214671284,1,1,91.283933230685
20260927T223652.422958675Z-hermes-sweatlasqa-memrl-train-memrl-sglang,task-6905333b74f22949d97ba9bd,7742.306969881058,63,4888881,76097,0,True,7685.120579957962,57.1863899230957,31.759342908859253,583.161876293455,527.7364299933057,6574.222273671201,9931,625653,90.88503661374064,3,3,569.3536053853703
20260927T223652.422958675Z-hermes-sweatlasqa-memrl-train-memrl-sglang,task-6905333b74f22949d97ba9bd,4530.412070035934,22,1263022,29419,0,False,4512.693000078201,17.719069957733154,63.35183596611023,130.86209844744653,193.78764030957586,4188.043261321179,14421,317262,38.14860581475345,5,5,122.66298114189311
20260927T223652.422958675Z-hermes-sweatlasqa-memrl-train-memrl-sglang,task-6905333b74f22949d97ba9c3,7729.5433049201965,58,1817074,18280,0,False,7703.820534229279,25.72277069091797,83.44029402732849,162.49831887593916,112.19872100214361,7429.123494351196,0,0,0.0,0,0,154.53678877530638
20260927T223652.422958675Z-hermes-sweatlasqa-memrl-train-memrl-sglang,task-6905333b74f22949d97ba9c3,3883.7668018341064,31,1682644,22771,0,False,3867.2182183265686,16.548583507537842,34.00706195831299,170.93646072778932,148.7676920523527,3547.5140655464265,13058,404798,47.56831364642926,5,4,162.5229290698328
20260927T223652.422958675Z-hermes-sweatlasqa-memrl-train-memrl-sglang,task-6905333b74f22949d97ba9cf,5230.397751092911,61,3209026,18645,0,False,5194.718694925308,35.67905616760254,23.073012113571167,331.69824684540714,121.27459149285353,4741.7458565870475,3236,197396,23.9093067740789,1,1,320.93198191174264
20260927T223652.422958675Z-hermes-sweatlasqa-memrl-train-memrl-sglang,task-6905333b74f22949d97ba9cf,2898.7212948799133,56,3582220,13620,0,False,2873.2692420482635,25.45205283164978,52.62075877189636,386.8698338728815,91.25610187272233,2395.1433063026598,14553,814968,103.894812688184,5,4,375.578748804357
20260927T223652.422958675Z-hermes-sweatlasqa-memrl-train-memrl-sglang,task-6905333b74f22949d97ba9d4,2756.527896165848,44,2056427,8163,0,False,2728.8270251750946,27.700870990753174,31.851333141326904,204.38995809853412,52.26984385211827,2472.1672232244423,2880,126720,14.544387088709424,1,1,195.51159070491394
20260927T223652.422958675Z-hermes-sweatlasqa-memrl-train-memrl-sglang,task-6905333b74f22949d97ba9d4,1042.4980919361115,23,1084720,5386,0,False,1031.5823299884796,10.915761947631836,34.403393030166626,105.32521868820447,34.52739750331706,891.7297137969581,11649,267927,29.56838180102536,4,4,98.29256424695319
20260927T223652.422958675Z-hermes-sweatlasqa-memrl-train-memrl-sglang,task-6905333b74f22949d97ba9db,1347.1489279270172,18,1164923,5581,0,False,1340.1442275047302,7.004700422286987,68.13968706130981,127.22449366660203,37.465654858829076,1175.454078979299,14113,254034,32.65981915987001,5,5,118.20820336341396
20260927T223652.422958675Z-hermes-sweatlasqa-memrl-train-memrl-sglang,task-6905333b74f22949d97ba9db,1728.0661170482635,16,1020685,6741,0,False,1719.8462414741516,8.219875574111938,34.478084087371826,110.3659061778882,45.145368086976724,1564.3349672092866,15733,251728,31.876246094843964,5,5,101.67466342033283
20260927T223652.422958675Z-hermes-sweatlasqa-memrl-train-memrl-sglang,task-6905333b74f22949d97ba9dd,2067.7915000915527,90,3883655,8161,0,False,2007.46524310112,60.32625699043274,45.25578808784485,379.2893293781425,51.75290673293701,1576.4230069900404,0,0,0.0,0,0,367.58749522261564
20260927T223652.422958675Z-hermes-sweatlasqa-memrl-train-memrl-sglang,task-6905333b74f22949d97ba9dd,1598.4645850658417,29,1663264,8711,0,False,1574.4509239196777,24.01366114616394,37.39002203941345,173.53649645816887,57.37231596230293,1343.542111499206,11583,335907,40.90106983640081,4,4,164.74378909788237
20260927T223652.422958675Z-hermes-sweatlasqa-memrl-train-memrl-sglang,task-6905333b74f22949d97ba9de,2391.9796230793,52,3050743,12827,0,False,2370.060286283493,21.919336795806885,50.4872670173645,325.29043243460785,84.7715283395403,1959.998325509345,6655,346060,43.59545046294468,2,2,314.53569736687973
20260927T223652.422958675Z-hermes-sweatlasqa-memrl-train-memrl-sglang,task-6905333b74f22949d97ba9de,3217.938162088394,41,3139821,15606,0,False,3182.6846294403076,35.25353264808655,32.16987609863281,367.11569010592325,107.95403351538124,2707.6149058190035,15688,643208,90.63850614784127,5,5,355.18478504357876
20260927T223652.422958675Z-hermes-sweatlasqa-memrl-train-memrl-sglang,task-6905333b74f22949d97ba9e7,6043.300616025925,79,4824308,8723,0,False,6003.523120164871,39.77749586105347,89.21200799942017,533.8112448975278,58.0094357301884,5411.7024395371545,0,0,0.0,0,0,520.5000306511481
20260927T223652.422958675Z-hermes-sweatlasqa-memrl-train-memrl-sglang,task-6905333b74f22949d97ba9e7,2431.9961540699005,42,2918711,11451,0,False,2404.9577980041504,27.038356065750122,57.34193825721741,326.8338741846789,77.81352068392646,2000.3104031355451,15023,630966,84.15992116982359,5,5,315.75249987470556
20260927T223652.422958675Z-hermes-sweatlasqa-memrl-train-memrl-sglang,task-6905333b74f22949d97ba9ee,1233.167690038681,20,1026873,6901,0,False,1224.1987953186035,8.968894720077515,67.40168499946594,102.48257453275968,44.73667044701469,1076.9795503388293,12837,256740,29.361073067360458,4,4,95.13678968254905
20260927T223652.422958675Z-hermes-sweatlasqa-memrl-train-memrl-sglang,task-6905333b74f22949d97ba9ee,1165.2131879329681,17,1010746,7141,0,False,1156.0467777252197,9.166410207748413,33.836560010910034,105.9595970677816,47.29058555345474,1002.7965951039835,16064,273088,33.209768401688194,5,5,97.84382773880068
20260927T223652.422958675Z-hermes-sweatlasqa-memrl-train-memrl-sglang,task-6905333b74f22949d97ba9f7,1619.82266497612,25,1165888,5736,0,False,1611.7091615200043,8.113503456115723,69.72080302238464,114.30505360212207,36.71909515614686,1460.6850127617354,7272,181800,20.400438897899548,2,2,106.95877955679299
20260927T223652.422958675Z-hermes-sweatlasqa-memrl-train-memrl-sglang,task-6905333b74f22949d97ba9f7,1937.5777299404144,21,1472958,7635,0,False,1915.1104204654694,22.46730947494507,38.094942808151245,165.54605192346023,51.96768531921567,1697.5966832227934,16468,345828,46.09862381369231,5,5,155.7393471728043
20260927T223652.422958675Z-hermes-sweatlasqa-memrl-train-memrl-sglang,task-6905333b74f22949d97ba9ff,5952.148902177811,90,6322688,6217,0,False,5917.7933440208435,34.35555815696716,88.31952619552612,741.924766249663,42.32797244893405,5133.540605322247,0,0,0.0,0,0,726.6582304861963
20260927T223652.422958675Z-hermes-sweatlasqa-memrl-train-memrl-sglang,task-6905333b74f22949d97ba9ff,2565.4267258644104,49,2860028,13212,0,False,2520.6394679546356,44.78725790977478,67.63903594017029,296.1938195013207,87.24758870374862,2137.1980597495663,16245,796005,95.7548893336253,5,5,286.1921984655811
20260927T223652.422958675Z-hermes-sweatlasqa-memrl-train-memrl-sglang,task-6905333b74f22949d97baa02,3126.03804397583,56,1963277,9080,0,False,3101.328337907791,24.70970606803894,31.977442979812622,177.85787360928438,56.314584440657065,2867.1558798578494,4172,233632,23.604173931664405,1,1,169.79849892061316
20260927T223652.422958675Z-hermes-sweatlasqa-memrl-train-memrl-sglang,task-6905333b74f22949d97baa02,2662.9769599437714,53,2112639,8218,0,False,2622.186092853546,40.79086709022522,41.160078048706055,192.39285172725067,51.64844024818368,2378.1448008781117,14315,758695,76.42451583296416,5,5,184.46578997777218
20260927T223652.422958675Z-hermes-sweatlasqa-memrl-train-memrl-sglang,task-6905333b74f22949d97baa06,4524.661273956299,59,2949501,7832,0,False,4498.675523519516,25.985750436782837,77.51425385475159,302.8467235436574,50.58954621091485,4145.239253764944,0,0,0.0,0,0,292.34775319955094
20260927T223652.422958675Z-hermes-sweatlasqa-memrl-train-memrl-sglang,task-6905333b74f22949d97baa06,1803.477953195572,42,3386808,8588,0,False,1783.1276211738586,20.350332021713257,40.90318417549133,406.5041270276604,60.00758431562379,1316.6159098305745,15313,643146,93.67431073745655,5,5,393.93639574163194
20260927T223652.422958675Z-hermes-sweatlasqa-memrl-train-memrl-sglang,task-6905333b74f22949d97baa0c,5763.664425134659,90,7935327,11874,0,True,5595.384157657623,168.28026747703552,31.171681880950928,1015.8215352049054,84.50904889527403,4495.053573557444,6994,629460,99.88815084005476,2,2,998.6261980227835
20260927T223652.422958675Z-hermes-sweatlasqa-memrl-train-memrl-sglang,task-6905333b74f22949d97baa0c,2329.8736119270325,34,3195457,8043,0,False,2204.6008479595184,125.27276396751404,35.15315794944763,419.1245494451237,58.04890538139456,1727.4273931330001,11838,402492,65.39332956186664,5,3,405.00407645443124
20260927T223652.422958675Z-hermes-sweatlasqa-memrl-train-memrl-sglang,task-6905333b74f22949d97baa11,2539.1423630714417,39,1099227,12152,0,False,2484.815226793289,54.327136278152466,73.89668297767639,96.07255611627808,73.92818519846536,2314.814485478546,0,0,0.0,0,0,89.81448174981337
20260927T223652.422958675Z-hermes-sweatlasqa-memrl-train-memrl-sglang,task-6905333b74f22949d97baa11,5590.318248987198,62,3891461,26568,0,False,5422.3907635211945,167.92748546600342,33.33629488945007,415.38969942322404,177.4591447382867,4829.5419193596845,15667,971354,121.92518245682541,5,5,403.917159603118
20260927T223652.422958675Z-hermes-sweatlasqa-memrl-train-memrl-sglang,task-6905333b74f22949d97baa14,4055.830729007721,36,2207964,7676,0,False,4041.3580555915833,14.472673416137695,134.89357995986938,245.4655602106627,51.08177415053313,3744.8107212303876,0,0,0.0,0,0,234.95200886584115
20260927T223652.422958675Z-hermes-sweatlasqa-memrl-train-memrl-sglang,task-6905333b74f22949d97baa14,1035.154865026474,11,679453,6108,0,False,1029.7998332977295,5.355031728744507,36.16153907775879,72.81990655969054,40.69304105609714,916.2868856819418,15447,169917,21.160037764359522,5,5,64.5847330063722
20260927T223652.422958675Z-hermes-sweatlasqa-memrl-train-memrl-sglang,task-6905333b74f22949d97baa19,6488.050015926361,60,5599041,23310,0,False,6126.9246163368225,361.1253995895386,31.94025683403015,741.7323612747439,167.9679751715647,5217.224279890514,5601,336060,55.51893441576713,2,2,725.7363805627165
20260927T223652.422958675Z-hermes-sweatlasqa-memrl-train-memrl-sglang,task-6905333b74f22949d97baa19,6182.848580121994,67,6061460,33897,0,True,5069.952555894852,1112.8960242271423,33.784502267837524,775.4993693864592,242.59291149890652,4051.860275009486,12590,843530,133.38944941250497,5,4,759.8419320569952
20260927T223652.422958675Z-hermes-sweatlasqa-memrl-train-memrl-sglang,task-6905333b74f22949d97baa1a,3531.8299248218536,90,5442831,6757,0,False,3448.7976717948914,83.03225302696228,30.76226282119751,580.5505009755658,44.866361965728665,2823.380808853597,10185,916650,115.52013652404051,4,3,567.1933202471006
20260927T223652.422958675Z-hermes-sweatlasqa-memrl-train-memrl-sglang,task-6905333b74f22949d97baa1a,5928.9185090065,90,6549148,31679,0,True,5282.730233430862,646.1882755756378,29.954371213912964,750.348399914861,217.05747573114192,4315.32435778486,13458,1211220,167.03672664569945,5,4,735.5496601030966
20260927T223652.422958675Z-hermes-sweatlasqa-memrl-train-memrl-sglang,task-6905333b74f22949d97baa20,2859.5182189941406,31,1099273,4573,0,False,2848.0378670692444,11.48035192489624,117.42821002006531,101.7079817887992,28.39362629051871,2717.9362589899265,0,0,0.0,0,0,95.01006722669413
20260927T223652.422958675Z-hermes-sweatlasqa-memrl-train-memrl-sglang,task-6905333b74f22949d97baa20,683.5889251232147,12,441203,3696,0,False,676.2532403469086,7.335684776306152,70.77353596687317,39.4184549871439,23.031557739747438,613.8032276200172,14233,170796,16.622991532506347,5,4,34.63635107794192
20260927T223652.422958675Z-hermes-sweatlasqa-memrl-train-memrl-sglang,task-6905333b74f22949d97baa24,3740.5182089805603,68,5531497,10217,0,True,3705.4971871376038,35.02102184295654,74.23091387748718,667.577668139407,71.514523048962,2966.4049959492345,14160,962880,141.62213209992683,5,5,653.1615637056137
20260927T223652.422958675Z-hermes-sweatlasqa-memrl-train-memrl-sglang,task-6905333b74f22949d97baa24,3239.1261150836945,90,5599632,7876,0,False,3150.485104084015,88.64101099967957,62.86775088310242,597.220139037457,52.53292646368612,2500.7320385828716,14477,1302930,163.61409789423627,5,3,583.8548562541458
20260927T223652.422958675Z-hermes-sweatlasqa-memrl-train-memrl-sglang,task-6905333b74f22949d97baa27,2838.232677936554,21,1503875,6156,0,False,2828.0096347332,10.223043203353882,122.69892501831055,179.34889768920831,42.057015757421944,2606.60372128657,0,0,0.0,0,0,168.23416784585007
20260927T223652.422958675Z-hermes-sweatlasqa-memrl-train-memrl-sglang,task-6905333b74f22949d97baa27,2265.5935010910034,21,1331461,9788,0,False,2256.9364054203033,8.657095670700073,34.13527297973633,142.32126506967145,65.48577386034967,2049.1293664902823,18258,383418,47.84555842788363,5,5,133.55898595817473
20260927T223652.422958675Z-hermes-sweatlasqa-memrl-train-memrl-sglang,task-6905333b74f22949d97baa2d,2680.479952096939,28,1516381,8833,0,False,2668.4398493766785,12.04010272026062,81.66815185546875,160.82219292049706,57.68920694651711,2449.9284495096645,0,0,0.0,0,0,151.78289075914472
20260927T223652.422958675Z-hermes-sweatlasqa-memrl-train-memrl-sglang,task-6905333b74f22949d97baa2d,1430.6476628780365,27,1861421,7586,0,False,1418.1483116149902,12.499351263046265,33.23876190185547,208.17878621581977,51.477406801371714,1158.4921185977987,14773,398871,53.012711036245165,5,5,198.1065300874253
20260928T063744.387943892Z-hermes-sweatlasqa-memrl-replay-memrl-sglang,task-6905333b74f22949d97ba999,7606.908231019974,42,1961752,18131,0,False,7565.574583530426,41.33364748954773,98.3021011352539,188.18664105869763,116.08864589247814,7261.299296579251,14031,589302,63.954612037579274,5,5,180.08807880457303
20260928T063744.387943892Z-hermes-sweatlasqa-memrl-replay-memrl-sglang,task-6905333b74f22949d97ba9a2,8627.360982894897,67,3010014,15268,0,False,8588.630996227264,38.72998666763306,69.23532009124756,284.7119476553573,97.28852116969088,8206.630527402216,14142,947514,100.88745386729128,5,4,275.1528249899994
20260928T063744.387943892Z-hermes-sweatlasqa-memrl-replay-memrl-sglang,task-6905333b74f22949d97ba9a6,10800.000690221786,53,3740010,25865,0,False,10770.956944465637,29.043745756149292,83.49668502807617,441.0925592040834,176.23988339938336,10153.62450186217,0,0,0.0,0,0,428.2133834734121
20260928T063744.387943892Z-hermes-sweatlasqa-memrl-replay-memrl-sglang,task-6905333b74f22949d97ba9a9,4215.412827014923,48,2228853,7820,0,False,4192.890973806381,22.52185320854187,124.10184502601624,213.25761662252978,50.03276105349592,3929.6005961303554,14132,678336,73.37168220605972,5,5,204.79542973362737
20260928T063744.387943892Z-hermes-sweatlasqa-memrl-replay-memrl-sglang,task-6905333b74f22949d97ba9ac,4979.686756849289,50,2431689,8580,0,False,4957.245726585388,22.441030263900757,103.69611883163452,236.40575053739818,55.22041207286841,4665.619563975121,14132,706600,78.1619333076809,5,5,227.51799464276425
20260928T063744.387943892Z-hermes-sweatlasqa-memrl-replay-memrl-sglang,task-6905333b74f22949d97ba9ad,4487.233602046967,30,2290462,9526,0,False,4470.221633434296,17.0119686126709,65.02618098258972,269.9001935468931,65.85769507950606,4134.463744807897,12866,385980,54.89826643239858,5,4,258.5186131594971
20260928T063744.387943892Z-hermes-sweatlasqa-memrl-replay-memrl-sglang,task-6905333b74f22949d97ba9b3,7552.344130039215,79,3509407,13628,0,False,7489.38134765625,62.96278238296509,84.59909701347351,332.5593729071761,86.72031282865882,7070.101661920415,12010,948790,101.6193356311273,5,4,322.14093340672747
20260928T063744.387943892Z-hermes-sweatlasqa-memrl-replay-memrl-sglang,task-6905333b74f22949d97ba9b6,4286.515975952148,35,1723190,9987,0,False,4254.10823059082,32.407745361328125,86.27485990524292,173.23789369536317,64.37906945607723,4016.49126743938,4986,174510,20.310550545926787,2,2,164.75529826327238
20260928T063744.387943892Z-hermes-sweatlasqa-memrl-replay-memrl-sglang,task-6905333b74f22949d97ba9bd,7844.584208011627,24,1280144,22066,0,False,7830.392596721649,14.191611289978027,83.72635197639465,128.60923640023896,143.80458738001667,7557.978772941394,15007,360168,41.555002293962225,5,5,120.87438173491697
20260928T063744.387943892Z-hermes-sweatlasqa-memrl-replay-memrl-sglang,task-6905333b74f22949d97ba9c3,6694.712265014648,28,1442471,18019,0,False,6673.902678966522,20.80958604812622,66.18543481826782,142.88512005033726,116.86437992344243,6414.153178992742,15172,424816,48.11136005918381,5,5,135.14916529086676
20260928T063744.387943892Z-hermes-sweatlasqa-memrl-replay-memrl-sglang,task-6905333b74f22949d97ba9cf,6875.353619813919,48,2392270,14494,0,False,6844.508623838425,30.844995975494385,103.14416885375977,234.35539683014116,93.58356075654028,6516.569666251743,14468,694464,77.62275267153156,5,4,225.4651941351167
20260928T063744.387943892Z-hermes-sweatlasqa-memrl-replay-memrl-sglang,task-6905333b74f22949d97ba9d4,4439.752171993256,24,1060535,9838,0,False,4425.583283662796,14.168888330459595,106.31423115730286,99.46622901026892,62.56340516404106,4263.553649488486,16063,385512,40.318117815389805,5,5,93.00594032304828
20260928T063744.387943892Z-hermes-sweatlasqa-memrl-replay-memrl-sglang,task-6905333b74f22949d97ba9db,3481.6237120628357,19,1078107,7294,0,False,3471.6578755378723,9.965836524963379,91.49231004714966,110.78194821122752,47.96283803291896,3312.9130892937255,16063,305197,36.1912075554746,5,5,102.93836402870672
20260928T063744.387943892Z-hermes-sweatlasqa-memrl-replay-memrl-sglang,task-6905333b74f22949d97ba9dd,3442.0446829795837,15,773701,8051,0,False,3431.008247613907,11.03643536567688,117.8871169090271,76.70864185586824,52.22449674121986,3302.0751090168187,16265,243975,27.499227682977523,5,5,69.81540021400409
20260928T063744.387943892Z-hermes-sweatlasqa-memrl-replay-memrl-sglang,task-6905333b74f22949d97ba9de,5880.107033967972,26,1755101,14784,0,False,5864.005871772766,16.10116219520569,90.63506984710693,194.48651614048532,99.95570513004812,5569.563650502233,14725,382850,50.279847119359815,5,5,184.67095550997547
20260928T063744.387943892Z-hermes-sweatlasqa-memrl-replay-memrl-sglang,task-6905333b74f22949d97ba9e7,4938.908311843872,48,3329235,7143,0,False,4918.29031252861,20.61799931526184,66.55327773094177,370.0739555406458,48.52266633939978,4499.693690648565,17345,832560,109.84663160324988,5,5,358.7334929371914
20260928T063744.387943892Z-hermes-sweatlasqa-memrl-replay-memrl-sglang,task-6905333b74f22949d97ba9ee,4474.468533039093,13,764168,11839,0,False,4469.068518161774,5.400014877319336,115.2363018989563,79.8763742419839,78.26525724159634,4310.926886678193,16201,210613,25.438012006222557,5,5,72.05821103197037
20260928T063744.387943892Z-hermes-sweatlasqa-memrl-replay-memrl-sglang,task-6905333b74f22949d97ba9f7,4970.874686956406,47,2822833,9125,0,False,4940.434228420258,30.44045853614807,68.7277090549469,294.6246550368797,60.52449558184902,4585.285077801529,17719,832793,101.06755548940016,5,5,284.6058907773262
20260928T063744.387943892Z-hermes-sweatlasqa-memrl-replay-memrl-sglang,task-6905333b74f22949d97ba9ff,6388.932828903198,41,2115414,13532,0,False,6331.854351520538,57.07847738265991,84.47962594032288,208.20566156523225,87.78174033108478,6035.866949624222,17719,726479,81.30732222671567,5,5,199.7078173547724
20260928T063744.387943892Z-hermes-sweatlasqa-memrl-replay-memrl-sglang,task-6905333b74f22949d97baa02,5197.773031949997,54,2409405,8232,0,False,5163.221172094345,34.551859855651855,98.34903073310852,225.06383093035242,52.411209518413436,4885.746131645579,18228,984312,102.22595916095794,5,5,216.6302283819897
20260928T063744.387943892Z-hermes-sweatlasqa-memrl-replay-memrl-sglang,task-6905333b74f22949d97baa06,4020.0666511058807,25,2041534,7037,0,False,4009.8493869304657,10.217264175415039,141.78397297859192,246.222490829991,49.294207872224504,3714.3326882282504,16901,422525,61.64876992725448,5,5,234.61182651027536
20260928T063744.387943892Z-hermes-sweatlasqa-memrl-replay-memrl-sglang,task-6905333b74f22949d97baa0c,4254.47905087471,34,2348045,7918,0,False,4123.820546388626,130.65850448608398,77.43412590026855,264.950579860242,53.746490697857446,3805.1234758305263,11540,392360,52.90658339189845,5,3,254.24712390158157
20260928T063744.387943892Z-hermes-sweatlasqa-memrl-replay-memrl-sglang,task-6905333b74f22949d97baa11,6481.5835750103,36,1788062,15974,0,False,6405.825820446014,75.75775456428528,153.98047995567322,174.01945452248142,103.09254660996257,6128.713819313571,16548,595728,65.78241698203273,5,5,166.06967425572878
20260928T063744.387943892Z-hermes-sweatlasqa-memrl-replay-memrl-sglang,task-6905333b74f22949d97baa14,2154.067046880722,14,884909,5897,0,False,2146.794756412506,7.272290468215942,77.02422595024109,95.47260566960888,39.43354746608011,2011.8886032768169,15655,219170,27.619975532969708,5,5,86.94119893342801
20260928T063744.387943892Z-hermes-sweatlasqa-memrl-replay-memrl-sglang,task-6905333b74f22949d97baa19,10800.00078701973,49,4674317,24440,0,False,9890.806895017624,909.1938920021057,93.1927239894867,637.4710446549624,176.98512978884435,9076.350720573819,0,0,0.0,0,0,621.4686904305653
20260928T063744.387943892Z-hermes-sweatlasqa-memrl-replay-memrl-sglang,task-6905333b74f22949d97baa1a,10800.001008033752,74,3435389,20621,0,False,10019.73066163063,780.270346403122,64.32215404510498,344.33618415742467,131.93056958370934,9543.463907889496,0,0,0.0,0,0,333.26124187008327
20260928T063744.387943892Z-hermes-sweatlasqa-memrl-replay-memrl-sglang,task-6905333b74f22949d97baa20,853.1505401134491,8,296224,2473,0,False,850.3521625995636,2.798377513885498,66.11278581619263,26.565749969617066,15.421579726176986,808.3648329037695,14537,116296,11.332840111953768,5,5,21.98738841788187
20260928T063744.387943892Z-hermes-sweatlasqa-memrl-replay-memrl-sglang,task-6905333b74f22949d97baa24,9942.59799695015,90,5695295,14019,0,True,9740.687011003494,201.91098594665527,54.78066611289978,612.7787463131864,93.76348422646397,9034.144780463845,13861,1247490,158.55952153400744,5,4,599.2439009445054
20260928T063744.387943892Z-hermes-sweatlasqa-memrl-replay-memrl-sglang,task-6905333b74f22949d97baa27,3852.4108760356903,22,1321745,9335,0,False,3844.6384885311127,7.772387504577637,66.24913096427917,139.04969300692983,61.920450730736576,3643.668344793446,15649,344278,42.186185173934554,5,5,130.54811634905897
20260928T063744.387943892Z-hermes-sweatlasqa-memrl-replay-memrl-sglang,task-6905333b74f22949d97baa2d,3082.4068219661713,22,1434185,6551,0,False,3070.0538189411163,12.353003025054932,69.27159595489502,156.35210784177485,44.030642333211865,2869.67106876613,15443,339746,43.60634327313029,5,5,147.12703293612873
