run_dir,task_id,occurrence,call_seq,note_rank,note_id,similarity,via,note_text_snippet,source_repository,note_timestamp,question,bucket,delta,sim_mean,llm_relevant,llm_reason
20260913T035631.013586628Z-openclaw-sweatlasqa-pilot30-ctxlimit-amem-repo-sglang,task-6905333b74f22949d97ba9a4,1,3,1,9a1b64f2-4487-46c4-b048-5d66695239c6,49.834234,match,"SimpleLogin codebase exploration started. Key entry points: server.py (Flask app), wsgi.py (gunicorn), email_handler.py (aiosmtpd SMTP), cron.py (scheduled jobs).",simple-login/app,2026-09-13T04:02:50.746Z,"I'm trying to understand what actually happens when SimpleLogin is started locally in development environment. I'm wondering how the backend starts up in dev mode, how configuration is loaded, which log messages indicate that it's ready to accept requests, and what ports or endpoints it exposes. 

I’m interested in how a single authenticated request is handled by the app, where the request first enters the application, how the user identity is determined at runtime, and how that authentication context is carried through request handling. The entry point and user identification flow are my main concerns here. I also want to know whether the app automatically starts any background jobs or schedulers, or if there’s anything going on besides handling incoming requests.

I'm not looking for what the code says should happen, I want to know what actually gets printed when you run it. Please don’t modify any repository source files while investigating. Temporary scripts are fine if needed, but leave the codebase unchanged and clean up anything you create when you’re done.",,,49.9689875,False,"The note only lists file names and their general roles without providing the specific runtime details, log messages, port configurations, or request handling flows requested by the user."
20260913T035631.013586628Z-openclaw-sweatlasqa-pilot30-ctxlimit-amem-repo-sglang,task-6905333b74f22949d97ba9a4,1,3,2,d2d6fff0-14fd-4f37-a6fd-b99d949553be,64.38624,match,"SimpleLogin dev startup: server.py runs `local_main()` which calls `create_app()` and runs Flask dev server on port 7777. Config loaded from .env via python-dotenv. Log format: %(asctime)s - %(name)s - %(levelname)s - %(process)d - ""%(pathname)s:%(lineno)d"" - %(funcName)s() - %(message_id)s - %(mess",simple-login/app,2026-09-13T04:22:23.246Z,"I'm trying to understand what actually happens when SimpleLogin is started locally in development environment. I'm wondering how the backend starts up in dev mode, how configuration is loaded, which log messages indicate that it's ready to accept requests, and what ports or endpoints it exposes. 

I’m interested in how a single authenticated request is handled by the app, where the request first enters the application, how the user identity is determined at runtime, and how that authentication context is carried through request handling. The entry point and user identification flow are my main concerns here. I also want to know whether the app automatically starts any background jobs or schedulers, or if there’s anything going on besides handling incoming requests.

I'm not looking for what the code says should happen, I want to know what actually gets printed when you run it. Please don’t modify any repository source files while investigating. Temporary scripts are fine if needed, but leave the codebase unchanged and clean up anything you create when you’re done.",,,49.9689875,True,"The note provides specific details about the startup process, configuration loading, and the port used, which directly addresses the user's questions about how the backend starts and what endpoints are exposed."
20260913T035631.013586628Z-openclaw-sweatlasqa-pilot30-ctxlimit-amem-repo-sglang,task-6905333b74f22949d97ba9a4,1,3,3,335557ea-75de-4375-bff0-9a2cf5b896d5,43.47855,match,"Background jobs: cron.py runs individual cron jobs via CLI args (-j), called from Kubernetes CronJobs per crontab.yml. job_runner.py runs continuously (while True, 10s sleep) processing the Job table (onboarding, delete account, etc.). monitoring.py runs continuously polling Postfix/DB metrics. even",simple-login/app,2026-09-13T04:23:20.594Z,"I'm trying to understand what actually happens when SimpleLogin is started locally in development environment. I'm wondering how the backend starts up in dev mode, how configuration is loaded, which log messages indicate that it's ready to accept requests, and what ports or endpoints it exposes. 

I’m interested in how a single authenticated request is handled by the app, where the request first enters the application, how the user identity is determined at runtime, and how that authentication context is carried through request handling. The entry point and user identification flow are my main concerns here. I also want to know whether the app automatically starts any background jobs or schedulers, or if there’s anything going on besides handling incoming requests.

I'm not looking for what the code says should happen, I want to know what actually gets printed when you run it. Please don’t modify any repository source files while investigating. Temporary scripts are fine if needed, but leave the codebase unchanged and clean up anything you create when you’re done.",,,49.9689875,True,"The note directly addresses the user's specific question about whether the app automatically starts background jobs or schedulers, confirming the existence and behavior of job_runner.py and monitoring.py."
20260913T035631.013586628Z-openclaw-sweatlasqa-pilot30-ctxlimit-amem-repo-sglang,task-6905333b74f22949d97ba9a4,1,3,4,2514d946-e096-42d2-ad90-eefa5a43a83f,42.176926,match,"Auth flow: Flask-Login with RedisSessionStore. login_manager.user_loader on User.get_by(alternative_id). After login, `login_user(user)` sets `_user_id` in session. `@login_required` decorator checks `current_user.is_authenticated`. API uses `require_api_auth` which reads `Authentication` header and",simple-login/app,2026-09-13T04:22:52.484Z,"I'm trying to understand what actually happens when SimpleLogin is started locally in development environment. I'm wondering how the backend starts up in dev mode, how configuration is loaded, which log messages indicate that it's ready to accept requests, and what ports or endpoints it exposes. 

I’m interested in how a single authenticated request is handled by the app, where the request first enters the application, how the user identity is determined at runtime, and how that authentication context is carried through request handling. The entry point and user identification flow are my main concerns here. I also want to know whether the app automatically starts any background jobs or schedulers, or if there’s anything going on besides handling incoming requests.

I'm not looking for what the code says should happen, I want to know what actually gets printed when you run it. Please don’t modify any repository source files while investigating. Temporary scripts are fine if needed, but leave the codebase unchanged and clean up anything you create when you’re done.",,,49.9689875,True,"The note describes the authentication flow and user identity determination, which directly addresses the user's specific questions about how user identity is determined and how authentication context is carried, although it lacks details on startup, logging, and background jobs."
20260913T035631.013586628Z-openclaw-sweatlasqa-pilot30-ctxlimit-amem-repo-sglang,task-6905333b74f22949d97ba9a4,1,4,1,9a1b64f2-4487-46c4-b048-5d66695239c6,55.69552,match,"SimpleLogin codebase exploration started. Key entry points: server.py (Flask app), wsgi.py (gunicorn), email_handler.py (aiosmtpd SMTP), cron.py (scheduled jobs).",simple-login/app,2026-09-13T04:02:50.746Z,"I'm trying to understand what actually happens when SimpleLogin is started locally in development environment. I'm wondering how the backend starts up in dev mode, how configuration is loaded, which log messages indicate that it's ready to accept requests, and what ports or endpoints it exposes. 

I’m interested in how a single authenticated request is handled by the app, where the request first enters the application, how the user identity is determined at runtime, and how that authentication context is carried through request handling. The entry point and user identification flow are my main concerns here. I also want to know whether the app automatically starts any background jobs or schedulers, or if there’s anything going on besides handling incoming requests.

I'm not looking for what the code says should happen, I want to know what actually gets printed when you run it. Please don’t modify any repository source files while investigating. Temporary scripts are fine if needed, but leave the codebase unchanged and clean up anything you create when you’re done.",,,57.454595000000005,False,"The note only lists file names and their general roles without providing the specific runtime details, log messages, port configurations, or request handling flows requested."
20260913T035631.013586628Z-openclaw-sweatlasqa-pilot30-ctxlimit-amem-repo-sglang,task-6905333b74f22949d97ba9a4,1,4,2,e711b188-4581-4be4-991a-e4fdc57b6728,65.67626,match,"SimpleLogin email forwarding: email_handler.py is a separate process running aiosmtpd.Controller. MailHandler class implements async handle_DATA() which calls handle() -> handle_forward() or handle_reply(). handle_forward() looks up alias by rcpt_to, finds user's mailboxes, creates EmailLog, then ca",simple-login/app,2026-09-13T04:48:54.987Z,"I'm trying to understand what actually happens when SimpleLogin is started locally in development environment. I'm wondering how the backend starts up in dev mode, how configuration is loaded, which log messages indicate that it's ready to accept requests, and what ports or endpoints it exposes. 

I’m interested in how a single authenticated request is handled by the app, where the request first enters the application, how the user identity is determined at runtime, and how that authentication context is carried through request handling. The entry point and user identification flow are my main concerns here. I also want to know whether the app automatically starts any background jobs or schedulers, or if there’s anything going on besides handling incoming requests.

I'm not looking for what the code says should happen, I want to know what actually gets printed when you run it. Please don’t modify any repository source files while investigating. Temporary scripts are fine if needed, but leave the codebase unchanged and clean up anything you create when you’re done.",,,57.454595000000005,False,"The note describes the email forwarding subsystem and SMTP handling, which is unrelated to the question's focus on the backend application startup, configuration loading, HTTP entry points, and authentication context flow."
20260913T035631.013586628Z-openclaw-sweatlasqa-pilot30-ctxlimit-amem-repo-sglang,task-6905333b74f22949d97ba9a4,1,4,3,d2d6fff0-14fd-4f37-a6fd-b99d949553be,58.75212,match,"SimpleLogin dev startup: server.py runs `local_main()` which calls `create_app()` and runs Flask dev server on port 7777. Config loaded from .env via python-dotenv. Log format: %(asctime)s - %(name)s - %(levelname)s - %(process)d - ""%(pathname)s:%(lineno)d"" - %(funcName)s() - %(message_id)s - %(mess",simple-login/app,2026-09-13T04:22:23.246Z,"I'm trying to understand what actually happens when SimpleLogin is started locally in development environment. I'm wondering how the backend starts up in dev mode, how configuration is loaded, which log messages indicate that it's ready to accept requests, and what ports or endpoints it exposes. 

I’m interested in how a single authenticated request is handled by the app, where the request first enters the application, how the user identity is determined at runtime, and how that authentication context is carried through request handling. The entry point and user identification flow are my main concerns here. I also want to know whether the app automatically starts any background jobs or schedulers, or if there’s anything going on besides handling incoming requests.

I'm not looking for what the code says should happen, I want to know what actually gets printed when you run it. Please don’t modify any repository source files while investigating. Temporary scripts are fine if needed, but leave the codebase unchanged and clean up anything you create when you’re done.",,,57.454595000000005,True,"The note provides specific details about the startup process, configuration loading, and the port used, which directly addresses the user's questions about how the backend starts and what endpoints are exposed."
20260913T035631.013586628Z-openclaw-sweatlasqa-pilot30-ctxlimit-amem-repo-sglang,task-6905333b74f22949d97ba9a4,1,4,4,335557ea-75de-4375-bff0-9a2cf5b896d5,58.848670000000006,match,"Background jobs: cron.py runs individual cron jobs via CLI args (-j), called from Kubernetes CronJobs per crontab.yml. job_runner.py runs continuously (while True, 10s sleep) processing the Job table (onboarding, delete account, etc.). monitoring.py runs continuously polling Postfix/DB metrics. even",simple-login/app,2026-09-13T04:23:20.594Z,"I'm trying to understand what actually happens when SimpleLogin is started locally in development environment. I'm wondering how the backend starts up in dev mode, how configuration is loaded, which log messages indicate that it's ready to accept requests, and what ports or endpoints it exposes. 

I’m interested in how a single authenticated request is handled by the app, where the request first enters the application, how the user identity is determined at runtime, and how that authentication context is carried through request handling. The entry point and user identification flow are my main concerns here. I also want to know whether the app automatically starts any background jobs or schedulers, or if there’s anything going on besides handling incoming requests.

I'm not looking for what the code says should happen, I want to know what actually gets printed when you run it. Please don’t modify any repository source files while investigating. Temporary scripts are fine if needed, but leave the codebase unchanged and clean up anything you create when you’re done.",,,57.454595000000005,True,"The note directly addresses the user's specific question about whether the app automatically starts background jobs or schedulers, identifying the specific modules and their execution patterns."
20260913T035631.013586628Z-openclaw-sweatlasqa-pilot30-ctxlimit-amem-repo-sglang,task-6905333b74f22949d97ba9a4,1,4,5,90e1020a-6459-4492-9298-02cd1512b452,58.78787,match,SimpleLogin auth flow details: Flask-Login + custom Redis session. Module-level db.py creates engine and scoped_session. Server-level login_manager.user_loader calls User.get_by(alternative_id=). API layer sets g.user = current_user or g.user = api_key.user. @login_required uses Flask-Login's login_,simple-login/app,2026-09-13T04:48:19.288Z,"I'm trying to understand what actually happens when SimpleLogin is started locally in development environment. I'm wondering how the backend starts up in dev mode, how configuration is loaded, which log messages indicate that it's ready to accept requests, and what ports or endpoints it exposes. 

I’m interested in how a single authenticated request is handled by the app, where the request first enters the application, how the user identity is determined at runtime, and how that authentication context is carried through request handling. The entry point and user identification flow are my main concerns here. I also want to know whether the app automatically starts any background jobs or schedulers, or if there’s anything going on besides handling incoming requests.

I'm not looking for what the code says should happen, I want to know what actually gets printed when you run it. Please don’t modify any repository source files while investigating. Temporary scripts are fine if needed, but leave the codebase unchanged and clean up anything you create when you’re done.",,,57.454595000000005,True,"The note describes the specific authentication mechanism (Flask-Login, Redis sessions, user loader) and how user identity is determined and carried through requests, which directly addresses the user's core questions about the entry point and user identification flow."
20260913T035631.013586628Z-openclaw-sweatlasqa-pilot30-ctxlimit-amem-repo-sglang,task-6905333b74f22949d97ba9a4,1,4,6,2514d946-e096-42d2-ad90-eefa5a43a83f,46.96713,link,"Auth flow: Flask-Login with RedisSessionStore. login_manager.user_loader on User.get_by(alternative_id). After login, `login_user(user)` sets `_user_id` in session. `@login_required` decorator checks `current_user.is_authenticated`. API uses `require_api_auth` which reads `Authentication` header and",simple-login/app,2026-09-13T04:22:52.484Z,"I'm trying to understand what actually happens when SimpleLogin is started locally in development environment. I'm wondering how the backend starts up in dev mode, how configuration is loaded, which log messages indicate that it's ready to accept requests, and what ports or endpoints it exposes. 

I’m interested in how a single authenticated request is handled by the app, where the request first enters the application, how the user identity is determined at runtime, and how that authentication context is carried through request handling. The entry point and user identification flow are my main concerns here. I also want to know whether the app automatically starts any background jobs or schedulers, or if there’s anything going on besides handling incoming requests.

I'm not looking for what the code says should happen, I want to know what actually gets printed when you run it. Please don’t modify any repository source files while investigating. Temporary scripts are fine if needed, but leave the codebase unchanged and clean up anything you create when you’re done.",,,57.454595000000005,True,"The note describes the authentication flow and user identity determination, which directly addresses the user's specific concern about how user identity is determined and carried through request handling."
20260913T035631.013586628Z-openclaw-sweatlasqa-pilot30-ctxlimit-amem-repo-sglang,task-6905333b74f22949d97ba9a5,2,1,1,90e1020a-6459-4492-9298-02cd1512b452,48.73165,match,SimpleLogin auth flow details: Flask-Login + custom Redis session. Module-level db.py creates engine and scoped_session. Server-level login_manager.user_loader calls User.get_by(alternative_id=). API layer sets g.user = current_user or g.user = api_key.user. @login_required uses Flask-Login's login_,simple-login/app,2026-09-13T04:48:19.288Z,"I am debugging intermittent validation failures during custom alias creation that don't match the expected behavior, which seems related to how signed suffixes are verified. When attempting to create custom aliases with invalid or expired signed suffixes, what exact HTTP status codes and error messages appear in the API responses, and what corresponding validation log entries show up in the server console? Check whether any rate-limiting headers appear in the responses and what their actual values are. For successful alias creation attempts, what quota-related checks occur, what specific values get logged when the system verifies whether the user can create more aliases? Trace through the execution path to identify which component validates signed suffixes and enforces creation limits, and what conditions trigger rejection. Don't modify the repository code temporary test scripts or API calls are fine but keep the codebase unchanged.",degraded,-0.0769230769230768,40.068233166666666,False,"The note describes general authentication and session management infrastructure, but contains no information about custom alias creation, signed suffix validation, HTTP status codes, error messages, rate-limiting headers, or quota checks."
20260913T035631.013586628Z-openclaw-sweatlasqa-pilot30-ctxlimit-amem-repo-sglang,task-6905333b74f22949d97ba9a5,2,1,2,e711b188-4581-4be4-991a-e4fdc57b6728,39.723372,match,"SimpleLogin email forwarding: email_handler.py is a separate process running aiosmtpd.Controller. MailHandler class implements async handle_DATA() which calls handle() -> handle_forward() or handle_reply(). handle_forward() looks up alias by rcpt_to, finds user's mailboxes, creates EmailLog, then ca",simple-login/app,2026-09-13T04:48:54.987Z,"I am debugging intermittent validation failures during custom alias creation that don't match the expected behavior, which seems related to how signed suffixes are verified. When attempting to create custom aliases with invalid or expired signed suffixes, what exact HTTP status codes and error messages appear in the API responses, and what corresponding validation log entries show up in the server console? Check whether any rate-limiting headers appear in the responses and what their actual values are. For successful alias creation attempts, what quota-related checks occur, what specific values get logged when the system verifies whether the user can create more aliases? Trace through the execution path to identify which component validates signed suffixes and enforces creation limits, and what conditions trigger rejection. Don't modify the repository code temporary test scripts or API calls are fine but keep the codebase unchanged.",degraded,-0.0769230769230768,40.068233166666666,False,"The note describes the email forwarding handler and SMTP processing logic, which is unrelated to the HTTP API validation, signed suffix verification, and alias creation rate-limiting mechanisms queried."
20260913T035631.013586628Z-openclaw-sweatlasqa-pilot30-ctxlimit-amem-repo-sglang,task-6905333b74f22949d97ba9a5,2,1,3,9a1b64f2-4487-46c4-b048-5d66695239c6,35.404265,match,"SimpleLogin codebase exploration started. Key entry points: server.py (Flask app), wsgi.py (gunicorn), email_handler.py (aiosmtpd SMTP), cron.py (scheduled jobs).",simple-login/app,2026-09-13T04:02:50.746Z,"I am debugging intermittent validation failures during custom alias creation that don't match the expected behavior, which seems related to how signed suffixes are verified. When attempting to create custom aliases with invalid or expired signed suffixes, what exact HTTP status codes and error messages appear in the API responses, and what corresponding validation log entries show up in the server console? Check whether any rate-limiting headers appear in the responses and what their actual values are. For successful alias creation attempts, what quota-related checks occur, what specific values get logged when the system verifies whether the user can create more aliases? Trace through the execution path to identify which component validates signed suffixes and enforces creation limits, and what conditions trigger rejection. Don't modify the repository code temporary test scripts or API calls are fine but keep the codebase unchanged.",degraded,-0.0769230769230768,40.068233166666666,False,"The note only lists general entry points for the SimpleLogin codebase and contains no specific details about alias creation validation, signed suffix verification, HTTP status codes, error messages, or rate-limiting headers."
20260913T035631.013586628Z-openclaw-sweatlasqa-pilot30-ctxlimit-amem-repo-sglang,task-6905333b74f22949d97ba9a5,2,1,4,2514d946-e096-42d2-ad90-eefa5a43a83f,44.050223,match,"Auth flow: Flask-Login with RedisSessionStore. login_manager.user_loader on User.get_by(alternative_id). After login, `login_user(user)` sets `_user_id` in session. `@login_required` decorator checks `current_user.is_authenticated`. API uses `require_api_auth` which reads `Authentication` header and",simple-login/app,2026-09-13T04:22:52.484Z,"I am debugging intermittent validation failures during custom alias creation that don't match the expected behavior, which seems related to how signed suffixes are verified. When attempting to create custom aliases with invalid or expired signed suffixes, what exact HTTP status codes and error messages appear in the API responses, and what corresponding validation log entries show up in the server console? Check whether any rate-limiting headers appear in the responses and what their actual values are. For successful alias creation attempts, what quota-related checks occur, what specific values get logged when the system verifies whether the user can create more aliases? Trace through the execution path to identify which component validates signed suffixes and enforces creation limits, and what conditions trigger rejection. Don't modify the repository code temporary test scripts or API calls are fine but keep the codebase unchanged.",degraded,-0.0769230769230768,40.068233166666666,False,"The note describes general authentication flow and session management, but does not contain specific details about alias creation validation, signed suffix verification, HTTP status codes, error messages, rate-limiting headers, or quota-related logging."
20260913T035631.013586628Z-openclaw-sweatlasqa-pilot30-ctxlimit-amem-repo-sglang,task-6905333b74f22949d97ba9a5,2,1,5,d2d6fff0-14fd-4f37-a6fd-b99d949553be,39.181447000000006,match,"SimpleLogin dev startup: server.py runs `local_main()` which calls `create_app()` and runs Flask dev server on port 7777. Config loaded from .env via python-dotenv. Log format: %(asctime)s - %(name)s - %(levelname)s - %(process)d - ""%(pathname)s:%(lineno)d"" - %(funcName)s() - %(message_id)s - %(mess",simple-login/app,2026-09-13T04:22:23.246Z,"I am debugging intermittent validation failures during custom alias creation that don't match the expected behavior, which seems related to how signed suffixes are verified. When attempting to create custom aliases with invalid or expired signed suffixes, what exact HTTP status codes and error messages appear in the API responses, and what corresponding validation log entries show up in the server console? Check whether any rate-limiting headers appear in the responses and what their actual values are. For successful alias creation attempts, what quota-related checks occur, what specific values get logged when the system verifies whether the user can create more aliases? Trace through the execution path to identify which component validates signed suffixes and enforces creation limits, and what conditions trigger rejection. Don't modify the repository code temporary test scripts or API calls are fine but keep the codebase unchanged.",degraded,-0.0769230769230768,40.068233166666666,False,"The note only describes general server startup and logging configuration, lacking specific details on HTTP status codes, error messages, rate-limiting headers, or the validation logic for signed suffixes and alias creation limits."
20260913T035631.013586628Z-openclaw-sweatlasqa-pilot30-ctxlimit-amem-repo-sglang,task-6905333b74f22949d97ba9a5,2,1,6,335557ea-75de-4375-bff0-9a2cf5b896d5,33.318442,link,"Background jobs: cron.py runs individual cron jobs via CLI args (-j), called from Kubernetes CronJobs per crontab.yml. job_runner.py runs continuously (while True, 10s sleep) processing the Job table (onboarding, delete account, etc.). monitoring.py runs continuously polling Postfix/DB metrics. even",simple-login/app,2026-09-13T04:23:20.594Z,"I am debugging intermittent validation failures during custom alias creation that don't match the expected behavior, which seems related to how signed suffixes are verified. When attempting to create custom aliases with invalid or expired signed suffixes, what exact HTTP status codes and error messages appear in the API responses, and what corresponding validation log entries show up in the server console? Check whether any rate-limiting headers appear in the responses and what their actual values are. For successful alias creation attempts, what quota-related checks occur, what specific values get logged when the system verifies whether the user can create more aliases? Trace through the execution path to identify which component validates signed suffixes and enforces creation limits, and what conditions trigger rejection. Don't modify the repository code temporary test scripts or API calls are fine but keep the codebase unchanged.",degraded,-0.0769230769230768,40.068233166666666,False,"The note describes background job infrastructure (cron, job runner, monitoring) and is completely unrelated to API validation logic, HTTP status codes, error messages, or signed suffix verification for alias creation."
20260913T035631.013586628Z-openclaw-sweatlasqa-pilot30-ctxlimit-amem-repo-sglang,task-6905333b74f22949d97ba9d0,16,2,1,37f53f26-9c1c-4df5-a403-aee9426df5e3,79.32050000000001,match,"paperless-ngx uses Django-Q (NOT Celery) for task scheduling. Periodic tasks are registered via Django migrations (not Celery beat). Q_CLUSTER config in settings.py defines worker timeout=1800s, retry=timeout+10s, catch_up=False. Three supervised processes via supervisord: gunicorn (web), document_c",paperless-ngx/paperless-ngx,2026-09-13T15:47:55.935Z,"I'm evaluating paperless-ngx architecture and need to understand what background maintenance happens automatically. Set up the development environment, what periodic tasks are registered with the task scheduler, and where is the schedule configuration defined? Find the sanity checker; what does it validate, what log output does it produce, and how often does it run? Is there automatic index optimization or database cleanup? Check if there's a task that handles failed document retries or stuck processing jobs. Look at the Celery beat schedule configuration and list all recurring tasks with their intervals. Trace through the code to find where periodic tasks are defined and registered. What happens if a scheduled task fails; is there retry logic or alerting? Are there any tasks that run on startup versus strictly on schedule? Query the database to see if there's a table tracking task execution history or scheduled job state. What controls whether these maintenance features are enabled or disabled? Don't modify source code; observing system behavior is fine, clean up any test artifacts when done.",tied,0.0,68.2608834,True,"The note directly corrects the user's false premise about Celery by identifying the actual task scheduler (Django-Q) and pointing to the configuration location, which is essential for answering the question about periodic tasks and schedule configuration."
20260913T035631.013586628Z-openclaw-sweatlasqa-pilot30-ctxlimit-amem-repo-sglang,task-6905333b74f22949d97ba9d0,16,2,2,9e0e5f55-a009-425d-bc7f-581a4219bd62,69.239587,match,"paperless-ngx task execution tracking: Uses django_q framework. Django-Q provides Task model and Schedule model in django_q.models (available in INSTALLED_APPS). Q_CLUSTER settings: catch_up=False (won't catch up missed schedules on restart), workers=count(CPU cores/2), timeout=1800s (5min), retry=1",paperless-ngx/paperless-ngx,2026-09-13T15:48:20.309Z,"I'm evaluating paperless-ngx architecture and need to understand what background maintenance happens automatically. Set up the development environment, what periodic tasks are registered with the task scheduler, and where is the schedule configuration defined? Find the sanity checker; what does it validate, what log output does it produce, and how often does it run? Is there automatic index optimization or database cleanup? Check if there's a task that handles failed document retries or stuck processing jobs. Look at the Celery beat schedule configuration and list all recurring tasks with their intervals. Trace through the code to find where periodic tasks are defined and registered. What happens if a scheduled task fails; is there retry logic or alerting? Are there any tasks that run on startup versus strictly on schedule? Query the database to see if there's a table tracking task execution history or scheduled job state. What controls whether these maintenance features are enabled or disabled? Don't modify source code; observing system behavior is fine, clean up any test artifacts when done.",tied,0.0,68.2608834,True,"The note provides specific details about the task execution framework (Django-Q), including configuration settings for retries, timeouts, and scheduling behavior, which directly addresses questions about retry logic, schedule configuration, and task failure handling."
20260913T035631.013586628Z-openclaw-sweatlasqa-pilot30-ctxlimit-amem-repo-sglang,task-6905333b74f22949d97ba9d0,16,2,3,e15b9611-997d-484c-9459-9028b51753ab,68.49015,match,paperless-ngx periodic tasks: 1) train_classifier - hourly - trains ML classifier for auto-matching tags/correspondents/document types; 2) index_optimize - daily - optimizes Whoosh search index (AsyncWriter.commit with optimize=True); 3) sanity_check - weekly - checks document file integrity; 4) pro,paperless-ngx/paperless-ngx,2026-09-13T15:47:55.936Z,"I'm evaluating paperless-ngx architecture and need to understand what background maintenance happens automatically. Set up the development environment, what periodic tasks are registered with the task scheduler, and where is the schedule configuration defined? Find the sanity checker; what does it validate, what log output does it produce, and how often does it run? Is there automatic index optimization or database cleanup? Check if there's a task that handles failed document retries or stuck processing jobs. Look at the Celery beat schedule configuration and list all recurring tasks with their intervals. Trace through the code to find where periodic tasks are defined and registered. What happens if a scheduled task fails; is there retry logic or alerting? Are there any tasks that run on startup versus strictly on schedule? Query the database to see if there's a table tracking task execution history or scheduled job state. What controls whether these maintenance features are enabled or disabled? Don't modify source code; observing system behavior is fine, clean up any test artifacts when done.",tied,0.0,68.2608834,True,"The note lists specific periodic tasks, their frequencies, and descriptions, which directly addresses the user's request to identify background maintenance tasks, the sanity checker's function, and index optimization."
20260913T035631.013586628Z-openclaw-sweatlasqa-pilot30-ctxlimit-amem-repo-sglang,task-6905333b74f22949d97ba9d0,16,2,4,029f77f4-9f6f-4b89-87c9-dcd60455f221,63.47518,match,"paperless-ngx sanity_checker checks: 1) Thumbnail file existence and readability; 2) Original source file existence, readability, and MD5 checksum match; 3) Archive file existence, checksum consistency (archive_filename/archive_checksum must both exist or both be absent); 4) Detects orphaned files i",paperless-ngx/paperless-ngx,2026-09-13T15:47:55.934Z,"I'm evaluating paperless-ngx architecture and need to understand what background maintenance happens automatically. Set up the development environment, what periodic tasks are registered with the task scheduler, and where is the schedule configuration defined? Find the sanity checker; what does it validate, what log output does it produce, and how often does it run? Is there automatic index optimization or database cleanup? Check if there's a task that handles failed document retries or stuck processing jobs. Look at the Celery beat schedule configuration and list all recurring tasks with their intervals. Trace through the code to find where periodic tasks are defined and registered. What happens if a scheduled task fails; is there retry logic or alerting? Are there any tasks that run on startup versus strictly on schedule? Query the database to see if there's a table tracking task execution history or scheduled job state. What controls whether these maintenance features are enabled or disabled? Don't modify source code; observing system behavior is fine, clean up any test artifacts when done.",tied,0.0,68.2608834,True,"The note provides specific details about the sanity checker's validation logic, which directly answers the part of the question asking what the sanity checker validates."
20260913T035631.013586628Z-openclaw-sweatlasqa-pilot30-ctxlimit-amem-repo-sglang,task-6905333b74f22949d97ba9d0,16,2,5,ae0b9e30-d4fb-4193-a886-3a36cb367495,60.779,match,"paperless-ngx startup behavior: docker-prepare.sh runs on container startup: waits for PostgreSQL/Redis, runs database migrations (flock-locked), reindexes search index if version changed, creates superuser if PAPERLESS_ADMIN_USER set. No Django signal handlers for startup. Document consumer polls/i",paperless-ngx/paperless-ngx,2026-09-13T15:48:20.318Z,"I'm evaluating paperless-ngx architecture and need to understand what background maintenance happens automatically. Set up the development environment, what periodic tasks are registered with the task scheduler, and where is the schedule configuration defined? Find the sanity checker; what does it validate, what log output does it produce, and how often does it run? Is there automatic index optimization or database cleanup? Check if there's a task that handles failed document retries or stuck processing jobs. Look at the Celery beat schedule configuration and list all recurring tasks with their intervals. Trace through the code to find where periodic tasks are defined and registered. What happens if a scheduled task fails; is there retry logic or alerting? Are there any tasks that run on startup versus strictly on schedule? Query the database to see if there's a table tracking task execution history or scheduled job state. What controls whether these maintenance features are enabled or disabled? Don't modify source code; observing system behavior is fine, clean up any test artifacts when done.",tied,0.0,68.2608834,True,"The note describes startup behaviors like reindexing and migration locking, which directly addresses the question's inquiry about tasks that run on startup versus strictly on schedule."
20260913T035631.013586628Z-openclaw-sweatlasqa-pilot30-ctxlimit-amem-repo-sglang,task-6905333b74f22949d97ba9d1,17,1,1,e15b9611-997d-484c-9459-9028b51753ab,61.586106,match,paperless-ngx periodic tasks: 1) train_classifier - hourly - trains ML classifier for auto-matching tags/correspondents/document types; 2) index_optimize - daily - optimizes Whoosh search index (AsyncWriter.commit with optimize=True); 3) sanity_check - weekly - checks document file integrity; 4) pro,paperless-ngx/paperless-ngx,2026-09-13T15:47:55.936Z,"I want to understand how Paperless-NGX keeps its search index synchronized with document changes before I start working with this codebase. With the full environment running, I'm curious what actually happens at runtime when a document gets modified after it's already been ingested. If I change an existing document's title through the API to something unique and then search for that exact new title within a few seconds, does the document appear in results immediately, or do I need to wait for background processing to complete? While making this change, I want to watch what happens in the background task worker process specifically to see whether any job gets picked up in response to the edit, or whether the update completes entirely within the API request before returning. Something I particularly want to explore is what happens if a document's title gets updates directly in the database using a raw SQL statement rather than through the API. After making that direct change and searching for the new title, does the document appear in search results, or does the index remain stale? If it stays stale, I want to know whether there is a way to force the system to reconcile the index with the current database state, and what observable effect that reconciliation process has on the worker logs and task queue. I'm also wondering how the system would behave if the search index became corrupted or deleted entirely while documents still exist in the database. After removing the index files and triggering whatever recovery mechanism exists, how long does reconstruction take for a small set of documents, and what processing activity is visible during that rebuild? The goal is to understand whether the system can self-heal from index inconsistencies or whether manual intervention is always required. You may create temporary test documents for observation, but don't modify any source files and clean up test artifacts when finished.",degraded,-0.125,57.9972542,False,"The note describes periodic background tasks like classifier training and index optimization, but it does not explain the real-time synchronization mechanism or event handling that occurs when a document is modified via the API or database, which is the core of the user's question."
20260913T035631.013586628Z-openclaw-sweatlasqa-pilot30-ctxlimit-amem-repo-sglang,task-6905333b74f22949d97ba9d1,17,1,2,ae0b9e30-d4fb-4193-a886-3a36cb367495,58.29735,match,"paperless-ngx startup behavior: docker-prepare.sh runs on container startup: waits for PostgreSQL/Redis, runs database migrations (flock-locked), reindexes search index if version changed, creates superuser if PAPERLESS_ADMIN_USER set. No Django signal handlers for startup. Document consumer polls/i",paperless-ngx/paperless-ngx,2026-09-13T15:48:20.318Z,"I want to understand how Paperless-NGX keeps its search index synchronized with document changes before I start working with this codebase. With the full environment running, I'm curious what actually happens at runtime when a document gets modified after it's already been ingested. If I change an existing document's title through the API to something unique and then search for that exact new title within a few seconds, does the document appear in results immediately, or do I need to wait for background processing to complete? While making this change, I want to watch what happens in the background task worker process specifically to see whether any job gets picked up in response to the edit, or whether the update completes entirely within the API request before returning. Something I particularly want to explore is what happens if a document's title gets updates directly in the database using a raw SQL statement rather than through the API. After making that direct change and searching for the new title, does the document appear in search results, or does the index remain stale? If it stays stale, I want to know whether there is a way to force the system to reconcile the index with the current database state, and what observable effect that reconciliation process has on the worker logs and task queue. I'm also wondering how the system would behave if the search index became corrupted or deleted entirely while documents still exist in the database. After removing the index files and triggering whatever recovery mechanism exists, how long does reconstruction take for a small set of documents, and what processing activity is visible during that rebuild? The goal is to understand whether the system can self-heal from index inconsistencies or whether manual intervention is always required. You may create temporary test documents for observation, but don't modify any source files and clean up test artifacts when finished.",degraded,-0.125,57.9972542,False,"The note only describes container startup and initialization logic, whereas the question specifically asks about runtime synchronization behavior when an existing document is modified via API or direct SQL."
20260913T035631.013586628Z-openclaw-sweatlasqa-pilot30-ctxlimit-amem-repo-sglang,task-6905333b74f22949d97ba9d1,17,1,3,9e0e5f55-a009-425d-bc7f-581a4219bd62,58.043575,match,"paperless-ngx task execution tracking: Uses django_q framework. Django-Q provides Task model and Schedule model in django_q.models (available in INSTALLED_APPS). Q_CLUSTER settings: catch_up=False (won't catch up missed schedules on restart), workers=count(CPU cores/2), timeout=1800s (5min), retry=1",paperless-ngx/paperless-ngx,2026-09-13T15:48:20.309Z,"I want to understand how Paperless-NGX keeps its search index synchronized with document changes before I start working with this codebase. With the full environment running, I'm curious what actually happens at runtime when a document gets modified after it's already been ingested. If I change an existing document's title through the API to something unique and then search for that exact new title within a few seconds, does the document appear in results immediately, or do I need to wait for background processing to complete? While making this change, I want to watch what happens in the background task worker process specifically to see whether any job gets picked up in response to the edit, or whether the update completes entirely within the API request before returning. Something I particularly want to explore is what happens if a document's title gets updates directly in the database using a raw SQL statement rather than through the API. After making that direct change and searching for the new title, does the document appear in search results, or does the index remain stale? If it stays stale, I want to know whether there is a way to force the system to reconcile the index with the current database state, and what observable effect that reconciliation process has on the worker logs and task queue. I'm also wondering how the system would behave if the search index became corrupted or deleted entirely while documents still exist in the database. After removing the index files and triggering whatever recovery mechanism exists, how long does reconstruction take for a small set of documents, and what processing activity is visible during that rebuild? The goal is to understand whether the system can self-heal from index inconsistencies or whether manual intervention is always required. You may create temporary test documents for observation, but don't modify any source files and clean up test artifacts when finished.",degraded,-0.125,57.9972542,False,"The note only describes the Django-Q configuration and task tracking infrastructure, but does not explain the specific mechanisms for search index synchronization, real-time updates via API, or index recovery procedures requested in the question."
20260913T035631.013586628Z-openclaw-sweatlasqa-pilot30-ctxlimit-amem-repo-sglang,task-6905333b74f22949d97ba9d1,17,1,4,029f77f4-9f6f-4b89-87c9-dcd60455f221,54.63149000000001,match,"paperless-ngx sanity_checker checks: 1) Thumbnail file existence and readability; 2) Original source file existence, readability, and MD5 checksum match; 3) Archive file existence, checksum consistency (archive_filename/archive_checksum must both exist or both be absent); 4) Detects orphaned files i",paperless-ngx/paperless-ngx,2026-09-13T15:47:55.934Z,"I want to understand how Paperless-NGX keeps its search index synchronized with document changes before I start working with this codebase. With the full environment running, I'm curious what actually happens at runtime when a document gets modified after it's already been ingested. If I change an existing document's title through the API to something unique and then search for that exact new title within a few seconds, does the document appear in results immediately, or do I need to wait for background processing to complete? While making this change, I want to watch what happens in the background task worker process specifically to see whether any job gets picked up in response to the edit, or whether the update completes entirely within the API request before returning. Something I particularly want to explore is what happens if a document's title gets updates directly in the database using a raw SQL statement rather than through the API. After making that direct change and searching for the new title, does the document appear in search results, or does the index remain stale? If it stays stale, I want to know whether there is a way to force the system to reconcile the index with the current database state, and what observable effect that reconciliation process has on the worker logs and task queue. I'm also wondering how the system would behave if the search index became corrupted or deleted entirely while documents still exist in the database. After removing the index files and triggering whatever recovery mechanism exists, how long does reconstruction take for a small set of documents, and what processing activity is visible during that rebuild? The goal is to understand whether the system can self-heal from index inconsistencies or whether manual intervention is always required. You may create temporary test documents for observation, but don't modify any source files and clean up test artifacts when finished.",degraded,-0.125,57.9972542,False,"The note describes a sanity check for file integrity and orphaned files, which does not address search index synchronization, API update behavior, or index recovery mechanisms."
20260913T035631.013586628Z-openclaw-sweatlasqa-pilot30-ctxlimit-amem-repo-sglang,task-6905333b74f22949d97ba9d1,17,1,5,37f53f26-9c1c-4df5-a403-aee9426df5e3,57.42775,match,"User is evaluating paperless-ngx architecture with a focus on background maintenance, task scheduling, and the sanity checker functionality. The system uses Django-Q (NOT Celery) for task scheduling, with periodic tasks registered via Django migrations. Q_CLUSTER config in settings.py defines worker",paperless-ngx/paperless-ngx,2026-09-13T15:47:55.935Z,"I want to understand how Paperless-NGX keeps its search index synchronized with document changes before I start working with this codebase. With the full environment running, I'm curious what actually happens at runtime when a document gets modified after it's already been ingested. If I change an existing document's title through the API to something unique and then search for that exact new title within a few seconds, does the document appear in results immediately, or do I need to wait for background processing to complete? While making this change, I want to watch what happens in the background task worker process specifically to see whether any job gets picked up in response to the edit, or whether the update completes entirely within the API request before returning. Something I particularly want to explore is what happens if a document's title gets updates directly in the database using a raw SQL statement rather than through the API. After making that direct change and searching for the new title, does the document appear in search results, or does the index remain stale? If it stays stale, I want to know whether there is a way to force the system to reconcile the index with the current database state, and what observable effect that reconciliation process has on the worker logs and task queue. I'm also wondering how the system would behave if the search index became corrupted or deleted entirely while documents still exist in the database. After removing the index files and triggering whatever recovery mechanism exists, how long does reconstruction take for a small set of documents, and what processing activity is visible during that rebuild? The goal is to understand whether the system can self-heal from index inconsistencies or whether manual intervention is always required. You may create temporary test documents for observation, but don't modify any source files and clean up test artifacts when finished.",degraded,-0.125,57.9972542,True,"The note identifies the specific task scheduling system (Django-Q) and mentions the 'sanity checker,' which is directly relevant to understanding how the system handles background processing, index reconciliation, and self-healing from corruption."
20260913T143407.885544474Z-openclaw-sweatlasqa-pilot30-ctxlimit-amem-repo-sglang,task-6905333b74f22949d97ba9a4,1,2,1,3dc7b925-ebaa-4d20-b6c5-97fc4c9e75bc,61.552240000000005,match,"User wants to understand SimpleLogin's local development startup process, including backend initialization, configuration loading, readiness indicators (log messages), exposed ports/endpoints, and the handling of a single authenticated request.",simple-login/app,2026-09-13T14:38:16.195Z,"I'm trying to understand what actually happens when SimpleLogin is started locally in development environment. I'm wondering how the backend starts up in dev mode, how configuration is loaded, which log messages indicate that it's ready to accept requests, and what ports or endpoints it exposes. 

I’m interested in how a single authenticated request is handled by the app, where the request first enters the application, how the user identity is determined at runtime, and how that authentication context is carried through request handling. The entry point and user identification flow are my main concerns here. I also want to know whether the app automatically starts any background jobs or schedulers, or if there’s anything going on besides handling incoming requests.

I'm not looking for what the code says should happen, I want to know what actually gets printed when you run it. Please don’t modify any repository source files while investigating. Temporary scripts are fine if needed, but leave the codebase unchanged and clean up anything you create when you’re done.",tied,0.0,56.929365,False,"The note merely restates the user's question as a summary of intent rather than providing any actual information about the startup process, logs, or request handling."
20260913T143407.885544474Z-openclaw-sweatlasqa-pilot30-ctxlimit-amem-repo-sglang,task-6905333b74f22949d97ba9a4,1,2,2,c532804d-ec24-4ac9-89ca-2ee337d90d36,52.30649,match,"SimpleLogin is a Python web application. Key files: server.py (main entry point), wsgi.py (WSGI entry), init_app.py (app initialization), cron.py (background jobs), email_handler.py (email processing), job_runner.py (job execution). Uses Flask (based on pyproject.toml).",simple-login/app,2026-09-13T14:34:45.289Z,"I'm trying to understand what actually happens when SimpleLogin is started locally in development environment. I'm wondering how the backend starts up in dev mode, how configuration is loaded, which log messages indicate that it's ready to accept requests, and what ports or endpoints it exposes. 

I’m interested in how a single authenticated request is handled by the app, where the request first enters the application, how the user identity is determined at runtime, and how that authentication context is carried through request handling. The entry point and user identification flow are my main concerns here. I also want to know whether the app automatically starts any background jobs or schedulers, or if there’s anything going on besides handling incoming requests.

I'm not looking for what the code says should happen, I want to know what actually gets printed when you run it. Please don’t modify any repository source files while investigating. Temporary scripts are fine if needed, but leave the codebase unchanged and clean up anything you create when you’re done.",tied,0.0,56.929365,False,"The note only lists file names and technologies without providing the specific runtime details, log messages, port configurations, or request handling flows requested."
20260913T143407.885544474Z-openclaw-sweatlasqa-pilot30-ctxlimit-amem-repo-sglang,task-6905333b74f22949d97ba9a4,1,3,1,ba469685-f05c-4bb1-9474-bca815e05476,65.56958,match,"SimpleLogin local dev startup: server.py has create_app() which returns a Flask app; wsgi.py imports create_app. Dev mode uses gunicorn on port 7777 (Dockerfile). Config loads from .env file via python-dotenv (app/config.py) or a CONFIG env var pointing to a file. Required env vars: URL, EMAIL_DOMAI",simple-login/app,2026-09-13T14:43:44.533Z,"I'm trying to understand what actually happens when SimpleLogin is started locally in development environment. I'm wondering how the backend starts up in dev mode, how configuration is loaded, which log messages indicate that it's ready to accept requests, and what ports or endpoints it exposes. 

I’m interested in how a single authenticated request is handled by the app, where the request first enters the application, how the user identity is determined at runtime, and how that authentication context is carried through request handling. The entry point and user identification flow are my main concerns here. I also want to know whether the app automatically starts any background jobs or schedulers, or if there’s anything going on besides handling incoming requests.

I'm not looking for what the code says should happen, I want to know what actually gets printed when you run it. Please don’t modify any repository source files while investigating. Temporary scripts are fine if needed, but leave the codebase unchanged and clean up anything you create when you’re done.",tied,0.0,62.012641333333335,True,"The note provides specific details about the startup process, configuration loading, and the port used in development, which directly addresses the user's questions about how the backend starts and what endpoints it exposes."
20260913T143407.885544474Z-openclaw-sweatlasqa-pilot30-ctxlimit-amem-repo-sglang,task-6905333b74f22949d97ba9a4,1,3,2,3dc7b925-ebaa-4d20-b6c5-97fc4c9e75bc,65.55921000000001,match,"User wants to understand SimpleLogin's local development startup process, including backend initialization, configuration loading, readiness indicators (log messages), exposed ports/endpoints, and the handling of a single authenticated request.",simple-login/app,2026-09-13T14:38:16.195Z,"I'm trying to understand what actually happens when SimpleLogin is started locally in development environment. I'm wondering how the backend starts up in dev mode, how configuration is loaded, which log messages indicate that it's ready to accept requests, and what ports or endpoints it exposes. 

I’m interested in how a single authenticated request is handled by the app, where the request first enters the application, how the user identity is determined at runtime, and how that authentication context is carried through request handling. The entry point and user identification flow are my main concerns here. I also want to know whether the app automatically starts any background jobs or schedulers, or if there’s anything going on besides handling incoming requests.

I'm not looking for what the code says should happen, I want to know what actually gets printed when you run it. Please don’t modify any repository source files while investigating. Temporary scripts are fine if needed, but leave the codebase unchanged and clean up anything you create when you’re done.",tied,0.0,62.012641333333335,False,"The note merely restates the user's question as a summary of intent and contains no actual technical information, logs, or code details needed to answer the question."
20260913T143407.885544474Z-openclaw-sweatlasqa-pilot30-ctxlimit-amem-repo-sglang,task-6905333b74f22949d97ba9a4,1,3,3,c532804d-ec24-4ac9-89ca-2ee337d90d36,54.909134,match,"SimpleLogin is a Python web application. Key files: server.py (main entry point), wsgi.py (WSGI entry), init_app.py (app initialization), cron.py (background jobs), email_handler.py (email processing), job_runner.py (job execution). Uses Flask (based on pyproject.toml).",simple-login/app,2026-09-13T14:34:45.289Z,"I'm trying to understand what actually happens when SimpleLogin is started locally in development environment. I'm wondering how the backend starts up in dev mode, how configuration is loaded, which log messages indicate that it's ready to accept requests, and what ports or endpoints it exposes. 

I’m interested in how a single authenticated request is handled by the app, where the request first enters the application, how the user identity is determined at runtime, and how that authentication context is carried through request handling. The entry point and user identification flow are my main concerns here. I also want to know whether the app automatically starts any background jobs or schedulers, or if there’s anything going on besides handling incoming requests.

I'm not looking for what the code says should happen, I want to know what actually gets printed when you run it. Please don’t modify any repository source files while investigating. Temporary scripts are fine if needed, but leave the codebase unchanged and clean up anything you create when you’re done.",tied,0.0,62.012641333333335,False,"The note provides a high-level file structure but lacks the specific runtime details, log messages, port configurations, and actual request handling flow requested by the user."
20260913T143407.885544474Z-openclaw-sweatlasqa-pilot30-ctxlimit-amem-repo-sglang,task-6905333b74f22949d97ba9a5,2,1,1,03f10aea-0f77-4485-91c4-5fcbdb564011,39.014053,match,"Final answer written to /logs/agent/answer.txt covering: (1) startup sequence - config.py loads .env via python-dotenv, prints "">>> init logging <<<"" then "">>> URL: ..."" then gunicorn boots on port 7777; (2) all routes mapped across auth, dashboard, api, internal, monitor, oauth, discover, developer",simple-login/app,2026-09-13T14:49:58.384Z,"I am debugging intermittent validation failures during custom alias creation that don't match the expected behavior, which seems related to how signed suffixes are verified. When attempting to create custom aliases with invalid or expired signed suffixes, what exact HTTP status codes and error messages appear in the API responses, and what corresponding validation log entries show up in the server console? Check whether any rate-limiting headers appear in the responses and what their actual values are. For successful alias creation attempts, what quota-related checks occur, what specific values get logged when the system verifies whether the user can create more aliases? Trace through the execution path to identify which component validates signed suffixes and enforces creation limits, and what conditions trigger rejection. Don't modify the repository code temporary test scripts or API calls are fine but keep the codebase unchanged.",improved,0.2307692307692308,38.118732,False,"The note describes application startup and route mapping, but contains no information about alias creation validation, signed suffix verification, HTTP status codes, error messages, rate-limiting headers, or quota logging."
20260913T143407.885544474Z-openclaw-sweatlasqa-pilot30-ctxlimit-amem-repo-sglang,task-6905333b74f22949d97ba9a5,2,1,2,ba469685-f05c-4bb1-9474-bca815e05476,40.003526,match,"SimpleLogin local dev startup: server.py has create_app() which returns a Flask app; wsgi.py imports create_app. Dev mode uses gunicorn on port 7777 (Dockerfile). Config loads from .env file via python-dotenv (app/config.py) or a CONFIG env var pointing to a file. Required env vars: URL, EMAIL_DOMAI",simple-login/app,2026-09-13T14:43:44.533Z,"I am debugging intermittent validation failures during custom alias creation that don't match the expected behavior, which seems related to how signed suffixes are verified. When attempting to create custom aliases with invalid or expired signed suffixes, what exact HTTP status codes and error messages appear in the API responses, and what corresponding validation log entries show up in the server console? Check whether any rate-limiting headers appear in the responses and what their actual values are. For successful alias creation attempts, what quota-related checks occur, what specific values get logged when the system verifies whether the user can create more aliases? Trace through the execution path to identify which component validates signed suffixes and enforces creation limits, and what conditions trigger rejection. Don't modify the repository code temporary test scripts or API calls are fine but keep the codebase unchanged.",improved,0.2307692307692308,38.118732,False,"The note only describes general local development startup procedures and configuration loading, providing no details on API response codes, error messages, rate-limiting headers, or the specific validation logic for signed suffixes and alias creation limits."
20260913T143407.885544474Z-openclaw-sweatlasqa-pilot30-ctxlimit-amem-repo-sglang,task-6905333b74f22949d97ba9a5,2,1,3,3dc7b925-ebaa-4d20-b6c5-97fc4c9e75bc,39.088053,match,"User wants to understand SimpleLogin's local development startup process, including backend initialization, configuration loading, readiness indicators (log messages), exposed ports/endpoints, and the handling of a single authenticated request.",simple-login/app,2026-09-13T14:38:16.195Z,"I am debugging intermittent validation failures during custom alias creation that don't match the expected behavior, which seems related to how signed suffixes are verified. When attempting to create custom aliases with invalid or expired signed suffixes, what exact HTTP status codes and error messages appear in the API responses, and what corresponding validation log entries show up in the server console? Check whether any rate-limiting headers appear in the responses and what their actual values are. For successful alias creation attempts, what quota-related checks occur, what specific values get logged when the system verifies whether the user can create more aliases? Trace through the execution path to identify which component validates signed suffixes and enforces creation limits, and what conditions trigger rejection. Don't modify the repository code temporary test scripts or API calls are fine but keep the codebase unchanged.",improved,0.2307692307692308,38.118732,False,"The note describes the application startup and initialization process, which is unrelated to the specific runtime validation logic, HTTP responses, and logging behavior for custom alias creation."
20260913T143407.885544474Z-openclaw-sweatlasqa-pilot30-ctxlimit-amem-repo-sglang,task-6905333b74f22949d97ba9a5,2,1,4,c532804d-ec24-4ac9-89ca-2ee337d90d36,34.369296,match,"SimpleLogin is a Python web application. Key files: server.py (main entry point), wsgi.py (WSGI entry), init_app.py (app initialization), cron.py (background jobs), email_handler.py (email processing), job_runner.py (job execution). Uses Flask (based on pyproject.toml).",simple-login/app,2026-09-13T14:34:45.289Z,"I am debugging intermittent validation failures during custom alias creation that don't match the expected behavior, which seems related to how signed suffixes are verified. When attempting to create custom aliases with invalid or expired signed suffixes, what exact HTTP status codes and error messages appear in the API responses, and what corresponding validation log entries show up in the server console? Check whether any rate-limiting headers appear in the responses and what their actual values are. For successful alias creation attempts, what quota-related checks occur, what specific values get logged when the system verifies whether the user can create more aliases? Trace through the execution path to identify which component validates signed suffixes and enforces creation limits, and what conditions trigger rejection. Don't modify the repository code temporary test scripts or API calls are fine but keep the codebase unchanged.",improved,0.2307692307692308,38.118732,False,"The note only provides high-level architectural information about the project structure and does not contain specific details about HTTP status codes, error messages, rate-limiting headers, or the validation logic for signed suffixes."
20260913T143407.885544474Z-openclaw-sweatlasqa-pilot30-ctxlimit-amem-repo-sglang,task-6905333b74f22949d97ba9a5,2,2,1,03f10aea-0f77-4485-91c4-5fcbdb564011,35.122395,match,"Final answer written to /logs/agent/answer.txt covering: (1) startup sequence - config.py loads .env via python-dotenv, prints "">>> init logging <<<"" then "">>> URL: ..."" then gunicorn boots on port 7777; (2) all routes mapped across auth, dashboard, api, internal, monitor, oauth, discover, developer",simple-login/app,2026-09-13T14:49:58.384Z,"I am debugging intermittent validation failures during custom alias creation that don't match the expected behavior, which seems related to how signed suffixes are verified. When attempting to create custom aliases with invalid or expired signed suffixes, what exact HTTP status codes and error messages appear in the API responses, and what corresponding validation log entries show up in the server console? Check whether any rate-limiting headers appear in the responses and what their actual values are. For successful alias creation attempts, what quota-related checks occur, what specific values get logged when the system verifies whether the user can create more aliases? Trace through the execution path to identify which component validates signed suffixes and enforces creation limits, and what conditions trigger rejection. Don't modify the repository code temporary test scripts or API calls are fine but keep the codebase unchanged.",improved,0.2307692307692308,29.168737,False,"The note describes application startup and route mapping, which does not provide the specific HTTP status codes, error messages, log entries, or validation logic details required to answer the question about alias creation failures."
20260913T143407.885544474Z-openclaw-sweatlasqa-pilot30-ctxlimit-amem-repo-sglang,task-6905333b74f22949d97ba9a5,2,2,2,3dc7b925-ebaa-4d20-b6c5-97fc4c9e75bc,28.706473,match,"User wants to understand SimpleLogin's local development startup process, including backend initialization, configuration loading, readiness indicators (log messages), exposed ports/endpoints, and the handling of a single authenticated request.",simple-login/app,2026-09-13T14:38:16.195Z,"I am debugging intermittent validation failures during custom alias creation that don't match the expected behavior, which seems related to how signed suffixes are verified. When attempting to create custom aliases with invalid or expired signed suffixes, what exact HTTP status codes and error messages appear in the API responses, and what corresponding validation log entries show up in the server console? Check whether any rate-limiting headers appear in the responses and what their actual values are. For successful alias creation attempts, what quota-related checks occur, what specific values get logged when the system verifies whether the user can create more aliases? Trace through the execution path to identify which component validates signed suffixes and enforces creation limits, and what conditions trigger rejection. Don't modify the repository code temporary test scripts or API calls are fine but keep the codebase unchanged.",improved,0.2307692307692308,29.168737,False,"The note describes the general local development startup process and configuration loading, which does not address the specific debugging details regarding HTTP status codes, error messages, rate-limiting headers, or validation logic for custom alias creation."
20260913T143407.885544474Z-openclaw-sweatlasqa-pilot30-ctxlimit-amem-repo-sglang,task-6905333b74f22949d97ba9a5,2,2,3,ba469685-f05c-4bb1-9474-bca815e05476,27.486598,match,"SimpleLogin local dev startup: server.py has create_app() which returns a Flask app; wsgi.py imports create_app. Dev mode uses gunicorn on port 7777 (Dockerfile). Config loads from .env file via python-dotenv (app/config.py) or a CONFIG env var pointing to a file. Required env vars: URL, EMAIL_DOMAI",simple-login/app,2026-09-13T14:43:44.533Z,"I am debugging intermittent validation failures during custom alias creation that don't match the expected behavior, which seems related to how signed suffixes are verified. When attempting to create custom aliases with invalid or expired signed suffixes, what exact HTTP status codes and error messages appear in the API responses, and what corresponding validation log entries show up in the server console? Check whether any rate-limiting headers appear in the responses and what their actual values are. For successful alias creation attempts, what quota-related checks occur, what specific values get logged when the system verifies whether the user can create more aliases? Trace through the execution path to identify which component validates signed suffixes and enforces creation limits, and what conditions trigger rejection. Don't modify the repository code temporary test scripts or API calls are fine but keep the codebase unchanged.",improved,0.2307692307692308,29.168737,False,"The note only describes general application startup and configuration loading, lacking any specific details about alias validation logic, HTTP status codes, error messages, rate-limiting headers, or quota checks requested in the question."
20260913T143407.885544474Z-openclaw-sweatlasqa-pilot30-ctxlimit-amem-repo-sglang,task-6905333b74f22949d97ba9a5,2,2,4,c532804d-ec24-4ac9-89ca-2ee337d90d36,25.359482,match,"SimpleLogin is a Python web application. Key files: server.py (main entry point), wsgi.py (WSGI entry), init_app.py (app initialization), cron.py (background jobs), email_handler.py (email processing), job_runner.py (job execution). Uses Flask (based on pyproject.toml).",simple-login/app,2026-09-13T14:34:45.289Z,"I am debugging intermittent validation failures during custom alias creation that don't match the expected behavior, which seems related to how signed suffixes are verified. When attempting to create custom aliases with invalid or expired signed suffixes, what exact HTTP status codes and error messages appear in the API responses, and what corresponding validation log entries show up in the server console? Check whether any rate-limiting headers appear in the responses and what their actual values are. For successful alias creation attempts, what quota-related checks occur, what specific values get logged when the system verifies whether the user can create more aliases? Trace through the execution path to identify which component validates signed suffixes and enforces creation limits, and what conditions trigger rejection. Don't modify the repository code temporary test scripts or API calls are fine but keep the codebase unchanged.",improved,0.2307692307692308,29.168737,False,"The note only provides high-level architectural information about the project structure and does not contain specific details about HTTP status codes, error messages, rate-limiting headers, or the validation logic for signed suffixes."
20260913T143407.885544474Z-openclaw-sweatlasqa-pilot30-ctxlimit-amem-repo-sglang,task-6905333b74f22949d97ba9d0,16,2,1,4a2bfe4f-6c22-4f8a-a5f5-44577e9335eb,55.444384,match,"paperless-ngx codebase is at /app with Django-based architecture. Key packages: documents, paperless, paperless_mail, paperless_tesseract, paperless_text, paperless_tika. Located at /app/src/ with manage.py at root of src.",paperless-ngx/paperless-ngx,2026-09-13T20:25:16.405Z,"I'm evaluating paperless-ngx architecture and need to understand what background maintenance happens automatically. Set up the development environment, what periodic tasks are registered with the task scheduler, and where is the schedule configuration defined? Find the sanity checker; what does it validate, what log output does it produce, and how often does it run? Is there automatic index optimization or database cleanup? Check if there's a task that handles failed document retries or stuck processing jobs. Look at the Celery beat schedule configuration and list all recurring tasks with their intervals. Trace through the code to find where periodic tasks are defined and registered. What happens if a scheduled task fails; is there retry logic or alerting? Are there any tasks that run on startup versus strictly on schedule? Query the database to see if there's a table tracking task execution history or scheduled job state. What controls whether these maintenance features are enabled or disabled? Don't modify source code; observing system behavior is fine, clean up any test artifacts when done.",tied,0.0,55.444384,False,"The note only provides general project structure and package names, lacking any specific details about the task scheduler, periodic tasks, sanity checker, or retry logic requested."
20260914T071929.732959741Z-openclaw-sweatlasqa-pilot30-ctxlimit-amem-repo-sglang,task-6905333b74f22949d97ba9a4,1,2,1,098ed127-a0ad-4fb0-984c-519b5365ce19,70.546114,match,"SimpleLogin background jobs: 1) cron.py - runs periodic tasks like stats, HIBP checks, log deletion, trial notifications, sent undelivered mail (via yacron scheduler in production). 2) job_runner.py - async job system with onboarding emails, batch imports, account/mailbox/domain deletion, user repor",simple-login/app,2026-09-14T07:33:26.994Z,"I'm trying to understand what actually happens when SimpleLogin is started locally in development environment. I'm wondering how the backend starts up in dev mode, how configuration is loaded, which log messages indicate that it's ready to accept requests, and what ports or endpoints it exposes. 

I’m interested in how a single authenticated request is handled by the app, where the request first enters the application, how the user identity is determined at runtime, and how that authentication context is carried through request handling. The entry point and user identification flow are my main concerns here. I also want to know whether the app automatically starts any background jobs or schedulers, or if there’s anything going on besides handling incoming requests.

I'm not looking for what the code says should happen, I want to know what actually gets printed when you run it. Please don’t modify any repository source files while investigating. Temporary scripts are fine if needed, but leave the codebase unchanged and clean up anything you create when you’re done.",degraded,-0.0999999999999999,56.9359772,True,The note explicitly addresses the user's question about whether the app automatically starts background jobs or schedulers by identifying the specific modules and mechanisms used for these tasks.
20260914T071929.732959741Z-openclaw-sweatlasqa-pilot30-ctxlimit-amem-repo-sglang,task-6905333b74f22949d97ba9a4,1,2,2,b69787f9-9371-43b9-8302-4180cfc9532e,56.14623399999999,match,"SimpleLogin configuration loading: config.py loads from .env file via python-dotenv. Can optionally load from CONFIG env var pointing to a dotenv file. Key env vars: URL, EMAIL_DOMAIN, DB_URI, FLASK_SECRET. Uses os.environ and literal_eval for parsing. Prints "">>> URL:"" and "">>> init logging <<<"" at",simple-login/app,2026-09-14T07:33:24.799Z,"I'm trying to understand what actually happens when SimpleLogin is started locally in development environment. I'm wondering how the backend starts up in dev mode, how configuration is loaded, which log messages indicate that it's ready to accept requests, and what ports or endpoints it exposes. 

I’m interested in how a single authenticated request is handled by the app, where the request first enters the application, how the user identity is determined at runtime, and how that authentication context is carried through request handling. The entry point and user identification flow are my main concerns here. I also want to know whether the app automatically starts any background jobs or schedulers, or if there’s anything going on besides handling incoming requests.

I'm not looking for what the code says should happen, I want to know what actually gets printed when you run it. Please don’t modify any repository source files while investigating. Temporary scripts are fine if needed, but leave the codebase unchanged and clean up anything you create when you’re done.",degraded,-0.0999999999999999,56.9359772,True,"The note provides specific details about configuration loading and explicitly mentions log messages ('>>> URL:', '>>> init logging <<<') that indicate startup progress, directly addressing the user's request for actual printed output and startup behavior."
20260914T071929.732959741Z-openclaw-sweatlasqa-pilot30-ctxlimit-amem-repo-sglang,task-6905333b74f22949d97ba9a4,1,2,3,d1452e26-be26-405b-85cd-0fdca96774f5,55.362797,match,"SimpleLogin dev startup: Running `python server.py` triggers `local_main()` which creates the Flask app via `create_app()`, enables DEBUG mode, configures flask-debugtoolbar, then runs `app.run(debug=True, port=7777)`. The app listens on port 7777 via Werkzeug/Flask dev server. In production (Docker",simple-login/app,2026-09-14T07:33:26.996Z,"I'm trying to understand what actually happens when SimpleLogin is started locally in development environment. I'm wondering how the backend starts up in dev mode, how configuration is loaded, which log messages indicate that it's ready to accept requests, and what ports or endpoints it exposes. 

I’m interested in how a single authenticated request is handled by the app, where the request first enters the application, how the user identity is determined at runtime, and how that authentication context is carried through request handling. The entry point and user identification flow are my main concerns here. I also want to know whether the app automatically starts any background jobs or schedulers, or if there’s anything going on besides handling incoming requests.

I'm not looking for what the code says should happen, I want to know what actually gets printed when you run it. Please don’t modify any repository source files while investigating. Temporary scripts are fine if needed, but leave the codebase unchanged and clean up anything you create when you’re done.",degraded,-0.0999999999999999,56.9359772,True,"The note confirms the startup command, entry point function, and the specific port (7777) the app listens on, which directly addresses the user's questions about how the backend starts, configuration loading (via create_app), and exposed endpoints."
20260914T071929.732959741Z-openclaw-sweatlasqa-pilot30-ctxlimit-amem-repo-sglang,task-6905333b74f22949d97ba9a4,1,2,4,77613d75-fb6e-4c6f-b53f-7d9792b9e6ac,54.719055,match,"SimpleLogin blueprint routes: auth_bp (/auth), monitor_bp (/), dashboard_bp (/dashboard), api_bp (/api), internal_bp (/internal), oauth_bp (/oauth, /oauth2), onboarding_bp (/onboarding), discover_bp (/discover), phone_bp (/phone), developer_bp (/developer), admin at /admin. Key endpoints: /health (G",simple-login/app,2026-09-14T07:33:26.992Z,"I'm trying to understand what actually happens when SimpleLogin is started locally in development environment. I'm wondering how the backend starts up in dev mode, how configuration is loaded, which log messages indicate that it's ready to accept requests, and what ports or endpoints it exposes. 

I’m interested in how a single authenticated request is handled by the app, where the request first enters the application, how the user identity is determined at runtime, and how that authentication context is carried through request handling. The entry point and user identification flow are my main concerns here. I also want to know whether the app automatically starts any background jobs or schedulers, or if there’s anything going on besides handling incoming requests.

I'm not looking for what the code says should happen, I want to know what actually gets printed when you run it. Please don’t modify any repository source files while investigating. Temporary scripts are fine if needed, but leave the codebase unchanged and clean up anything you create when you’re done.",degraded,-0.0999999999999999,56.9359772,False,"The note only lists URL routes and endpoints, failing to address the specific questions about startup logs, configuration loading, authentication context flow, or background job execution."
20260914T071929.732959741Z-openclaw-sweatlasqa-pilot30-ctxlimit-amem-repo-sglang,task-6905333b74f22949d97ba9a4,1,2,5,c077ddca-d84e-4f9f-bb7d-beddeeb17dde,47.905686,match,"SimpleLogin auth flow: Flask-Login is the auth framework. `load_user()` in server.py looks up User by `alternative_id` (a UUID stored on the User model). User.is_active() checks delete_on field. login_user() from Flask-Login sets session. Auth blueprints: auth_bp at /auth, includes login, register, ",simple-login/app,2026-09-14T07:33:26.984Z,"I'm trying to understand what actually happens when SimpleLogin is started locally in development environment. I'm wondering how the backend starts up in dev mode, how configuration is loaded, which log messages indicate that it's ready to accept requests, and what ports or endpoints it exposes. 

I’m interested in how a single authenticated request is handled by the app, where the request first enters the application, how the user identity is determined at runtime, and how that authentication context is carried through request handling. The entry point and user identification flow are my main concerns here. I also want to know whether the app automatically starts any background jobs or schedulers, or if there’s anything going on besides handling incoming requests.

I'm not looking for what the code says should happen, I want to know what actually gets printed when you run it. Please don’t modify any repository source files while investigating. Temporary scripts are fine if needed, but leave the codebase unchanged and clean up anything you create when you’re done.",degraded,-0.0999999999999999,56.9359772,True,"The note describes the specific authentication framework (Flask-Login) and the `load_user` mechanism, which directly addresses the user's question about how user identity is determined and how authentication context is carried."
20260914T071929.732959741Z-openclaw-sweatlasqa-pilot30-ctxlimit-amem-repo-sglang,task-6905333b74f22949d97ba9a5,2,1,1,c077ddca-d84e-4f9f-bb7d-beddeeb17dde,36.555088000000005,match,"SimpleLogin auth flow: Flask-Login is the auth framework. `load_user()` in server.py looks up User by `alternative_id` (a UUID stored on the User model). User.is_active() checks delete_on field. login_user() from Flask-Login sets session. Auth blueprints: auth_bp at /auth, includes login, register, ",simple-login/app,2026-09-14T07:33:26.984Z,"I am debugging intermittent validation failures during custom alias creation that don't match the expected behavior, which seems related to how signed suffixes are verified. When attempting to create custom aliases with invalid or expired signed suffixes, what exact HTTP status codes and error messages appear in the API responses, and what corresponding validation log entries show up in the server console? Check whether any rate-limiting headers appear in the responses and what their actual values are. For successful alias creation attempts, what quota-related checks occur, what specific values get logged when the system verifies whether the user can create more aliases? Trace through the execution path to identify which component validates signed suffixes and enforces creation limits, and what conditions trigger rejection. Don't modify the repository code temporary test scripts or API calls are fine but keep the codebase unchanged.",improved,0.1538461538461538,33.4000574,False,"The note describes the general authentication flow and session management, which is unrelated to the specific question about alias creation validation, signed suffix verification, HTTP status codes, and quota logging."
20260914T071929.732959741Z-openclaw-sweatlasqa-pilot30-ctxlimit-amem-repo-sglang,task-6905333b74f22949d97ba9a5,2,1,2,77613d75-fb6e-4c6f-b53f-7d9792b9e6ac,35.74172,match,"SimpleLogin blueprint routes: auth_bp (/auth), monitor_bp (/), dashboard_bp (/dashboard), api_bp (/api), internal_bp (/internal), oauth_bp (/oauth, /oauth2), onboarding_bp (/onboarding), discover_bp (/discover), phone_bp (/phone), developer_bp (/developer), admin at /admin. Key endpoints: /health (G",simple-login/app,2026-09-14T07:33:26.992Z,"I am debugging intermittent validation failures during custom alias creation that don't match the expected behavior, which seems related to how signed suffixes are verified. When attempting to create custom aliases with invalid or expired signed suffixes, what exact HTTP status codes and error messages appear in the API responses, and what corresponding validation log entries show up in the server console? Check whether any rate-limiting headers appear in the responses and what their actual values are. For successful alias creation attempts, what quota-related checks occur, what specific values get logged when the system verifies whether the user can create more aliases? Trace through the execution path to identify which component validates signed suffixes and enforces creation limits, and what conditions trigger rejection. Don't modify the repository code temporary test scripts or API calls are fine but keep the codebase unchanged.",improved,0.1538461538461538,33.4000574,False,"The note only lists general blueprint routes and endpoints, providing no specific details about validation logic, HTTP status codes, error messages, rate-limiting headers, or quota checks for custom alias creation."
20260914T071929.732959741Z-openclaw-sweatlasqa-pilot30-ctxlimit-amem-repo-sglang,task-6905333b74f22949d97ba9a5,2,1,3,d1452e26-be26-405b-85cd-0fdca96774f5,35.502157000000004,match,"SimpleLogin dev startup: Running `python server.py` triggers `local_main()` which creates the Flask app via `create_app()`, enables DEBUG mode, configures flask-debugtoolbar, then runs `app.run(debug=True, port=7777)`. The app listens on port 7777 via Werkzeug/Flask dev server. In production (Docker",simple-login/app,2026-09-14T07:33:26.996Z,"I am debugging intermittent validation failures during custom alias creation that don't match the expected behavior, which seems related to how signed suffixes are verified. When attempting to create custom aliases with invalid or expired signed suffixes, what exact HTTP status codes and error messages appear in the API responses, and what corresponding validation log entries show up in the server console? Check whether any rate-limiting headers appear in the responses and what their actual values are. For successful alias creation attempts, what quota-related checks occur, what specific values get logged when the system verifies whether the user can create more aliases? Trace through the execution path to identify which component validates signed suffixes and enforces creation limits, and what conditions trigger rejection. Don't modify the repository code temporary test scripts or API calls are fine but keep the codebase unchanged.",improved,0.1538461538461538,33.4000574,False,"The note only describes the application startup configuration and server listening port, providing no information about alias validation logic, HTTP status codes, error messages, rate-limiting headers, or quota checks."
20260914T071929.732959741Z-openclaw-sweatlasqa-pilot30-ctxlimit-amem-repo-sglang,task-6905333b74f22949d97ba9a5,2,1,4,b69787f9-9371-43b9-8302-4180cfc9532e,30.370852,match,"SimpleLogin configuration loading: config.py loads from .env file via python-dotenv. Can optionally load from CONFIG env var pointing to a dotenv file. Key env vars: URL, EMAIL_DOMAIN, DB_URI, FLASK_SECRET. Uses os.environ and literal_eval for parsing. Prints "">>> URL:"" and "">>> init logging <<<"" at",simple-login/app,2026-09-14T07:33:24.799Z,"I am debugging intermittent validation failures during custom alias creation that don't match the expected behavior, which seems related to how signed suffixes are verified. When attempting to create custom aliases with invalid or expired signed suffixes, what exact HTTP status codes and error messages appear in the API responses, and what corresponding validation log entries show up in the server console? Check whether any rate-limiting headers appear in the responses and what their actual values are. For successful alias creation attempts, what quota-related checks occur, what specific values get logged when the system verifies whether the user can create more aliases? Trace through the execution path to identify which component validates signed suffixes and enforces creation limits, and what conditions trigger rejection. Don't modify the repository code temporary test scripts or API calls are fine but keep the codebase unchanged.",improved,0.1538461538461538,33.4000574,False,"The note describes general configuration loading mechanisms and environment variables, but contains no information about alias creation validation, signed suffix verification, HTTP status codes, error messages, rate-limiting headers, or quota logging."
20260914T071929.732959741Z-openclaw-sweatlasqa-pilot30-ctxlimit-amem-repo-sglang,task-6905333b74f22949d97ba9a5,2,1,5,098ed127-a0ad-4fb0-984c-519b5365ce19,28.83047,match,"SimpleLogin background jobs: 1) cron.py - runs periodic tasks like stats, HIBP checks, log deletion, trial notifications, sent undelivered mail (via yacron scheduler in production). 2) job_runner.py - async job system with onboarding emails, batch imports, account/mailbox/domain deletion, user repor",simple-login/app,2026-09-14T07:33:26.994Z,"I am debugging intermittent validation failures during custom alias creation that don't match the expected behavior, which seems related to how signed suffixes are verified. When attempting to create custom aliases with invalid or expired signed suffixes, what exact HTTP status codes and error messages appear in the API responses, and what corresponding validation log entries show up in the server console? Check whether any rate-limiting headers appear in the responses and what their actual values are. For successful alias creation attempts, what quota-related checks occur, what specific values get logged when the system verifies whether the user can create more aliases? Trace through the execution path to identify which component validates signed suffixes and enforces creation limits, and what conditions trigger rejection. Don't modify the repository code temporary test scripts or API calls are fine but keep the codebase unchanged.",improved,0.1538461538461538,33.4000574,False,"The note describes background job infrastructure and does not contain information about API response codes, validation logs, rate-limiting headers, or the specific logic for validating signed suffixes during alias creation."
