run_dir,task_id,occurrence,call_seq,note_rank,note_id,similarity,via,note_text_snippet,source_repository,note_timestamp
20260913T035631.013586628Z-openclaw-sweatlasqa-pilot30-ctxlimit-amem-repo-sglang,task-6905333b74f22949d97ba9a4,1,3,1,9a1b64f2-4487-46c4-b048-5d66695239c6,49.834234,match,"SimpleLogin codebase exploration started. Key entry points: server.py (Flask app), wsgi.py (gunicorn), email_handler.py (aiosmtpd SMTP), cron.py (scheduled jobs).",simple-login/app,2026-09-13T04:02:50.746Z
20260913T035631.013586628Z-openclaw-sweatlasqa-pilot30-ctxlimit-amem-repo-sglang,task-6905333b74f22949d97ba9a4,1,3,2,d2d6fff0-14fd-4f37-a6fd-b99d949553be,64.38624,match,"SimpleLogin dev startup: server.py runs `local_main()` which calls `create_app()` and runs Flask dev server on port 7777. Config loaded from .env via python-dotenv. Log format: %(asctime)s - %(name)s - %(levelname)s - %(process)d - ""%(pathname)s:%(lineno)d"" - %(funcName)s() - %(message_id)s - %(mess",simple-login/app,2026-09-13T04:22:23.246Z
20260913T035631.013586628Z-openclaw-sweatlasqa-pilot30-ctxlimit-amem-repo-sglang,task-6905333b74f22949d97ba9a4,1,3,3,335557ea-75de-4375-bff0-9a2cf5b896d5,43.47855,match,"Background jobs: cron.py runs individual cron jobs via CLI args (-j), called from Kubernetes CronJobs per crontab.yml. job_runner.py runs continuously (while True, 10s sleep) processing the Job table (onboarding, delete account, etc.). monitoring.py runs continuously polling Postfix/DB metrics. even",simple-login/app,2026-09-13T04:23:20.594Z
20260913T035631.013586628Z-openclaw-sweatlasqa-pilot30-ctxlimit-amem-repo-sglang,task-6905333b74f22949d97ba9a4,1,3,4,2514d946-e096-42d2-ad90-eefa5a43a83f,42.176925999999995,match,"Auth flow: Flask-Login with RedisSessionStore. login_manager.user_loader on User.get_by(alternative_id). After login, `login_user(user)` sets `_user_id` in session. `@login_required` decorator checks `current_user.is_authenticated`. API uses `require_api_auth` which reads `Authentication` header and",simple-login/app,2026-09-13T04:22:52.484Z
20260913T035631.013586628Z-openclaw-sweatlasqa-pilot30-ctxlimit-amem-repo-sglang,task-6905333b74f22949d97ba9a4,1,4,1,9a1b64f2-4487-46c4-b048-5d66695239c6,55.69552,match,"SimpleLogin codebase exploration started. Key entry points: server.py (Flask app), wsgi.py (gunicorn), email_handler.py (aiosmtpd SMTP), cron.py (scheduled jobs).",simple-login/app,2026-09-13T04:02:50.746Z
20260913T035631.013586628Z-openclaw-sweatlasqa-pilot30-ctxlimit-amem-repo-sglang,task-6905333b74f22949d97ba9a4,1,4,2,e711b188-4581-4be4-991a-e4fdc57b6728,65.67626,match,"SimpleLogin email forwarding: email_handler.py is a separate process running aiosmtpd.Controller. MailHandler class implements async handle_DATA() which calls handle() -> handle_forward() or handle_reply(). handle_forward() looks up alias by rcpt_to, finds user's mailboxes, creates EmailLog, then ca",simple-login/app,2026-09-13T04:48:54.987Z
20260913T035631.013586628Z-openclaw-sweatlasqa-pilot30-ctxlimit-amem-repo-sglang,task-6905333b74f22949d97ba9a4,1,4,3,d2d6fff0-14fd-4f37-a6fd-b99d949553be,58.75212,match,"SimpleLogin dev startup: server.py runs `local_main()` which calls `create_app()` and runs Flask dev server on port 7777. Config loaded from .env via python-dotenv. Log format: %(asctime)s - %(name)s - %(levelname)s - %(process)d - ""%(pathname)s:%(lineno)d"" - %(funcName)s() - %(message_id)s - %(mess",simple-login/app,2026-09-13T04:22:23.246Z
20260913T035631.013586628Z-openclaw-sweatlasqa-pilot30-ctxlimit-amem-repo-sglang,task-6905333b74f22949d97ba9a4,1,4,4,335557ea-75de-4375-bff0-9a2cf5b896d5,58.848670000000006,match,"Background jobs: cron.py runs individual cron jobs via CLI args (-j), called from Kubernetes CronJobs per crontab.yml. job_runner.py runs continuously (while True, 10s sleep) processing the Job table (onboarding, delete account, etc.). monitoring.py runs continuously polling Postfix/DB metrics. even",simple-login/app,2026-09-13T04:23:20.594Z
20260913T035631.013586628Z-openclaw-sweatlasqa-pilot30-ctxlimit-amem-repo-sglang,task-6905333b74f22949d97ba9a4,1,4,5,90e1020a-6459-4492-9298-02cd1512b452,58.78787,match,SimpleLogin auth flow details: Flask-Login + custom Redis session. Module-level db.py creates engine and scoped_session. Server-level login_manager.user_loader calls User.get_by(alternative_id=). API layer sets g.user = current_user or g.user = api_key.user. @login_required uses Flask-Login's login_,simple-login/app,2026-09-13T04:48:19.288Z
20260913T035631.013586628Z-openclaw-sweatlasqa-pilot30-ctxlimit-amem-repo-sglang,task-6905333b74f22949d97ba9a4,1,4,6,2514d946-e096-42d2-ad90-eefa5a43a83f,46.967130000000004,link,"Auth flow: Flask-Login with RedisSessionStore. login_manager.user_loader on User.get_by(alternative_id). After login, `login_user(user)` sets `_user_id` in session. `@login_required` decorator checks `current_user.is_authenticated`. API uses `require_api_auth` which reads `Authentication` header and",simple-login/app,2026-09-13T04:22:52.484Z
20260913T035631.013586628Z-openclaw-sweatlasqa-pilot30-ctxlimit-amem-repo-sglang,task-6905333b74f22949d97ba9a5,2,1,1,90e1020a-6459-4492-9298-02cd1512b452,48.73165,match,SimpleLogin auth flow details: Flask-Login + custom Redis session. Module-level db.py creates engine and scoped_session. Server-level login_manager.user_loader calls User.get_by(alternative_id=). API layer sets g.user = current_user or g.user = api_key.user. @login_required uses Flask-Login's login_,simple-login/app,2026-09-13T04:48:19.288Z
20260913T035631.013586628Z-openclaw-sweatlasqa-pilot30-ctxlimit-amem-repo-sglang,task-6905333b74f22949d97ba9a5,2,1,2,e711b188-4581-4be4-991a-e4fdc57b6728,39.723372,match,"SimpleLogin email forwarding: email_handler.py is a separate process running aiosmtpd.Controller. MailHandler class implements async handle_DATA() which calls handle() -> handle_forward() or handle_reply(). handle_forward() looks up alias by rcpt_to, finds user's mailboxes, creates EmailLog, then ca",simple-login/app,2026-09-13T04:48:54.987Z
20260913T035631.013586628Z-openclaw-sweatlasqa-pilot30-ctxlimit-amem-repo-sglang,task-6905333b74f22949d97ba9a5,2,1,3,9a1b64f2-4487-46c4-b048-5d66695239c6,35.404265,match,"SimpleLogin codebase exploration started. Key entry points: server.py (Flask app), wsgi.py (gunicorn), email_handler.py (aiosmtpd SMTP), cron.py (scheduled jobs).",simple-login/app,2026-09-13T04:02:50.746Z
20260913T035631.013586628Z-openclaw-sweatlasqa-pilot30-ctxlimit-amem-repo-sglang,task-6905333b74f22949d97ba9a5,2,1,4,2514d946-e096-42d2-ad90-eefa5a43a83f,44.050223,match,"Auth flow: Flask-Login with RedisSessionStore. login_manager.user_loader on User.get_by(alternative_id). After login, `login_user(user)` sets `_user_id` in session. `@login_required` decorator checks `current_user.is_authenticated`. API uses `require_api_auth` which reads `Authentication` header and",simple-login/app,2026-09-13T04:22:52.484Z
20260913T035631.013586628Z-openclaw-sweatlasqa-pilot30-ctxlimit-amem-repo-sglang,task-6905333b74f22949d97ba9a5,2,1,5,d2d6fff0-14fd-4f37-a6fd-b99d949553be,39.181447000000006,match,"SimpleLogin dev startup: server.py runs `local_main()` which calls `create_app()` and runs Flask dev server on port 7777. Config loaded from .env via python-dotenv. Log format: %(asctime)s - %(name)s - %(levelname)s - %(process)d - ""%(pathname)s:%(lineno)d"" - %(funcName)s() - %(message_id)s - %(mess",simple-login/app,2026-09-13T04:22:23.246Z
20260913T035631.013586628Z-openclaw-sweatlasqa-pilot30-ctxlimit-amem-repo-sglang,task-6905333b74f22949d97ba9a5,2,1,6,335557ea-75de-4375-bff0-9a2cf5b896d5,33.318442,link,"Background jobs: cron.py runs individual cron jobs via CLI args (-j), called from Kubernetes CronJobs per crontab.yml. job_runner.py runs continuously (while True, 10s sleep) processing the Job table (onboarding, delete account, etc.). monitoring.py runs continuously polling Postfix/DB metrics. even",simple-login/app,2026-09-13T04:23:20.594Z
20260913T035631.013586628Z-openclaw-sweatlasqa-pilot30-ctxlimit-amem-repo-sglang,task-6905333b74f22949d97ba9d0,16,2,1,37f53f26-9c1c-4df5-a403-aee9426df5e3,79.32050000000001,match,"paperless-ngx uses Django-Q (NOT Celery) for task scheduling. Periodic tasks are registered via Django migrations (not Celery beat). Q_CLUSTER config in settings.py defines worker timeout=1800s, retry=timeout+10s, catch_up=False. Three supervised processes via supervisord: gunicorn (web), document_c",paperless-ngx/paperless-ngx,2026-09-13T15:47:55.935Z
20260913T035631.013586628Z-openclaw-sweatlasqa-pilot30-ctxlimit-amem-repo-sglang,task-6905333b74f22949d97ba9d0,16,2,2,9e0e5f55-a009-425d-bc7f-581a4219bd62,69.239587,match,"paperless-ngx task execution tracking: Uses django_q framework. Django-Q provides Task model and Schedule model in django_q.models (available in INSTALLED_APPS). Q_CLUSTER settings: catch_up=False (won't catch up missed schedules on restart), workers=count(CPU cores/2), timeout=1800s (5min), retry=1",paperless-ngx/paperless-ngx,2026-09-13T15:48:20.309Z
20260913T035631.013586628Z-openclaw-sweatlasqa-pilot30-ctxlimit-amem-repo-sglang,task-6905333b74f22949d97ba9d0,16,2,3,e15b9611-997d-484c-9459-9028b51753ab,68.49015,match,paperless-ngx periodic tasks: 1) train_classifier - hourly - trains ML classifier for auto-matching tags/correspondents/document types; 2) index_optimize - daily - optimizes Whoosh search index (AsyncWriter.commit with optimize=True); 3) sanity_check - weekly - checks document file integrity; 4) pro,paperless-ngx/paperless-ngx,2026-09-13T15:47:55.936Z
20260913T035631.013586628Z-openclaw-sweatlasqa-pilot30-ctxlimit-amem-repo-sglang,task-6905333b74f22949d97ba9d0,16,2,4,029f77f4-9f6f-4b89-87c9-dcd60455f221,63.475179999999995,match,"paperless-ngx sanity_checker checks: 1) Thumbnail file existence and readability; 2) Original source file existence, readability, and MD5 checksum match; 3) Archive file existence, checksum consistency (archive_filename/archive_checksum must both exist or both be absent); 4) Detects orphaned files i",paperless-ngx/paperless-ngx,2026-09-13T15:47:55.934Z
20260913T035631.013586628Z-openclaw-sweatlasqa-pilot30-ctxlimit-amem-repo-sglang,task-6905333b74f22949d97ba9d0,16,2,5,ae0b9e30-d4fb-4193-a886-3a36cb367495,60.779,match,"paperless-ngx startup behavior: docker-prepare.sh runs on container startup: waits for PostgreSQL/Redis, runs database migrations (flock-locked), reindexes search index if version changed, creates superuser if PAPERLESS_ADMIN_USER set. No Django signal handlers for startup. Document consumer polls/i",paperless-ngx/paperless-ngx,2026-09-13T15:48:20.318Z
20260913T035631.013586628Z-openclaw-sweatlasqa-pilot30-ctxlimit-amem-repo-sglang,task-6905333b74f22949d97ba9d1,17,1,1,e15b9611-997d-484c-9459-9028b51753ab,61.586105999999994,match,paperless-ngx periodic tasks: 1) train_classifier - hourly - trains ML classifier for auto-matching tags/correspondents/document types; 2) index_optimize - daily - optimizes Whoosh search index (AsyncWriter.commit with optimize=True); 3) sanity_check - weekly - checks document file integrity; 4) pro,paperless-ngx/paperless-ngx,2026-09-13T15:47:55.936Z
20260913T035631.013586628Z-openclaw-sweatlasqa-pilot30-ctxlimit-amem-repo-sglang,task-6905333b74f22949d97ba9d1,17,1,2,ae0b9e30-d4fb-4193-a886-3a36cb367495,58.29735,match,"paperless-ngx startup behavior: docker-prepare.sh runs on container startup: waits for PostgreSQL/Redis, runs database migrations (flock-locked), reindexes search index if version changed, creates superuser if PAPERLESS_ADMIN_USER set. No Django signal handlers for startup. Document consumer polls/i",paperless-ngx/paperless-ngx,2026-09-13T15:48:20.318Z
20260913T035631.013586628Z-openclaw-sweatlasqa-pilot30-ctxlimit-amem-repo-sglang,task-6905333b74f22949d97ba9d1,17,1,3,9e0e5f55-a009-425d-bc7f-581a4219bd62,58.043575000000004,match,"paperless-ngx task execution tracking: Uses django_q framework. Django-Q provides Task model and Schedule model in django_q.models (available in INSTALLED_APPS). Q_CLUSTER settings: catch_up=False (won't catch up missed schedules on restart), workers=count(CPU cores/2), timeout=1800s (5min), retry=1",paperless-ngx/paperless-ngx,2026-09-13T15:48:20.309Z
20260913T035631.013586628Z-openclaw-sweatlasqa-pilot30-ctxlimit-amem-repo-sglang,task-6905333b74f22949d97ba9d1,17,1,4,029f77f4-9f6f-4b89-87c9-dcd60455f221,54.63149000000001,match,"paperless-ngx sanity_checker checks: 1) Thumbnail file existence and readability; 2) Original source file existence, readability, and MD5 checksum match; 3) Archive file existence, checksum consistency (archive_filename/archive_checksum must both exist or both be absent); 4) Detects orphaned files i",paperless-ngx/paperless-ngx,2026-09-13T15:47:55.934Z
20260913T035631.013586628Z-openclaw-sweatlasqa-pilot30-ctxlimit-amem-repo-sglang,task-6905333b74f22949d97ba9d1,17,1,5,37f53f26-9c1c-4df5-a403-aee9426df5e3,57.42775,match,"User is evaluating paperless-ngx architecture with a focus on background maintenance, task scheduling, and the sanity checker functionality. The system uses Django-Q (NOT Celery) for task scheduling, with periodic tasks registered via Django migrations. Q_CLUSTER config in settings.py defines worker",paperless-ngx/paperless-ngx,2026-09-13T15:47:55.935Z
20260913T143407.885544474Z-openclaw-sweatlasqa-pilot30-ctxlimit-amem-repo-sglang,task-6905333b74f22949d97ba9a4,1,2,1,3dc7b925-ebaa-4d20-b6c5-97fc4c9e75bc,61.552240000000005,match,"User wants to understand SimpleLogin's local development startup process, including backend initialization, configuration loading, readiness indicators (log messages), exposed ports/endpoints, and the handling of a single authenticated request.",simple-login/app,2026-09-13T14:38:16.195Z
20260913T143407.885544474Z-openclaw-sweatlasqa-pilot30-ctxlimit-amem-repo-sglang,task-6905333b74f22949d97ba9a4,1,2,2,c532804d-ec24-4ac9-89ca-2ee337d90d36,52.306490000000004,match,"SimpleLogin is a Python web application. Key files: server.py (main entry point), wsgi.py (WSGI entry), init_app.py (app initialization), cron.py (background jobs), email_handler.py (email processing), job_runner.py (job execution). Uses Flask (based on pyproject.toml).",simple-login/app,2026-09-13T14:34:45.289Z
20260913T143407.885544474Z-openclaw-sweatlasqa-pilot30-ctxlimit-amem-repo-sglang,task-6905333b74f22949d97ba9a4,1,3,1,ba469685-f05c-4bb1-9474-bca815e05476,65.56958,match,"SimpleLogin local dev startup: server.py has create_app() which returns a Flask app; wsgi.py imports create_app. Dev mode uses gunicorn on port 7777 (Dockerfile). Config loads from .env file via python-dotenv (app/config.py) or a CONFIG env var pointing to a file. Required env vars: URL, EMAIL_DOMAI",simple-login/app,2026-09-13T14:43:44.533Z
20260913T143407.885544474Z-openclaw-sweatlasqa-pilot30-ctxlimit-amem-repo-sglang,task-6905333b74f22949d97ba9a4,1,3,2,3dc7b925-ebaa-4d20-b6c5-97fc4c9e75bc,65.55921000000001,match,"User wants to understand SimpleLogin's local development startup process, including backend initialization, configuration loading, readiness indicators (log messages), exposed ports/endpoints, and the handling of a single authenticated request.",simple-login/app,2026-09-13T14:38:16.195Z
20260913T143407.885544474Z-openclaw-sweatlasqa-pilot30-ctxlimit-amem-repo-sglang,task-6905333b74f22949d97ba9a4,1,3,3,c532804d-ec24-4ac9-89ca-2ee337d90d36,54.909134,match,"SimpleLogin is a Python web application. Key files: server.py (main entry point), wsgi.py (WSGI entry), init_app.py (app initialization), cron.py (background jobs), email_handler.py (email processing), job_runner.py (job execution). Uses Flask (based on pyproject.toml).",simple-login/app,2026-09-13T14:34:45.289Z
20260913T143407.885544474Z-openclaw-sweatlasqa-pilot30-ctxlimit-amem-repo-sglang,task-6905333b74f22949d97ba9a5,2,1,1,03f10aea-0f77-4485-91c4-5fcbdb564011,39.014053,match,"Final answer written to /logs/agent/answer.txt covering: (1) startup sequence - config.py loads .env via python-dotenv, prints "">>> init logging <<<"" then "">>> URL: ..."" then gunicorn boots on port 7777; (2) all routes mapped across auth, dashboard, api, internal, monitor, oauth, discover, developer",simple-login/app,2026-09-13T14:49:58.384Z
20260913T143407.885544474Z-openclaw-sweatlasqa-pilot30-ctxlimit-amem-repo-sglang,task-6905333b74f22949d97ba9a5,2,1,2,ba469685-f05c-4bb1-9474-bca815e05476,40.003526,match,"SimpleLogin local dev startup: server.py has create_app() which returns a Flask app; wsgi.py imports create_app. Dev mode uses gunicorn on port 7777 (Dockerfile). Config loads from .env file via python-dotenv (app/config.py) or a CONFIG env var pointing to a file. Required env vars: URL, EMAIL_DOMAI",simple-login/app,2026-09-13T14:43:44.533Z
20260913T143407.885544474Z-openclaw-sweatlasqa-pilot30-ctxlimit-amem-repo-sglang,task-6905333b74f22949d97ba9a5,2,1,3,3dc7b925-ebaa-4d20-b6c5-97fc4c9e75bc,39.088053,match,"User wants to understand SimpleLogin's local development startup process, including backend initialization, configuration loading, readiness indicators (log messages), exposed ports/endpoints, and the handling of a single authenticated request.",simple-login/app,2026-09-13T14:38:16.195Z
20260913T143407.885544474Z-openclaw-sweatlasqa-pilot30-ctxlimit-amem-repo-sglang,task-6905333b74f22949d97ba9a5,2,1,4,c532804d-ec24-4ac9-89ca-2ee337d90d36,34.369296,match,"SimpleLogin is a Python web application. Key files: server.py (main entry point), wsgi.py (WSGI entry), init_app.py (app initialization), cron.py (background jobs), email_handler.py (email processing), job_runner.py (job execution). Uses Flask (based on pyproject.toml).",simple-login/app,2026-09-13T14:34:45.289Z
20260913T143407.885544474Z-openclaw-sweatlasqa-pilot30-ctxlimit-amem-repo-sglang,task-6905333b74f22949d97ba9a5,2,2,1,03f10aea-0f77-4485-91c4-5fcbdb564011,35.122395,match,"Final answer written to /logs/agent/answer.txt covering: (1) startup sequence - config.py loads .env via python-dotenv, prints "">>> init logging <<<"" then "">>> URL: ..."" then gunicorn boots on port 7777; (2) all routes mapped across auth, dashboard, api, internal, monitor, oauth, discover, developer",simple-login/app,2026-09-13T14:49:58.384Z
20260913T143407.885544474Z-openclaw-sweatlasqa-pilot30-ctxlimit-amem-repo-sglang,task-6905333b74f22949d97ba9a5,2,2,2,3dc7b925-ebaa-4d20-b6c5-97fc4c9e75bc,28.706473,match,"User wants to understand SimpleLogin's local development startup process, including backend initialization, configuration loading, readiness indicators (log messages), exposed ports/endpoints, and the handling of a single authenticated request.",simple-login/app,2026-09-13T14:38:16.195Z
20260913T143407.885544474Z-openclaw-sweatlasqa-pilot30-ctxlimit-amem-repo-sglang,task-6905333b74f22949d97ba9a5,2,2,3,ba469685-f05c-4bb1-9474-bca815e05476,27.486598,match,"SimpleLogin local dev startup: server.py has create_app() which returns a Flask app; wsgi.py imports create_app. Dev mode uses gunicorn on port 7777 (Dockerfile). Config loads from .env file via python-dotenv (app/config.py) or a CONFIG env var pointing to a file. Required env vars: URL, EMAIL_DOMAI",simple-login/app,2026-09-13T14:43:44.533Z
20260913T143407.885544474Z-openclaw-sweatlasqa-pilot30-ctxlimit-amem-repo-sglang,task-6905333b74f22949d97ba9a5,2,2,4,c532804d-ec24-4ac9-89ca-2ee337d90d36,25.359482,match,"SimpleLogin is a Python web application. Key files: server.py (main entry point), wsgi.py (WSGI entry), init_app.py (app initialization), cron.py (background jobs), email_handler.py (email processing), job_runner.py (job execution). Uses Flask (based on pyproject.toml).",simple-login/app,2026-09-13T14:34:45.289Z
20260913T143407.885544474Z-openclaw-sweatlasqa-pilot30-ctxlimit-amem-repo-sglang,task-6905333b74f22949d97ba9d0,16,2,1,4a2bfe4f-6c22-4f8a-a5f5-44577e9335eb,55.444384,match,"paperless-ngx codebase is at /app with Django-based architecture. Key packages: documents, paperless, paperless_mail, paperless_tesseract, paperless_text, paperless_tika. Located at /app/src/ with manage.py at root of src.",paperless-ngx/paperless-ngx,2026-09-13T20:25:16.405Z
20260914T071929.732959741Z-openclaw-sweatlasqa-pilot30-ctxlimit-amem-repo-sglang,task-6905333b74f22949d97ba9a4,1,2,1,098ed127-a0ad-4fb0-984c-519b5365ce19,70.546114,match,"SimpleLogin background jobs: 1) cron.py - runs periodic tasks like stats, HIBP checks, log deletion, trial notifications, sent undelivered mail (via yacron scheduler in production). 2) job_runner.py - async job system with onboarding emails, batch imports, account/mailbox/domain deletion, user repor",simple-login/app,2026-09-14T07:33:26.994Z
20260914T071929.732959741Z-openclaw-sweatlasqa-pilot30-ctxlimit-amem-repo-sglang,task-6905333b74f22949d97ba9a4,1,2,2,b69787f9-9371-43b9-8302-4180cfc9532e,56.14623399999999,match,"SimpleLogin configuration loading: config.py loads from .env file via python-dotenv. Can optionally load from CONFIG env var pointing to a dotenv file. Key env vars: URL, EMAIL_DOMAIN, DB_URI, FLASK_SECRET. Uses os.environ and literal_eval for parsing. Prints "">>> URL:"" and "">>> init logging <<<"" at",simple-login/app,2026-09-14T07:33:24.799Z
20260914T071929.732959741Z-openclaw-sweatlasqa-pilot30-ctxlimit-amem-repo-sglang,task-6905333b74f22949d97ba9a4,1,2,3,d1452e26-be26-405b-85cd-0fdca96774f5,55.362797,match,"SimpleLogin dev startup: Running `python server.py` triggers `local_main()` which creates the Flask app via `create_app()`, enables DEBUG mode, configures flask-debugtoolbar, then runs `app.run(debug=True, port=7777)`. The app listens on port 7777 via Werkzeug/Flask dev server. In production (Docker",simple-login/app,2026-09-14T07:33:26.996Z
20260914T071929.732959741Z-openclaw-sweatlasqa-pilot30-ctxlimit-amem-repo-sglang,task-6905333b74f22949d97ba9a4,1,2,4,77613d75-fb6e-4c6f-b53f-7d9792b9e6ac,54.719055000000004,match,"SimpleLogin blueprint routes: auth_bp (/auth), monitor_bp (/), dashboard_bp (/dashboard), api_bp (/api), internal_bp (/internal), oauth_bp (/oauth, /oauth2), onboarding_bp (/onboarding), discover_bp (/discover), phone_bp (/phone), developer_bp (/developer), admin at /admin. Key endpoints: /health (G",simple-login/app,2026-09-14T07:33:26.992Z
20260914T071929.732959741Z-openclaw-sweatlasqa-pilot30-ctxlimit-amem-repo-sglang,task-6905333b74f22949d97ba9a4,1,2,5,c077ddca-d84e-4f9f-bb7d-beddeeb17dde,47.905685999999996,match,"SimpleLogin auth flow: Flask-Login is the auth framework. `load_user()` in server.py looks up User by `alternative_id` (a UUID stored on the User model). User.is_active() checks delete_on field. login_user() from Flask-Login sets session. Auth blueprints: auth_bp at /auth, includes login, register, ",simple-login/app,2026-09-14T07:33:26.984Z
20260914T071929.732959741Z-openclaw-sweatlasqa-pilot30-ctxlimit-amem-repo-sglang,task-6905333b74f22949d97ba9a5,2,1,1,c077ddca-d84e-4f9f-bb7d-beddeeb17dde,36.555088000000005,match,"SimpleLogin auth flow: Flask-Login is the auth framework. `load_user()` in server.py looks up User by `alternative_id` (a UUID stored on the User model). User.is_active() checks delete_on field. login_user() from Flask-Login sets session. Auth blueprints: auth_bp at /auth, includes login, register, ",simple-login/app,2026-09-14T07:33:26.984Z
20260914T071929.732959741Z-openclaw-sweatlasqa-pilot30-ctxlimit-amem-repo-sglang,task-6905333b74f22949d97ba9a5,2,1,2,77613d75-fb6e-4c6f-b53f-7d9792b9e6ac,35.74172,match,"SimpleLogin blueprint routes: auth_bp (/auth), monitor_bp (/), dashboard_bp (/dashboard), api_bp (/api), internal_bp (/internal), oauth_bp (/oauth, /oauth2), onboarding_bp (/onboarding), discover_bp (/discover), phone_bp (/phone), developer_bp (/developer), admin at /admin. Key endpoints: /health (G",simple-login/app,2026-09-14T07:33:26.992Z
20260914T071929.732959741Z-openclaw-sweatlasqa-pilot30-ctxlimit-amem-repo-sglang,task-6905333b74f22949d97ba9a5,2,1,3,d1452e26-be26-405b-85cd-0fdca96774f5,35.502157000000004,match,"SimpleLogin dev startup: Running `python server.py` triggers `local_main()` which creates the Flask app via `create_app()`, enables DEBUG mode, configures flask-debugtoolbar, then runs `app.run(debug=True, port=7777)`. The app listens on port 7777 via Werkzeug/Flask dev server. In production (Docker",simple-login/app,2026-09-14T07:33:26.996Z
20260914T071929.732959741Z-openclaw-sweatlasqa-pilot30-ctxlimit-amem-repo-sglang,task-6905333b74f22949d97ba9a5,2,1,4,b69787f9-9371-43b9-8302-4180cfc9532e,30.370852,match,"SimpleLogin configuration loading: config.py loads from .env file via python-dotenv. Can optionally load from CONFIG env var pointing to a dotenv file. Key env vars: URL, EMAIL_DOMAIN, DB_URI, FLASK_SECRET. Uses os.environ and literal_eval for parsing. Prints "">>> URL:"" and "">>> init logging <<<"" at",simple-login/app,2026-09-14T07:33:24.799Z
20260914T071929.732959741Z-openclaw-sweatlasqa-pilot30-ctxlimit-amem-repo-sglang,task-6905333b74f22949d97ba9a5,2,1,5,098ed127-a0ad-4fb0-984c-519b5365ce19,28.830470000000002,match,"SimpleLogin background jobs: 1) cron.py - runs periodic tasks like stats, HIBP checks, log deletion, trial notifications, sent undelivered mail (via yacron scheduler in production). 2) job_runner.py - async job system with onboarding emails, batch imports, account/mailbox/domain deletion, user repor",simple-login/app,2026-09-14T07:33:26.994Z
