run_dir,replicate,arm,task_id,occurrence,repository,session_id,call_seq,query,n_results,n_via_match,n_via_link,sim_mean,sim_min,sim_max,note_ids,gateway_log_query,gateway_log_n_results,gateway_log_latency_ms,agg_score,reward,control_agg_score,delta,bucket
20260913T063321.846516847Z-openclaw-sweatlasqa-pilot30-amem-global-sglang,pilot30,global-scope,task-6905333b74f22949d97ba9a4,1,simple-login/app,d362fa11-a8cb-4bb1-a1de-2788bae93c34,1,SimpleLogin backend startup development configuration,0,0,0,,,,,SimpleLogin backend startup development configuration,0,25,,,1.0,,
20260913T063321.846516847Z-openclaw-sweatlasqa-pilot30-amem-global-sglang,pilot30,global-scope,task-6905333b74f22949d97ba9a4,1,simple-login/app,d362fa11-a8cb-4bb1-a1de-2788bae93c34,2,SimpleLogin startup backend dev mode configuration,0,0,0,,,,,SimpleLogin startup backend dev mode configuration,6,94,,,1.0,,
20260913T063321.846516847Z-openclaw-sweatlasqa-pilot30-amem-global-sglang,pilot30,global-scope,task-6905333b74f22949d97ba9a5,2,simple-login/app,492c571c-d757-415f-8c97-e19ad403393e,1,alias creation signed suffix validation rate limiting,0,0,0,,,,,alias creation signed suffix validation rate limiting,6,195,0.6923076923076923,0.0,0.6923076923076923,0.0,tied
20260913T063321.846516847Z-openclaw-sweatlasqa-pilot30-amem-global-sglang,pilot30,global-scope,task-6905333b74f22949d97ba9a6,3,simple-login/app,55c27c45-54a7-4cc1-acb2-fe1dba336c0b,1,email privacy anonymous aliases system,0,0,0,,,,,email privacy anonymous aliases system,7,159,0.8181818181818182,0.0,0.8181818181818182,0.0,tied
20260913T063321.846516847Z-openclaw-sweatlasqa-pilot30-amem-global-sglang,pilot30,global-scope,task-6905333b74f22949d97ba9a6,3,simple-login/app,55c27c45-54a7-4cc1-acb2-fe1dba336c0b,2,database migrations tables email handler registration,0,0,0,,,,,database migrations tables email handler registration,12,1103,0.8181818181818182,0.0,0.8181818181818182,0.0,tied
20260913T063321.846516847Z-openclaw-sweatlasqa-pilot30-amem-global-sglang,pilot30,global-scope,task-6905333b74f22949d97ba9a7,4,simple-login/app,1902c506-e522-4de2-bd74-9348c5691b42,1,SimpleLogin codebase repository structure,0,0,0,,,,,SimpleLogin codebase repository structure,12,1682,1.0,1.0,1.0,0.0,tied
20260913T063321.846516847Z-openclaw-sweatlasqa-pilot30-amem-global-sglang,pilot30,global-scope,task-6905333b74f22949d97ba9a8,5,simple-login/app,dc2602f2-db53-4d1d-8115-4394df8bda4c,1,SimpleLogin Flask app startup configuration,0,0,0,,,,,SimpleLogin Flask app startup configuration,13,1769,1.0,1.0,1.0,0.0,tied
20260913T063321.846516847Z-openclaw-sweatlasqa-pilot30-amem-global-sglang,pilot30,global-scope,task-6905333b74f22949d97ba9a9,6,simple-login/app,c5a23804-a070-4fa3-8fcc-f27bdb813be5,1,SimpleLogin alias reply handling email routing,0,0,0,,,,,SimpleLogin alias reply handling email routing,13,1569,0.7,0.0,0.4,0.29999999999999993,improved
20260913T063321.846516847Z-openclaw-sweatlasqa-pilot30-amem-global-sglang,pilot30,global-scope,task-6905333b74f22949d97ba9a9,6,simple-login/app,c5a23804-a070-4fa3-8fcc-f27bdb813be5,2,SimpleLogin handle_reply EmailLog mailbox alias routing,0,0,0,,,,,SimpleLogin handle_reply EmailLog mailbox alias routing,13,1292,0.7,0.0,0.4,0.29999999999999993,improved
20260913T063321.846516847Z-openclaw-sweatlasqa-pilot30-amem-global-sglang,pilot30,global-scope,task-6905333b74f22949d97ba9aa,7,simple-login/app,9ba74797-a911-4b72-aeae-8bc1789dd7e2,1,SimpleLogin repository structure,0,0,0,,,,,SimpleLogin repository structure,13,1242,0.6666666666666666,0.0,0.75,-0.08333333333333337,degraded
20260913T063321.846516847Z-openclaw-sweatlasqa-pilot30-amem-global-sglang,pilot30,global-scope,task-6905333b74f22949d97ba9ab,8,simple-login/app,03eefa04-c9d7-491e-b9b9-bee00e45cfb1,1,SimpleLogin alias creation codebase,0,0,0,,,,,SimpleLogin alias creation codebase,13,1689,0.8571428571428571,0.0,0.8571428571428571,0.0,tied
20260913T063321.846516847Z-openclaw-sweatlasqa-pilot30-amem-global-sglang,pilot30,global-scope,task-6905333b74f22949d97ba9ab,8,simple-login/app,03eefa04-c9d7-491e-b9b9-bee00e45cfb1,2,SimpleLogin alias creation flow database tables request response,0,0,0,,,,,SimpleLogin alias creation flow database tables request response,13,1139,0.8571428571428571,0.0,0.8571428571428571,0.0,tied
20260913T063321.846516847Z-openclaw-sweatlasqa-pilot30-amem-global-sglang,pilot30,global-scope,task-6905333b74f22949d97ba9ac,9,simple-login/app,fced9cb1-5bf5-4c1b-80c0-a9fe0b261c97,1,SimpleLogin email forwarding message-id log,0,0,0,,,,,SimpleLogin email forwarding message-id log,13,484,0.9,0.0,0.6,0.30000000000000004,improved
20260913T063321.846516847Z-openclaw-sweatlasqa-pilot30-amem-global-sglang,pilot30,global-scope,task-6905333b74f22949d97ba9ad,10,simple-login/app,a3b8a1b5-e0d1-4b58-9f17-e7a5e32f38c6,1,SimpleLogin setup registration dashboard,0,0,0,,,,,SimpleLogin setup registration dashboard,13,1194,0.8181818181818182,0.0,0.6363636363636364,0.18181818181818188,improved
20260913T063321.846516847Z-openclaw-sweatlasqa-pilot30-amem-global-sglang,pilot30,global-scope,task-6905333b74f22949d97ba9ae,11,simple-login/app,211efd73-321a-4bc3-aee8-07f2f24e9831,1,SimpleLogin reply resolution contact forwarding alias,0,0,0,,,,,SimpleLogin reply resolution contact forwarding alias,13,230,0.5833333333333334,0.0,0.6666666666666666,-0.08333333333333326,degraded
20260913T063321.846516847Z-openclaw-sweatlasqa-pilot30-amem-global-sglang,pilot30,global-scope,task-6905333b74f22949d97ba9af,12,simple-login/app,69677615-2d2a-4987-8991-1671d5b91fd2,1,codebase structure development environment,0,0,0,,,,,codebase structure development environment,13,1244,0.9230769230769231,0.0,0.9230769230769231,0.0,tied
20260913T063321.846516847Z-openclaw-sweatlasqa-pilot30-amem-global-sglang,pilot30,global-scope,task-6905333b74f22949d97ba9b2,13,simple-login/app,96a2c9ce-bc61-4d2f-8726-bd45ced32d2d,1,bounce email handling SimpleLogin SMTP,0,0,0,,,,,bounce email handling SimpleLogin SMTP,13,1759,1.0,1.0,1.0,0.0,tied
20260913T063321.846516847Z-openclaw-sweatlasqa-pilot30-amem-global-sglang,pilot30,global-scope,task-6905333b74f22949d97ba9d0,16,paperless-ngx/paperless-ngx,aa357822-79e5-4ea9-8ad0-538c2042e626,1,paperless-ngx architecture tasks scheduler maintenance,0,0,0,,,,,paperless-ngx architecture tasks scheduler maintenance,13,1230,1.0,1.0,,,
20260913T063321.846516847Z-openclaw-sweatlasqa-pilot30-amem-global-sglang,pilot30,global-scope,task-6905333b74f22949d97ba9d1,17,paperless-ngx/paperless-ngx,e17008d4-d2b6-4225-866d-87650c7a66dc,1,Paperless-NGX search index synchronization,0,0,0,,,,,Paperless-NGX search index synchronization,13,456,1.0,1.0,1.0,0.0,tied
20260913T063321.846516847Z-openclaw-sweatlasqa-pilot30-amem-global-sglang,pilot30,global-scope,task-6905333b74f22949d97ba9d1,17,paperless-ngx/paperless-ngx,e17008d4-d2b6-4225-866d-87650c7a66dc,2,Paperless-NGX index synchronization API update signal,0,0,0,,,,,Paperless-NGX index synchronization API update signal,11,1234,1.0,1.0,1.0,0.0,tied
20260913T063321.846516847Z-openclaw-sweatlasqa-pilot30-amem-global-sglang,pilot30,global-scope,task-6905333b74f22949d97ba9d2,18,paperless-ngx/paperless-ngx,faf1f833-e48a-46f4-81e4-1e36f7da853b,1,paperless-ngx document processing pipeline,0,0,0,,,,,paperless-ngx document processing pipeline,13,1292,0.9090909090909091,0.0,0.9090909090909091,0.0,tied
20260913T063321.846516847Z-openclaw-sweatlasqa-pilot30-amem-global-sglang,pilot30,global-scope,task-6905333b74f22949d97ba9d2,18,paperless-ngx/paperless-ngx,faf1f833-e48a-46f4-81e4-1e36f7da853b,2,paperless-ngx document metadata required optional derived,0,0,0,,,,,paperless-ngx document metadata required optional derived,9,1159,0.9090909090909091,0.0,0.9090909090909091,0.0,tied
20260913T063321.846516847Z-openclaw-sweatlasqa-pilot30-amem-global-sglang,pilot30,global-scope,task-6905333b74f22949d97ba9d3,19,paperless-ngx/paperless-ngx,5719a98c-5d7e-43d0-a8be-6654c56556b0,1,paperless-ngx document ingestion pipeline,0,0,0,,,,,paperless-ngx document ingestion pipeline,9,420,1.0,1.0,1.0,0.0,tied
20260913T063321.846516847Z-openclaw-sweatlasqa-pilot30-amem-global-sglang,pilot30,global-scope,task-6905333b74f22949d97ba9d3,19,paperless-ngx/paperless-ngx,5719a98c-5d7e-43d0-a8be-6654c56556b0,2,paperless-ngx ingestion pipeline classifier training file layout database tables,0,0,0,,,,,paperless-ngx ingestion pipeline classifier training file layout database tables,18,1192,1.0,1.0,1.0,0.0,tied
20260913T063321.846516847Z-openclaw-sweatlasqa-pilot30-amem-global-sglang,pilot30,global-scope,task-6905333b74f22949d97ba9d4,20,paperless-ngx/paperless-ngx,20adb95d-22a5-42bd-9df3-e1f6151dac77,1,Paperless-NGX runtime background processes tasks,0,0,0,,,,,Paperless-NGX runtime background processes tasks,13,1260,0.9090909090909091,0.0,0.8181818181818182,0.09090909090909083,improved
20260913T063321.846516847Z-openclaw-sweatlasqa-pilot30-amem-global-sglang,pilot30,global-scope,task-6905333b74f22949d97ba9d4,20,paperless-ngx/paperless-ngx,20adb95d-22a5-42bd-9df3-e1f6151dac77,2,paperless-ngx background processes runtime log messages periodic tasks qcluster consumer gunicorn,0,0,0,,,,,paperless-ngx background processes runtime log messages periodic tasks qcluster consumer gunicorn,13,1335,0.9090909090909091,0.0,0.8181818181818182,0.09090909090909083,improved
20260913T063321.846516847Z-openclaw-sweatlasqa-pilot30-amem-global-sglang,pilot30,global-scope,task-6905333b74f22949d97ba9d5,21,paperless-ngx/paperless-ngx,36f462a0-bc2c-4a17-8e8f-af7927028853,1,Paperless-NGX document ingestion processing pipeline,0,0,0,,,,,Paperless-NGX document ingestion processing pipeline,12,2098,0.42857142857142855,0.0,0.7857142857142857,-0.35714285714285715,degraded
20260913T063321.846516847Z-openclaw-sweatlasqa-pilot30-amem-global-sglang,pilot30,global-scope,task-6905333b74f22949d97ba9d6,22,paperless-ngx/paperless-ngx,0d80b0ec-733d-4186-b75c-4939c4fb1033,1,paperless-ngx OCR processing,0,0,0,,,,,paperless-ngx OCR processing,13,1205,0.9,0.0,0.9,0.0,tied
20260913T063321.846516847Z-openclaw-sweatlasqa-pilot30-amem-global-sglang,pilot30,global-scope,task-6905333b74f22949d97ba9d7,23,paperless-ngx/paperless-ngx,fcb497f8-8aba-4d09-b16d-ff9c7a4b22b3,1,paperless API authentication token,0,0,0,,,,,paperless API authentication token,13,1890,0.8461538461538461,0.0,0.7692307692307693,0.07692307692307687,improved
20260913T063321.846516847Z-openclaw-sweatlasqa-pilot30-amem-global-sglang,pilot30,global-scope,task-6905333b74f22949d97ba9d8,24,paperless-ngx/paperless-ngx,afd10221-f326-4167-b7cc-41df0a5bee18,1,document classification machine learning pipeline OCR barcode training tests,0,0,0,,,,,document classification machine learning pipeline OCR barcode training tests,13,431,0.5833333333333334,0.0,0.5833333333333334,0.0,tied
20260913T063321.846516847Z-openclaw-sweatlasqa-pilot30-amem-global-sglang,pilot30,global-scope,task-6905333b74f22949d97ba9d8,24,paperless-ngx/paperless-ngx,afd10221-f326-4167-b7cc-41df0a5bee18,2,classifier retrain model reuse training data hash confidence threshold OCR no text mime type barcode splitting,0,0,0,,,,,classifier retrain model reuse training data hash confidence threshold OCR no text mime type barcode splitting,13,186,0.5833333333333334,0.0,0.5833333333333334,0.0,tied
20260913T063321.846516847Z-openclaw-sweatlasqa-pilot30-amem-global-sglang,pilot30,global-scope,task-6905333b74f22949d97ba9d9,25,paperless-ngx/paperless-ngx,9a39e55d-c691-4ea2-9a65-9a879f644606,1,paperless-ngx background processing queue tasks async,0,0,0,,,,,paperless-ngx background processing queue tasks async,13,1448,0.7,0.0,0.8,-0.10000000000000009,degraded
20260913T063321.846516847Z-openclaw-sweatlasqa-pilot30-amem-global-sglang,pilot30,global-scope,task-6905333b74f22949d97ba9d9,25,paperless-ngx/paperless-ngx,9a39e55d-c691-4ea2-9a65-9a879f644606,2,django q task queue broker redis task states job,0,0,0,,,,,django q task queue broker redis task states job,13,512,0.7,0.0,0.8,-0.10000000000000009,degraded
20260913T063321.846516847Z-openclaw-sweatlasqa-pilot30-amem-global-sglang,pilot30,global-scope,task-6905333b74f22949d97ba9db,26,paperless-ngx/paperless-ngx,7095e175-1b52-42cd-be7f-63f113272e3f,1,Paperless-NGX file move tags duplicate classifier,0,0,0,,,,,Paperless-NGX file move tags duplicate classifier,13,1400,0.9166666666666666,0.0,0.8333333333333334,0.08333333333333326,improved
20260913T063321.846516847Z-openclaw-sweatlasqa-pilot30-amem-global-sglang,pilot30,global-scope,task-6905333b74f22949d97ba9dc,27,paperless-ngx/paperless-ngx,8a60324e-f374-4882-86a2-9ef5060f5a68,1,paperless-ngx OCR processing PDF upload,0,0,0,,,,,paperless-ngx OCR processing PDF upload,13,216,0.875,0.0,0.75,0.125,improved
20260913T063321.846516847Z-openclaw-sweatlasqa-pilot30-amem-global-sglang,pilot30,global-scope,task-6905333b74f22949d97ba9dc,27,paperless-ngx/paperless-ngx,8a60324e-f374-4882-86a2-9ef5060f5a68,2,paperless-ngx upload HTTP response status OCRmyPDF archive filename multi-page,0,0,0,,,,,paperless-ngx upload HTTP response status OCRmyPDF archive filename multi-page,13,1548,0.875,0.0,0.75,0.125,improved
20260913T063321.846516847Z-openclaw-sweatlasqa-pilot30-amem-global-sglang,pilot30,global-scope,task-6905333b74f22949d97ba9dd,28,paperless-ngx/paperless-ngx,79ca93b2-4f81-4301-b5ba-04806c4af129,1,Paperless-NGX document ingestion processing workflow,0,0,0,,,,,Paperless-NGX document ingestion processing workflow,13,1266,0.6,0.0,0.6,0.0,tied
20260913T063321.846516847Z-openclaw-sweatlasqa-pilot30-amem-global-sglang,pilot30,global-scope,task-6905333b74f22949d97ba9de,29,paperless-ngx/paperless-ngx,47a3a8ee-7b1c-4e5c-a55e-e1e1347b73fb,1,Paperless document processing memory metadata,0,0,0,,,,,Paperless document processing memory metadata,13,1342,0.5555555555555556,0.0,0.3333333333333333,0.22222222222222227,improved
20260913T063321.846516847Z-openclaw-sweatlasqa-pilot30-amem-global-sglang,pilot30,global-scope,task-6905333b74f22949d97ba9de,29,paperless-ngx/paperless-ngx,47a3a8ee-7b1c-4e5c-a55e-e1e1347b73fb,2,Paperless memory spike root causes content field depth serializer prefetch,0,0,0,,,,,Paperless memory spike root causes content field depth serializer prefetch,13,1241,0.5555555555555556,0.0,0.3333333333333333,0.22222222222222227,improved
20260913T063321.846516847Z-openclaw-sweatlasqa-pilot30-amem-global-sglang,pilot30,global-scope,task-6905333b74f22949d97ba9e0,30,paperless-ngx/paperless-ngx,b9b14b2d-3e48-4a5f-a8a6-31c9dded0890,1,documents list pagination filtering sorting duplicates,0,0,0,,,,,documents list pagination filtering sorting duplicates,13,1211,0.375,0.0,0.625,-0.25,degraded
20260913T063321.846516847Z-openclaw-sweatlasqa-pilot30-amem-global-sglang,pilot30,global-scope,task-6905333b74f22949d97ba9e8,14,simple-login/app,8a1555de-a30d-4fad-b6f8-a75fdfc1ad27,1,SimpleLogin authentication API sessions,0,0,0,,,,,SimpleLogin authentication API sessions,13,293,0.5333333333333333,0.0,0.8,-0.2666666666666667,degraded
20260913T063321.846516847Z-openclaw-sweatlasqa-pilot30-amem-global-sglang,pilot30,global-scope,task-6905333b74f22949d97ba9e8,14,simple-login/app,8a1555de-a30d-4fad-b6f8-a75fdfc1ad27,2,SimpleLogin API authentication session storage email headers,0,0,0,,,,,SimpleLogin API authentication session storage email headers,18,1219,0.5333333333333333,0.0,0.8,-0.2666666666666667,degraded
20260913T063321.846516847Z-openclaw-sweatlasqa-pilot30-amem-global-sglang,pilot30,global-scope,task-6905333b74f22949d97baa1d,15,simple-login/app,9f829955-52f2-4daa-9144-b0fe821fe725,1,SimpleLogin session handling Redis deserialization,0,0,0,,,,,SimpleLogin session handling Redis deserialization,13,1317,0.75,0.0,0.5,0.25,improved
20260914T035338.436341279Z-openclaw-sweatlasqa-pilot30-shuffle1-amem-global-sglang,pilot30-shuffle1,global-scope,task-6905333b74f22949d97ba9a5,6,simple-login/app,d4cf1b56-ff2a-4722-a1f4-2292205f6b11,1,alias creation validation signed suffix rate limiting quota,0,0,0,,,,,alias creation validation signed suffix rate limiting quota,9,1652,0.6153846153846154,0.0,0.8461538461538461,-0.23076923076923073,degraded
20260914T035338.436341279Z-openclaw-sweatlasqa-pilot30-shuffle1-amem-global-sglang,pilot30-shuffle1,global-scope,task-6905333b74f22949d97ba9a5,6,simple-login/app,d4cf1b56-ff2a-4722-a1f4-2292205f6b11,2,alias creation API error status code validation rate limit signature tampered,0,0,0,,,,,alias creation API error status code validation rate limit signature tampered,9,1300,0.6153846153846154,0.0,0.8461538461538461,-0.23076923076923073,degraded
20260914T035338.436341279Z-openclaw-sweatlasqa-pilot30-shuffle1-amem-global-sglang,pilot30-shuffle1,global-scope,task-6905333b74f22949d97ba9a6,14,simple-login/app,43b2afac-ab85-4ce2-bf92-db600be7a5d4,1,email privacy system anonymous aliases initialization,0,0,0,,,,,email privacy system anonymous aliases initialization,9,1525,0.8181818181818182,0.0,0.8181818181818182,0.0,tied
20260914T035338.436341279Z-openclaw-sweatlasqa-pilot30-shuffle1-amem-global-sglang,pilot30-shuffle1,global-scope,task-6905333b74f22949d97ba9a6,14,simple-login/app,43b2afac-ab85-4ce2-bf92-db600be7a5d4,2,SimpleLogin migration table count user registration login API max_alias config,0,0,0,,,,,SimpleLogin migration table count user registration login API max_alias config,11,253,0.8181818181818182,0.0,0.8181818181818182,0.0,tied
20260914T035338.436341279Z-openclaw-sweatlasqa-pilot30-shuffle1-amem-global-sglang,pilot30-shuffle1,global-scope,task-6905333b74f22949d97ba9a7,15,simple-login/app,ca5f8dda-e8a3-48eb-8184-9b931b6cf5d8,1,SimpleLogin workflow verification code forwarding,0,0,0,,,,,SimpleLogin workflow verification code forwarding,11,1214,0.9230769230769231,0.0,1.0,-0.07692307692307687,degraded
20260914T035338.436341279Z-openclaw-sweatlasqa-pilot30-shuffle1-amem-global-sglang,pilot30-shuffle1,global-scope,task-6905333b74f22949d97ba9ac,1,simple-login/app,369e7eca-269e-4ce6-9841-bb0ae1bfb366,1,SimpleLogin email forwarding alias processing,0,0,0,,,,,SimpleLogin email forwarding alias processing,0,61,,,0.6,,
20260914T035338.436341279Z-openclaw-sweatlasqa-pilot30-shuffle1-amem-global-sglang,pilot30-shuffle1,global-scope,task-6905333b74f22949d97ba9ac,1,simple-login/app,369e7eca-269e-4ce6-9841-bb0ae1bfb366,2,SimpleLogin email forwarding log message status code from header VERP,2,2,0,68.890545,66.48475,71.29634,ccc0679b-1976-46e6-9de9-6e9fe28d809a;50b46470-6669-4a2f-bc8c-4151733514ff,SimpleLogin email forwarding log message status code from header VERP,2,208,,,0.6,,
20260914T035338.436341279Z-openclaw-sweatlasqa-pilot30-shuffle1-amem-global-sglang,pilot30-shuffle1,global-scope,task-6905333b74f22949d97ba9ad,4,simple-login/app,bf452cff-fc60-4e42-a1e9-a72ef9014d7d,1,SimpleLogin setup authentication email forwarding,0,0,0,,,,,SimpleLogin setup authentication email forwarding,7,1961,,,0.7272727272727273,,
20260914T035338.436341279Z-openclaw-sweatlasqa-pilot30-shuffle1-amem-global-sglang,pilot30-shuffle1,global-scope,task-6905333b74f22949d97ba9ad,4,simple-login/app,bf452cff-fc60-4e42-a1e9-a72ef9014d7d,2,SimpleLogin registration login activation email forwarding dashboard startup background jobs,0,0,0,,,,,SimpleLogin registration login activation email forwarding dashboard startup background jobs,8,1370,,,0.7272727272727273,,
20260914T035338.436341279Z-openclaw-sweatlasqa-pilot30-shuffle1-amem-global-sglang,pilot30-shuffle1,global-scope,task-6905333b74f22949d97ba9ae,2,simple-login/app,fa25ed0b-2e02-4be6-9469-d6c383e0e9d5,1,SimpleLogin inbound reply email contact resolution forwarding,2,2,0,66.787968,64.35581,69.22012600000001,ccc0679b-1976-46e6-9de9-6e9fe28d809a;50b46470-6669-4a2f-bc8c-4151733514ff,SimpleLogin inbound reply email contact resolution forwarding,2,258,0.6666666666666666,0.0,0.5,0.16666666666666663,improved
20260914T035338.436341279Z-openclaw-sweatlasqa-pilot30-shuffle1-amem-global-sglang,pilot30-shuffle1,global-scope,task-6905333b74f22949d97ba9ae,2,simple-login/app,fa25ed0b-2e02-4be6-9469-d6c383e0e9d5,2,SimpleLogin reply resolution race condition contact lookup forwarding,4,4,0,59.51513675,55.39701,65.591997,ccc0679b-1976-46e6-9de9-6e9fe28d809a;475e2c95-af0c-4fd3-92a7-0bc6a3835bb3;d5c66f52-1951-4440-a0bc-08a7bb0e2e95;50b46470-6669-4a2f-bc8c-4151733514ff,SimpleLogin reply resolution race condition contact lookup forwarding,4,123,0.6666666666666666,0.0,0.5,0.16666666666666663,improved
20260914T035338.436341279Z-openclaw-sweatlasqa-pilot30-shuffle1-amem-global-sglang,pilot30-shuffle1,global-scope,task-6905333b74f22949d97ba9af,3,simple-login/app,27fb13c5-789c-445b-84ba-e48e1d3118af,1,application structure database server email,4,4,0,52.021189750000005,49.916905,54.277754,ccc0679b-1976-46e6-9de9-6e9fe28d809a;475e2c95-af0c-4fd3-92a7-0bc6a3835bb3;50b46470-6669-4a2f-bc8c-4151733514ff;d5c66f52-1951-4440-a0bc-08a7bb0e2e95,application structure database server email,4,138,0.6153846153846154,0.0,0.7692307692307693,-0.15384615384615385,degraded
20260914T035338.436341279Z-openclaw-sweatlasqa-pilot30-shuffle1-amem-global-sglang,pilot30-shuffle1,global-scope,task-6905333b74f22949d97ba9af,3,simple-login/app,27fb13c5-789c-445b-84ba-e48e1d3118af,2,database error login page startup SLDomain email handler,0,0,0,,,,,database error login page startup SLDomain email handler,7,2207,0.6153846153846154,0.0,0.7692307692307693,-0.15384615384615385,degraded
20260914T035338.436341279Z-openclaw-sweatlasqa-pilot30-shuffle1-amem-global-sglang,pilot30-shuffle1,global-scope,task-6905333b74f22949d97ba9d0,27,paperless-ngx/paperless-ngx,9775681f-fa0d-4293-9b95-997c1eb7804c,1,paperless-ngx celery periodic tasks maintenance,0,0,0,,,,,paperless-ngx celery periodic tasks maintenance,13,1880,1.0,1.0,1.0,0.0,tied
20260914T035338.436341279Z-openclaw-sweatlasqa-pilot30-shuffle1-amem-global-sglang,pilot30-shuffle1,global-scope,task-6905333b74f22949d97ba9d1,28,paperless-ngx/paperless-ngx,2289546c-f6c4-4cfe-86eb-43396efd2b48,1,Paperless-NGX search index synchronization document changes,0,0,0,,,,,Paperless-NGX search index synchronization document changes,13,1934,0.0,0.0,0.875,-0.875,degraded
20260914T035338.436341279Z-openclaw-sweatlasqa-pilot30-shuffle1-amem-global-sglang,pilot30-shuffle1,global-scope,task-6905333b74f22949d97ba9d2,20,paperless-ngx/paperless-ngx,d1aee757-fed2-4e7c-9d0a-59cfccf1ea37,1,paperless-ngx document processing pipeline metadata,0,0,0,,,,,paperless-ngx document processing pipeline metadata,8,1236,0.7272727272727273,0.0,0.9090909090909091,-0.18181818181818177,degraded
20260914T035338.436341279Z-openclaw-sweatlasqa-pilot30-shuffle1-amem-global-sglang,pilot30-shuffle1,global-scope,task-6905333b74f22949d97ba9d3,16,paperless-ngx/paperless-ngx,885f46bf-d60f-4362-9d45-20232775bf53,1,paperless-ngx document ingestion pipeline processing,0,0,0,,,,,paperless-ngx document ingestion pipeline processing,13,1208,,,0.7272727272727273,,
20260914T035338.436341279Z-openclaw-sweatlasqa-pilot30-shuffle1-amem-global-sglang,pilot30-shuffle1,global-scope,task-6905333b74f22949d97ba9d3,16,paperless-ngx/paperless-ngx,885f46bf-d60f-4362-9d45-20232775bf53,2,paperless-ngx document ingestion classification training ML,0,0,0,,,,,paperless-ngx document ingestion classification training ML,13,1258,,,0.7272727272727273,,
20260914T035338.436341279Z-openclaw-sweatlasqa-pilot30-shuffle1-amem-global-sglang,pilot30-shuffle1,global-scope,task-6905333b74f22949d97ba9d4,29,paperless-ngx/paperless-ngx,93a92e64-cae4-4d05-abfc-fd164192c788,1,Paperless-NGX codebase background processes tasks,0,0,0,,,,,Paperless-NGX codebase background processes tasks,13,1739,0.8181818181818182,0.0,0.9090909090909091,-0.09090909090909083,degraded
20260914T035338.436341279Z-openclaw-sweatlasqa-pilot30-shuffle1-amem-global-sglang,pilot30-shuffle1,global-scope,task-6905333b74f22949d97ba9d4,29,paperless-ngx/paperless-ngx,93a92e64-cae4-4d05-abfc-fd164192c788,2,Paperless-NGX periodic tasks background processes startup log messages health,0,0,0,,,,,Paperless-NGX periodic tasks background processes startup log messages health,13,1303,0.8181818181818182,0.0,0.9090909090909091,-0.09090909090909083,degraded
20260914T035338.436341279Z-openclaw-sweatlasqa-pilot30-shuffle1-amem-global-sglang,pilot30-shuffle1,global-scope,task-6905333b74f22949d97ba9d5,30,paperless-ngx/paperless-ngx,d34b69c6-75b3-4ded-8b80-53b0fa389a30,1,Paperless-NGX document ingestion processing pipeline,0,0,0,,,,,Paperless-NGX document ingestion processing pipeline,13,1685,,,0.5,,
20260914T035338.436341279Z-openclaw-sweatlasqa-pilot30-shuffle1-amem-global-sglang,pilot30-shuffle1,global-scope,task-6905333b74f22949d97ba9d5,30,paperless-ngx/paperless-ngx,d34b69c6-75b3-4ded-8b80-53b0fa389a30,2,document ingestion pipeline detection parsing classification indexing,0,0,0,,,,,document ingestion pipeline detection parsing classification indexing,13,1186,,,0.5,,
20260914T035338.436341279Z-openclaw-sweatlasqa-pilot30-shuffle1-amem-global-sglang,pilot30-shuffle1,global-scope,task-6905333b74f22949d97ba9d6,24,paperless-ngx/paperless-ngx,0a73bb22-a909-4ff8-b11e-0cb2fbb85bb1,1,paperless-ngx OCR processing,0,0,0,,,,,paperless-ngx OCR processing,13,1205,0.9,0.0,0.9,0.0,tied
20260914T035338.436341279Z-openclaw-sweatlasqa-pilot30-shuffle1-amem-global-sglang,pilot30-shuffle1,global-scope,task-6905333b74f22949d97ba9d7,19,paperless-ngx/paperless-ngx,1780d0d3-499c-422a-8453-dc79eb2cc047,1,paperless API authentication token Django,0,0,0,,,,,paperless API authentication token Django,12,1471,0.8461538461538461,0.0,0.8461538461538461,0.0,tied
20260914T035338.436341279Z-openclaw-sweatlasqa-pilot30-shuffle1-amem-global-sglang,pilot30-shuffle1,global-scope,task-6905333b74f22949d97ba9d7,19,paperless-ngx/paperless-ngx,1780d0d3-499c-422a-8453-dc79eb2cc047,2,paperless authentication token header API endpoint,0,0,0,,,,,paperless authentication token header API endpoint,13,1153,0.8461538461538461,0.0,0.8461538461538461,0.0,tied
20260914T035338.436341279Z-openclaw-sweatlasqa-pilot30-shuffle1-amem-global-sglang,pilot30-shuffle1,global-scope,task-6905333b74f22949d97ba9d8,23,paperless-ngx/paperless-ngx,f57b37ed-a24f-40ec-a1de-3e10851a5ff0,1,document classification machine learning pipeline test,0,0,0,,,,,document classification machine learning pipeline test,13,1773,0.6666666666666666,0.0,0.5833333333333334,0.08333333333333326,improved
20260914T035338.436341279Z-openclaw-sweatlasqa-pilot30-shuffle1-amem-global-sglang,pilot30-shuffle1,global-scope,task-6905333b74f22949d97ba9d8,23,paperless-ngx/paperless-ngx,f57b37ed-a24f-40ec-a1de-3e10851a5ff0,2,classifier training barcodes OCR edge cases confidence threshold,0,0,0,,,,,classifier training barcodes OCR edge cases confidence threshold,18,1139,0.6666666666666666,0.0,0.5833333333333334,0.08333333333333326,improved
20260914T035338.436341279Z-openclaw-sweatlasqa-pilot30-shuffle1-amem-global-sglang,pilot30-shuffle1,global-scope,task-6905333b74f22949d97ba9d9,21,paperless-ngx/paperless-ngx,d3f4b6c7-c075-4b9f-974e-8ec26d7e90a5,1,paperless-ngx background processing async queue,0,0,0,,,,,paperless-ngx background processing async queue,9,195,0.7,0.0,1.0,-0.30000000000000004,degraded
20260914T035338.436341279Z-openclaw-sweatlasqa-pilot30-shuffle1-amem-global-sglang,pilot30-shuffle1,global-scope,task-6905333b74f22949d97ba9d9,21,paperless-ngx/paperless-ngx,d3f4b6c7-c075-4b9f-974e-8ec26d7e90a5,2,paperless-ngx async task queue django-q background processing,0,0,0,,,,,paperless-ngx async task queue django-q background processing,11,1251,0.7,0.0,1.0,-0.30000000000000004,degraded
20260914T035338.436341279Z-openclaw-sweatlasqa-pilot30-shuffle1-amem-global-sglang,pilot30-shuffle1,global-scope,task-6905333b74f22949d97ba9db,22,paperless-ngx/paperless-ngx,5141e7bf-2bdf-4eb1-a18b-84547af081b8,1,Paperless-NGX repository file handling tags duplicate classifier,0,0,0,,,,,Paperless-NGX repository file handling tags duplicate classifier,13,1286,0.9166666666666666,0.0,1.0,-0.08333333333333337,degraded
20260914T035338.436341279Z-openclaw-sweatlasqa-pilot30-shuffle1-amem-global-sglang,pilot30-shuffle1,global-scope,task-6905333b74f22949d97ba9db,22,paperless-ngx/paperless-ngx,5141e7bf-2bdf-4eb1-a18b-84547af081b8,2,paperless-ngx file handling tag rename rollback classifier duplicate sanity,0,0,0,,,,,paperless-ngx file handling tag rename rollback classifier duplicate sanity,13,1521,0.9166666666666666,0.0,1.0,-0.08333333333333337,degraded
20260914T035338.436341279Z-openclaw-sweatlasqa-pilot30-shuffle1-amem-global-sglang,pilot30-shuffle1,global-scope,task-6905333b74f22949d97ba9dc,25,paperless-ngx/paperless-ngx,f76ca88f-b1bb-4de0-8edf-f0d664b2c589,1,paperless-ngx document processing OCR,0,0,0,,,,,paperless-ngx document processing OCR,13,1338,1.0,1.0,1.0,0.0,tied
20260914T035338.436341279Z-openclaw-sweatlasqa-pilot30-shuffle1-amem-global-sglang,pilot30-shuffle1,global-scope,task-6905333b74f22949d97ba9dd,18,paperless-ngx/paperless-ngx,85459591-2fc4-43da-bd00-dc55caa41328,1,Paperless-NGX ingestion document processing codebase,0,0,0,,,,,Paperless-NGX ingestion document processing codebase,13,1286,0.7,0.0,0.5,0.19999999999999996,improved
20260914T035338.436341279Z-openclaw-sweatlasqa-pilot30-shuffle1-amem-global-sglang,pilot30-shuffle1,global-scope,task-6905333b74f22949d97ba9de,26,paperless-ngx/paperless-ngx,c18da513-cf8a-4603-98ab-9a248059e66c,1,Paperless memory usage metadata processing,0,0,0,,,,,Paperless memory usage metadata processing,13,1791,,,0.5555555555555556,,
20260914T035338.436341279Z-openclaw-sweatlasqa-pilot30-shuffle1-amem-global-sglang,pilot30-shuffle1,global-scope,task-6905333b74f22949d97ba9e0,17,paperless-ngx/paperless-ngx,95535be8-2ddf-4f34-a447-cf90b7eca379,1,documents list pagination duplicate browsing filters,0,0,0,,,,,documents list pagination duplicate browsing filters,13,1303,0.625,0.0,0.75,-0.125,degraded
20260914T035338.436341279Z-openclaw-sweatlasqa-pilot30-shuffle1-amem-global-sglang,pilot30-shuffle1,global-scope,task-6905333b74f22949d97ba9e0,17,paperless-ngx/paperless-ngx,95535be8-2ddf-4f34-a447-cf90b7eca379,2,paperless-ngx documents pagination duplicate haunting ordering,0,0,0,,,,,paperless-ngx documents pagination duplicate haunting ordering,13,1155,0.625,0.0,0.75,-0.125,degraded
20260914T035338.436341279Z-openclaw-sweatlasqa-pilot30-shuffle1-amem-global-sglang,pilot30-shuffle1,global-scope,task-6905333b74f22949d97ba9e8,7,simple-login/app,a4685b11-d45f-4b23-bf64-c667f053b311,1,SimpleLogin authentication API sessions email forwarding alias tokens,0,0,0,,,,,SimpleLogin authentication API sessions email forwarding alias tokens,9,1506,,,0.8666666666666667,,
20260914T035338.436341279Z-openclaw-sweatlasqa-pilot30-shuffle1-amem-global-sglang,pilot30-shuffle1,global-scope,task-6905333b74f22949d97baa1d,5,simple-login/app,f37b0ad8-1d3c-4a52-8b90-184308d27f06,1,SimpleLogin session handling Redis deserialization,0,0,0,,,,,SimpleLogin session handling Redis deserialization,8,1944,0.875,0.0,0.75,0.125,improved
20260914T035338.436341279Z-openclaw-sweatlasqa-pilot30-shuffle1-amem-global-sglang,pilot30-shuffle1,global-scope,task-6905333b74f22949d97baa1d,5,simple-login/app,f37b0ad8-1d3c-4a52-8b90-184308d27f06,2,SimpleLogin session corruption pickle deserialization itsdangerous,0,0,0,,,,,SimpleLogin session corruption pickle deserialization itsdangerous,9,1190,0.875,0.0,0.75,0.125,improved
20260914T035345.813663967Z-openclaw-sweatlasqa-pilot30-shuffle2-amem-global-sglang,pilot30-shuffle2,global-scope,task-6905333b74f22949d97ba9a4,14,simple-login/app,7e2e9d5a-174b-4d6c-a37d-c934baacf4e0,1,SimpleLogin backend startup dev mode,0,0,0,,,,,SimpleLogin backend startup dev mode,13,1238,1.0,1.0,1.0,0.0,tied
20260914T035345.813663967Z-openclaw-sweatlasqa-pilot30-shuffle2-amem-global-sglang,pilot30-shuffle2,global-scope,task-6905333b74f22949d97ba9a4,14,simple-login/app,7e2e9d5a-174b-4d6c-a37d-c934baacf4e0,2,SimpleLogin startup configuration logging background jobs,0,0,0,,,,,SimpleLogin startup configuration logging background jobs,13,1227,1.0,1.0,1.0,0.0,tied
20260914T035345.813663967Z-openclaw-sweatlasqa-pilot30-shuffle2-amem-global-sglang,pilot30-shuffle2,global-scope,task-6905333b74f22949d97ba9a5,12,simple-login/app,d28b24fa-6b97-48ad-8a41-33450df5b03f,1,alias creation signed suffix validation rate limit,0,0,0,,,,,alias creation signed suffix validation rate limit,13,1353,0.9230769230769231,0.0,0.7692307692307693,0.15384615384615385,improved
20260914T035345.813663967Z-openclaw-sweatlasqa-pilot30-shuffle2-amem-global-sglang,pilot30-shuffle2,global-scope,task-6905333b74f22949d97ba9a5,12,simple-login/app,d28b24fa-6b97-48ad-8a41-33450df5b03f,2,signed suffix validation error status code 412 400 429 409,0,0,0,,,,,signed suffix validation error status code 412 400 429 409,13,1148,0.9230769230769231,0.0,0.7692307692307693,0.15384615384615385,improved
20260914T035345.813663967Z-openclaw-sweatlasqa-pilot30-shuffle2-amem-global-sglang,pilot30-shuffle2,global-scope,task-6905333b74f22949d97ba9a6,13,simple-login/app,cfa0c5ad-9f9f-4ecd-9019-c1c5a8b863c7,1,email privacy system anonymous aliases initialization database migration,0,0,0,,,,,email privacy system anonymous aliases initialization database migration,13,189,,,0.6363636363636364,,
20260914T035345.813663967Z-openclaw-sweatlasqa-pilot30-shuffle2-amem-global-sglang,pilot30-shuffle2,global-scope,task-6905333b74f22949d97ba9a7,2,simple-login/app,acf084a4-1a0b-49fc-8184-011179f588e9,1,SimpleLogin workflow mailbox verification code email forwarding,1,1,0,61.10311000000001,61.10311000000001,61.10311000000001,d66e85ec-97fe-4cf6-b9a2-a99f76f3a485,SimpleLogin workflow mailbox verification code email forwarding,1,110,,,0.9230769230769231,,
20260914T035345.813663967Z-openclaw-sweatlasqa-pilot30-shuffle2-amem-global-sglang,pilot30-shuffle2,global-scope,task-6905333b74f22949d97ba9a9,3,simple-login/app,7cf42607-34be-4254-b4b3-ac6964d8686d,1,SimpleLogin alias reply handling routing,6,5,1,46.699408000000005,36.450058,58.66724,d66e85ec-97fe-4cf6-b9a2-a99f76f3a485;a0f25f88-0777-4de3-b45f-35b0e8303f87;a618e7c9-2c35-4c80-9cf8-dccc9ee183ab;54f9e39c-c2da-4e19-9524-f9449131b0cc;9eeb53cb-cb87-4b1e-a500-600c801bb1e4;b55f3b00-76a4-40ca-a90e-524e5548ca9c,SimpleLogin alias reply handling routing,6,166,0.7,0.0,0.5,0.19999999999999996,improved
20260914T035345.813663967Z-openclaw-sweatlasqa-pilot30-shuffle2-amem-global-sglang,pilot30-shuffle2,global-scope,task-6905333b74f22949d97ba9aa,11,simple-login/app,3d2d9ce1-2a91-4190-8809-de15e0a8faf2,1,SimpleLogin application structure setup,0,0,0,,,,,SimpleLogin application structure setup,12,1228,0.8333333333333334,0.0,0.6666666666666666,0.16666666666666674,improved
20260914T035345.813663967Z-openclaw-sweatlasqa-pilot30-shuffle2-amem-global-sglang,pilot30-shuffle2,global-scope,task-6905333b74f22949d97ba9aa,11,simple-login/app,3d2d9ce1-2a91-4190-8809-de15e0a8faf2,2,SimpleLogin email handler job runner web server startup logs confirmation,0,0,0,,,,,SimpleLogin email handler job runner web server startup logs confirmation,13,1171,0.8333333333333334,0.0,0.6666666666666666,0.16666666666666674,improved
20260914T035345.813663967Z-openclaw-sweatlasqa-pilot30-shuffle2-amem-global-sglang,pilot30-shuffle2,global-scope,task-6905333b74f22949d97ba9ab,4,simple-login/app,3a02fd85-7a31-4dd3-a174-40a6effb1cf1,1,SimpleLogin alias creation frontend backend database,0,0,0,,,,,SimpleLogin alias creation frontend backend database,6,252,0.8571428571428571,0.0,0.7142857142857143,0.1428571428571428,improved
20260914T035345.813663967Z-openclaw-sweatlasqa-pilot30-shuffle2-amem-global-sglang,pilot30-shuffle2,global-scope,task-6905333b74f22949d97ba9ab,4,simple-login/app,3a02fd85-7a31-4dd3-a174-40a6effb1cf1,2,alias creation flow database tables touched events background tasks,0,0,0,,,,,alias creation flow database tables touched events background tasks,7,1244,0.8571428571428571,0.0,0.7142857142857143,0.1428571428571428,improved
20260914T035345.813663967Z-openclaw-sweatlasqa-pilot30-shuffle2-amem-global-sglang,pilot30-shuffle2,global-scope,task-6905333b74f22949d97ba9ac,1,simple-login/app,06cf3f47-4cd1-42d5-8f08-c14dd465a4a5,1,SimpleLogin email forwarding SL Message-ID alias,0,0,0,,,,,SimpleLogin email forwarding SL Message-ID alias,0,33,,,0.6,,
20260914T035345.813663967Z-openclaw-sweatlasqa-pilot30-shuffle2-amem-global-sglang,pilot30-shuffle2,global-scope,task-6905333b74f22949d97ba9ac,1,simple-login/app,06cf3f47-4cd1-42d5-8f08-c14dd465a4a5,2,email forwarding log messages email handler forward success failure,1,1,0,49.4352,49.4352,49.4352,d66e85ec-97fe-4cf6-b9a2-a99f76f3a485,email forwarding log messages email handler forward success failure,1,283,,,0.6,,
20260914T035345.813663967Z-openclaw-sweatlasqa-pilot30-shuffle2-amem-global-sglang,pilot30-shuffle2,global-scope,task-6905333b74f22949d97ba9ad,15,simple-login/app,23111230-60da-4e43-9d0e-b1430d2ddc49,1,SimpleLogin codebase setup authentication email,0,0,0,,,,,SimpleLogin codebase setup authentication email,13,233,0.7272727272727273,0.0,0.5454545454545454,0.18181818181818188,improved
20260914T035345.813663967Z-openclaw-sweatlasqa-pilot30-shuffle2-amem-global-sglang,pilot30-shuffle2,global-scope,task-6905333b74f22949d97ba9ae,10,simple-login/app,e899d74e-d35a-4389-9b39-8622fff7a276,1,SimpleLogin inbound email reply contact resolution alias forwarding,0,0,0,,,,,SimpleLogin inbound email reply contact resolution alias forwarding,10,211,0.5,0.0,0.6666666666666666,-0.16666666666666663,degraded
20260914T035345.813663967Z-openclaw-sweatlasqa-pilot30-shuffle2-amem-global-sglang,pilot30-shuffle2,global-scope,task-6905333b74f22949d97ba9af,9,simple-login/app,b6911d06-b5cb-4f96-8bb6-c778f2859016,1,codebase structure server database PostgreSQL setup,0,0,0,,,,,codebase structure server database PostgreSQL setup,8,1839,0.7692307692307693,0.0,0.7692307692307693,0.0,tied
20260914T035345.813663967Z-openclaw-sweatlasqa-pilot30-shuffle2-amem-global-sglang,pilot30-shuffle2,global-scope,task-6905333b74f22949d97ba9af,9,simple-login/app,b6911d06-b5cb-4f96-8bb6-c778f2859016,2,database migrations login server startup services email handler SMTP,0,0,0,,,,,database migrations login server startup services email handler SMTP,10,1493,0.7692307692307693,0.0,0.7692307692307693,0.0,tied
20260914T035345.813663967Z-openclaw-sweatlasqa-pilot30-shuffle2-amem-global-sglang,pilot30-shuffle2,global-scope,task-6905333b74f22949d97ba9d0,26,paperless-ngx/paperless-ngx,9faa6273-542d-4004-b3bb-3805f41a7ac4,1,paperless-ngx background maintenance tasks,0,0,0,,,,,paperless-ngx background maintenance tasks,13,266,1.0,1.0,1.0,0.0,tied
20260914T035345.813663967Z-openclaw-sweatlasqa-pilot30-shuffle2-amem-global-sglang,pilot30-shuffle2,global-scope,task-6905333b74f22949d97ba9d1,18,paperless-ngx/paperless-ngx,92e5eb9c-4162-4c43-9d1f-21c42d7e68fa,1,Paperless-NGX search index synchronization document changes,0,0,0,,,,,Paperless-NGX search index synchronization document changes,13,1314,1.0,1.0,0.875,0.125,improved
20260914T035345.813663967Z-openclaw-sweatlasqa-pilot30-shuffle2-amem-global-sglang,pilot30-shuffle2,global-scope,task-6905333b74f22949d97ba9d1,18,paperless-ngx/paperless-ngx,92e5eb9c-4162-4c43-9d1f-21c42d7e68fa,2,Paperless-NGX document update API index sync add_to_index bulk_update_documents,0,0,0,,,,,Paperless-NGX document update API index sync add_to_index bulk_update_documents,13,1545,1.0,1.0,0.875,0.125,improved
20260914T035345.813663967Z-openclaw-sweatlasqa-pilot30-shuffle2-amem-global-sglang,pilot30-shuffle2,global-scope,task-6905333b74f22949d97ba9d2,19,paperless-ngx/paperless-ngx,eee96ef7-b63a-4e9f-871e-f408e4ff1644,1,paperless-ngx document processing metadata,0,0,0,,,,,paperless-ngx document processing metadata,13,1242,0.8181818181818182,0.0,0.9090909090909091,-0.09090909090909083,degraded
20260914T035345.813663967Z-openclaw-sweatlasqa-pilot30-shuffle2-amem-global-sglang,pilot30-shuffle2,global-scope,task-6905333b74f22949d97ba9d3,29,paperless-ngx/paperless-ngx,c6aee720-963b-495f-9b98-f0c33ed86909,1,paperless-ngx document processing pipeline,0,0,0,,,,,paperless-ngx document processing pipeline,13,1985,0.9090909090909091,0.0,1.0,-0.09090909090909094,degraded
20260914T035345.813663967Z-openclaw-sweatlasqa-pilot30-shuffle2-amem-global-sglang,pilot30-shuffle2,global-scope,task-6905333b74f22949d97ba9d4,24,paperless-ngx/paperless-ngx,09973fc5-a694-49f1-910b-290ed0a0c742,1,Paperless-NGX runtime background processes,0,0,0,,,,,Paperless-NGX runtime background processes,13,260,0.7272727272727273,0.0,0.8181818181818182,-0.09090909090909094,degraded
20260914T035345.813663967Z-openclaw-sweatlasqa-pilot30-shuffle2-amem-global-sglang,pilot30-shuffle2,global-scope,task-6905333b74f22949d97ba9d5,27,paperless-ngx/paperless-ngx,5775cfa8-2882-47c2-965d-6c89e029de57,1,Paperless-NGX document ingestion pipeline,0,0,0,,,,,Paperless-NGX document ingestion pipeline,13,1779,0.7142857142857143,0.0,0.6428571428571429,0.0714285714285714,improved
20260914T035345.813663967Z-openclaw-sweatlasqa-pilot30-shuffle2-amem-global-sglang,pilot30-shuffle2,global-scope,task-6905333b74f22949d97ba9d6,17,paperless-ngx/paperless-ngx,a95b616c-63a7-4f20-854d-6edc77710e2a,1,paperless-ngx OCR processing pipeline,0,0,0,,,,,paperless-ngx OCR processing pipeline,13,1194,0.9,0.0,0.9,0.0,tied
20260914T035345.813663967Z-openclaw-sweatlasqa-pilot30-shuffle2-amem-global-sglang,pilot30-shuffle2,global-scope,task-6905333b74f22949d97ba9d7,22,paperless-ngx/paperless-ngx,7b466adc-59eb-46e0-804c-87178e2801fc,1,paperless API authentication token,0,0,0,,,,,paperless API authentication token,13,1213,0.8461538461538461,0.0,0.8461538461538461,0.0,tied
20260914T035345.813663967Z-openclaw-sweatlasqa-pilot30-shuffle2-amem-global-sglang,pilot30-shuffle2,global-scope,task-6905333b74f22949d97ba9d8,25,paperless-ngx/paperless-ngx,11e9a404-d8fe-4156-ac71-d9129f0e33a4,1,document classification machine learning pipeline test training OCR,0,0,0,,,,,document classification machine learning pipeline test training OCR,13,1710,0.5,0.0,0.6666666666666666,-0.16666666666666663,degraded
20260914T035345.813663967Z-openclaw-sweatlasqa-pilot30-shuffle2-amem-global-sglang,pilot30-shuffle2,global-scope,task-6905333b74f22949d97ba9d9,21,paperless-ngx/paperless-ngx,1b8403f7-1031-4102-ae0d-2b1550973895,1,paperless-ngx background processing async queue tasks,0,0,0,,,,,paperless-ngx background processing async queue tasks,13,1515,0.8,0.0,0.6,0.20000000000000007,improved
20260914T035345.813663967Z-openclaw-sweatlasqa-pilot30-shuffle2-amem-global-sglang,pilot30-shuffle2,global-scope,task-6905333b74f22949d97ba9db,20,paperless-ngx/paperless-ngx,bb48e6d8-e8bb-4ada-9505-d262adec9917,1,Paperless-NGX file handling tags classifier duplicate,0,0,0,,,,,Paperless-NGX file handling tags classifier duplicate,13,1179,1.0,1.0,0.9166666666666666,0.08333333333333337,improved
20260914T035345.813663967Z-openclaw-sweatlasqa-pilot30-shuffle2-amem-global-sglang,pilot30-shuffle2,global-scope,task-6905333b74f22949d97ba9db,20,paperless-ngx/paperless-ngx,bb48e6d8-e8bb-4ada-9505-d262adec9917,2,Paperless-NGX rollback move file tag change rename path,0,0,0,,,,,Paperless-NGX rollback move file tag change rename path,13,231,1.0,1.0,0.9166666666666666,0.08333333333333337,improved
20260914T035345.813663967Z-openclaw-sweatlasqa-pilot30-shuffle2-amem-global-sglang,pilot30-shuffle2,global-scope,task-6905333b74f22949d97ba9dc,30,paperless-ngx/paperless-ngx,2de9840a-8d85-4968-aa2a-7f78c70d9aa3,1,paperless-ngx OCR PDF processing,0,0,0,,,,,paperless-ngx OCR PDF processing,13,1828,,,1.0,,
20260914T035345.813663967Z-openclaw-sweatlasqa-pilot30-shuffle2-amem-global-sglang,pilot30-shuffle2,global-scope,task-6905333b74f22949d97ba9dd,16,paperless-ngx/paperless-ngx,8dd1189d-ef5f-48aa-a82a-98ed68e1169a,1,Paperless-NGX codebase document ingestion workflow,0,0,0,,,,,Paperless-NGX codebase document ingestion workflow,13,1694,0.7,0.0,0.4,0.29999999999999993,improved
20260914T035345.813663967Z-openclaw-sweatlasqa-pilot30-shuffle2-amem-global-sglang,pilot30-shuffle2,global-scope,task-6905333b74f22949d97ba9dd,16,paperless-ngx/paperless-ngx,8dd1189d-ef5f-48aa-a82a-98ed68e1169a,2,Paperless-NGX document ingestion workflow Django Q task queue Redis,0,0,0,,,,,Paperless-NGX document ingestion workflow Django Q task queue Redis,13,1217,0.7,0.0,0.4,0.29999999999999993,improved
20260914T035345.813663967Z-openclaw-sweatlasqa-pilot30-shuffle2-amem-global-sglang,pilot30-shuffle2,global-scope,task-6905333b74f22949d97ba9de,28,paperless-ngx/paperless-ngx,f43830e9-cba2-4236-8636-9020b6d25e45,1,Paperless memory usage metadata processing,0,0,0,,,,,Paperless memory usage metadata processing,13,2026,,,0.4444444444444444,,
20260914T035345.813663967Z-openclaw-sweatlasqa-pilot30-shuffle2-amem-global-sglang,pilot30-shuffle2,global-scope,task-6905333b74f22949d97ba9e0,23,paperless-ngx/paperless-ngx,3d90c301-092a-484c-b8ad-9d0bc89fd1fd,1,documents list pagination duplicates sort order,0,0,0,,,,,documents list pagination duplicates sort order,13,180,0.5,0.0,0.75,-0.25,degraded
20260914T035345.813663967Z-openclaw-sweatlasqa-pilot30-shuffle2-amem-global-sglang,pilot30-shuffle2,global-scope,task-6905333b74f22949d97ba9e0,23,paperless-ngx/paperless-ngx,3d90c301-092a-484c-b8ad-9d0bc89fd1fd,2,pagination ordering unstable distinct M2M tag filter,0,0,0,,,,,pagination ordering unstable distinct M2M tag filter,13,1142,0.5,0.0,0.75,-0.25,degraded
20260914T035345.813663967Z-openclaw-sweatlasqa-pilot30-shuffle2-amem-global-sglang,pilot30-shuffle2,global-scope,task-6905333b74f22949d97baa1d,5,simple-login/app,473c4a9d-24b6-4b95-ad20-1f20082c09be,1,SimpleLogin session handling Redis deserialization,0,0,0,,,,,SimpleLogin session handling Redis deserialization,7,480,,,0.75,,
20260914T035345.813663967Z-openclaw-sweatlasqa-pilot30-shuffle2-amem-global-sglang,pilot30-shuffle2,global-scope,task-6905333b74f22949d97baa1d,5,simple-login/app,473c4a9d-24b6-4b95-ad20-1f20082c09be,2,SimpleLogin session Redis deserialization pickle corruption,0,0,0,,,,,SimpleLogin session Redis deserialization pickle corruption,9,191,,,0.75,,
