replicate,arm,task_id,position,compaction_count,timed_out_during_compaction
pilot30,control,task-6905333b74f22949d97ba9a4,1,0,False
pilot30,control,task-6905333b74f22949d97ba9a5,2,0,False
pilot30,control,task-6905333b74f22949d97ba9a6,3,0,False
pilot30,control,task-6905333b74f22949d97ba9a7,4,0,False
pilot30,control,task-6905333b74f22949d97ba9a8,5,0,False
pilot30,control,task-6905333b74f22949d97ba9a9,6,0,False
pilot30,control,task-6905333b74f22949d97ba9aa,7,0,False
pilot30,control,task-6905333b74f22949d97ba9ab,8,0,False
pilot30,control,task-6905333b74f22949d97ba9ac,9,0,False
pilot30,control,task-6905333b74f22949d97ba9ad,10,0,False
pilot30,control,task-6905333b74f22949d97ba9ae,11,0,False
pilot30,control,task-6905333b74f22949d97ba9af,12,0,False
pilot30,control,task-6905333b74f22949d97ba9b2,13,0,False
pilot30,control,task-6905333b74f22949d97ba9e8,14,0,False
pilot30,control,task-6905333b74f22949d97baa1d,15,0,False
pilot30,control,task-6905333b74f22949d97ba9d0,1,0,False
pilot30,control,task-6905333b74f22949d97ba9d1,2,0,False
pilot30,control,task-6905333b74f22949d97ba9d2,3,0,False
pilot30,control,task-6905333b74f22949d97ba9d3,4,0,False
pilot30,control,task-6905333b74f22949d97ba9d4,5,0,False
pilot30,control,task-6905333b74f22949d97ba9d5,6,0,False
pilot30,control,task-6905333b74f22949d97ba9d6,7,0,False
pilot30,control,task-6905333b74f22949d97ba9d7,8,0,False
pilot30,control,task-6905333b74f22949d97ba9d8,9,0,False
pilot30,control,task-6905333b74f22949d97ba9d9,10,0,False
pilot30,control,task-6905333b74f22949d97ba9db,11,0,False
pilot30,control,task-6905333b74f22949d97ba9dc,12,0,False
pilot30,control,task-6905333b74f22949d97ba9dd,13,0,False
pilot30,control,task-6905333b74f22949d97ba9de,14,0,False
pilot30,control,task-6905333b74f22949d97ba9e0,15,0,False
pilot30,task-scope,task-6905333b74f22949d97ba9a4,1,0,False
pilot30,task-scope,task-6905333b74f22949d97ba9a5,2,0,False
pilot30,task-scope,task-6905333b74f22949d97ba9a6,3,0,False
pilot30,task-scope,task-6905333b74f22949d97ba9a7,4,0,False
pilot30,task-scope,task-6905333b74f22949d97ba9a8,5,0,False
pilot30,task-scope,task-6905333b74f22949d97ba9a9,6,0,False
pilot30,task-scope,task-6905333b74f22949d97ba9aa,7,0,False
pilot30,task-scope,task-6905333b74f22949d97ba9ab,8,0,False
pilot30,task-scope,task-6905333b74f22949d97ba9ac,9,0,False
pilot30,task-scope,task-6905333b74f22949d97ba9ad,10,0,False
pilot30,task-scope,task-6905333b74f22949d97ba9ae,11,0,False
pilot30,task-scope,task-6905333b74f22949d97ba9af,12,0,False
pilot30,task-scope,task-6905333b74f22949d97ba9b2,13,0,False
pilot30,task-scope,task-6905333b74f22949d97ba9e8,14,0,False
pilot30,task-scope,task-6905333b74f22949d97baa1d,15,0,False
pilot30,task-scope,task-6905333b74f22949d97ba9d0,1,0,False
pilot30,task-scope,task-6905333b74f22949d97ba9d1,2,0,False
pilot30,task-scope,task-6905333b74f22949d97ba9d2,3,0,False
pilot30,task-scope,task-6905333b74f22949d97ba9d3,4,0,False
pilot30,task-scope,task-6905333b74f22949d97ba9d4,5,0,False
pilot30,task-scope,task-6905333b74f22949d97ba9d5,6,0,False
pilot30,task-scope,task-6905333b74f22949d97ba9d6,7,0,False
pilot30,task-scope,task-6905333b74f22949d97ba9d7,8,0,False
pilot30,task-scope,task-6905333b74f22949d97ba9d8,9,0,False
pilot30,task-scope,task-6905333b74f22949d97ba9d9,10,0,False
pilot30,task-scope,task-6905333b74f22949d97ba9db,11,0,False
pilot30,task-scope,task-6905333b74f22949d97ba9dc,12,0,False
pilot30,task-scope,task-6905333b74f22949d97ba9dd,13,0,False
pilot30,task-scope,task-6905333b74f22949d97ba9de,14,0,False
pilot30,task-scope,task-6905333b74f22949d97ba9e0,15,0,False
pilot30,repo-scope,task-6905333b74f22949d97ba9a4,1,0,False
pilot30,repo-scope,task-6905333b74f22949d97ba9a5,2,0,False
pilot30,repo-scope,task-6905333b74f22949d97ba9a6,3,0,False
pilot30,repo-scope,task-6905333b74f22949d97ba9a7,4,0,False
pilot30,repo-scope,task-6905333b74f22949d97ba9a8,5,0,False
pilot30,repo-scope,task-6905333b74f22949d97ba9a9,6,0,False
pilot30,repo-scope,task-6905333b74f22949d97ba9aa,7,0,False
pilot30,repo-scope,task-6905333b74f22949d97ba9ab,8,0,False
pilot30,repo-scope,task-6905333b74f22949d97ba9ac,9,0,False
pilot30,repo-scope,task-6905333b74f22949d97ba9ad,10,0,False
pilot30,repo-scope,task-6905333b74f22949d97ba9ae,11,0,False
pilot30,repo-scope,task-6905333b74f22949d97ba9af,12,0,False
pilot30,repo-scope,task-6905333b74f22949d97ba9b2,13,0,False
pilot30,repo-scope,task-6905333b74f22949d97ba9e8,14,0,False
pilot30,repo-scope,task-6905333b74f22949d97baa1d,15,0,False
pilot30,repo-scope,task-6905333b74f22949d97ba9d0,1,0,False
pilot30,repo-scope,task-6905333b74f22949d97ba9d1,2,0,False
pilot30,repo-scope,task-6905333b74f22949d97ba9d2,3,0,False
pilot30,repo-scope,task-6905333b74f22949d97ba9d3,4,0,False
pilot30,repo-scope,task-6905333b74f22949d97ba9d4,5,0,False
pilot30,repo-scope,task-6905333b74f22949d97ba9d5,6,0,False
pilot30,repo-scope,task-6905333b74f22949d97ba9d6,7,0,False
pilot30,repo-scope,task-6905333b74f22949d97ba9d7,8,0,False
pilot30,repo-scope,task-6905333b74f22949d97ba9d8,9,0,False
pilot30,repo-scope,task-6905333b74f22949d97ba9d9,10,0,False
pilot30,repo-scope,task-6905333b74f22949d97ba9db,11,0,False
pilot30,repo-scope,task-6905333b74f22949d97ba9dc,12,0,False
pilot30,repo-scope,task-6905333b74f22949d97ba9dd,13,0,False
pilot30,repo-scope,task-6905333b74f22949d97ba9de,14,0,False
pilot30,repo-scope,task-6905333b74f22949d97ba9e0,15,0,False
shuffle1,control,task-6905333b74f22949d97ba9ac,1,0,False
shuffle1,control,task-6905333b74f22949d97ba9ae,2,0,False
shuffle1,control,task-6905333b74f22949d97ba9af,3,0,False
shuffle1,control,task-6905333b74f22949d97ba9ad,4,0,False
shuffle1,control,task-6905333b74f22949d97baa1d,5,0,False
shuffle1,control,task-6905333b74f22949d97ba9a5,6,0,False
shuffle1,control,task-6905333b74f22949d97ba9e8,7,0,False
shuffle1,control,task-6905333b74f22949d97ba9aa,8,0,False
shuffle1,control,task-6905333b74f22949d97ba9ab,9,0,False
shuffle1,control,task-6905333b74f22949d97ba9a8,10,0,False
shuffle1,control,task-6905333b74f22949d97ba9b2,11,0,False
shuffle1,control,task-6905333b74f22949d97ba9a4,12,0,False
shuffle1,control,task-6905333b74f22949d97ba9a9,13,0,False
shuffle1,control,task-6905333b74f22949d97ba9a6,14,0,False
shuffle1,control,task-6905333b74f22949d97ba9a7,15,0,False
shuffle1,control,task-6905333b74f22949d97ba9d3,1,0,False
shuffle1,control,task-6905333b74f22949d97ba9e0,2,0,False
shuffle1,control,task-6905333b74f22949d97ba9dd,3,0,False
shuffle1,control,task-6905333b74f22949d97ba9d7,4,0,False
shuffle1,control,task-6905333b74f22949d97ba9d2,5,0,False
shuffle1,control,task-6905333b74f22949d97ba9d9,6,0,False
shuffle1,control,task-6905333b74f22949d97ba9db,7,0,False
shuffle1,control,task-6905333b74f22949d97ba9d8,8,0,False
shuffle1,control,task-6905333b74f22949d97ba9d6,9,0,False
shuffle1,control,task-6905333b74f22949d97ba9dc,10,0,False
shuffle1,control,task-6905333b74f22949d97ba9de,11,0,False
shuffle1,control,task-6905333b74f22949d97ba9d0,12,0,False
shuffle1,control,task-6905333b74f22949d97ba9d1,13,0,False
shuffle1,control,task-6905333b74f22949d97ba9d4,14,0,False
shuffle1,control,task-6905333b74f22949d97ba9d5,15,0,False
shuffle1,task-scope,task-6905333b74f22949d97ba9ac,1,0,False
shuffle1,task-scope,task-6905333b74f22949d97ba9ae,2,0,False
shuffle1,task-scope,task-6905333b74f22949d97ba9af,3,0,False
shuffle1,task-scope,task-6905333b74f22949d97ba9ad,4,0,False
shuffle1,task-scope,task-6905333b74f22949d97baa1d,5,0,False
shuffle1,task-scope,task-6905333b74f22949d97ba9a5,6,0,False
shuffle1,task-scope,task-6905333b74f22949d97ba9e8,7,0,False
shuffle1,task-scope,task-6905333b74f22949d97ba9aa,8,0,False
shuffle1,task-scope,task-6905333b74f22949d97ba9ab,9,0,False
shuffle1,task-scope,task-6905333b74f22949d97ba9a8,10,0,False
shuffle1,task-scope,task-6905333b74f22949d97ba9b2,11,0,False
shuffle1,task-scope,task-6905333b74f22949d97ba9a4,12,0,False
shuffle1,task-scope,task-6905333b74f22949d97ba9a9,13,0,False
shuffle1,task-scope,task-6905333b74f22949d97ba9a6,14,0,False
shuffle1,task-scope,task-6905333b74f22949d97ba9a7,15,0,False
shuffle1,task-scope,task-6905333b74f22949d97ba9d3,1,0,False
shuffle1,task-scope,task-6905333b74f22949d97ba9e0,2,0,False
shuffle1,task-scope,task-6905333b74f22949d97ba9dd,3,0,False
shuffle1,task-scope,task-6905333b74f22949d97ba9d7,4,0,False
shuffle1,task-scope,task-6905333b74f22949d97ba9d2,5,0,False
shuffle1,task-scope,task-6905333b74f22949d97ba9d9,6,0,False
shuffle1,task-scope,task-6905333b74f22949d97ba9db,7,0,False
shuffle1,task-scope,task-6905333b74f22949d97ba9d8,8,0,False
shuffle1,task-scope,task-6905333b74f22949d97ba9d6,9,0,False
shuffle1,task-scope,task-6905333b74f22949d97ba9dc,10,0,False
shuffle1,task-scope,task-6905333b74f22949d97ba9de,11,0,False
shuffle1,task-scope,task-6905333b74f22949d97ba9d0,12,0,False
shuffle1,task-scope,task-6905333b74f22949d97ba9d1,13,0,False
shuffle1,task-scope,task-6905333b74f22949d97ba9d4,14,0,False
shuffle1,task-scope,task-6905333b74f22949d97ba9d5,15,0,False
shuffle1,repo-scope,task-6905333b74f22949d97ba9ac,1,0,False
shuffle1,repo-scope,task-6905333b74f22949d97ba9ae,2,0,False
shuffle1,repo-scope,task-6905333b74f22949d97ba9af,3,0,False
shuffle1,repo-scope,task-6905333b74f22949d97ba9ad,4,0,False
shuffle1,repo-scope,task-6905333b74f22949d97baa1d,5,0,False
shuffle1,repo-scope,task-6905333b74f22949d97ba9a5,6,0,False
shuffle1,repo-scope,task-6905333b74f22949d97ba9e8,7,0,False
shuffle1,repo-scope,task-6905333b74f22949d97ba9aa,8,0,False
shuffle1,repo-scope,task-6905333b74f22949d97ba9ab,9,0,False
shuffle1,repo-scope,task-6905333b74f22949d97ba9a8,10,0,False
shuffle1,repo-scope,task-6905333b74f22949d97ba9b2,11,0,False
shuffle1,repo-scope,task-6905333b74f22949d97ba9a4,12,0,False
shuffle1,repo-scope,task-6905333b74f22949d97ba9a9,13,0,False
shuffle1,repo-scope,task-6905333b74f22949d97ba9a6,14,0,False
shuffle1,repo-scope,task-6905333b74f22949d97ba9a7,15,0,False
shuffle1,repo-scope,task-6905333b74f22949d97ba9d3,1,0,False
shuffle1,repo-scope,task-6905333b74f22949d97ba9e0,2,0,False
shuffle1,repo-scope,task-6905333b74f22949d97ba9dd,3,0,False
shuffle1,repo-scope,task-6905333b74f22949d97ba9d7,4,0,False
shuffle1,repo-scope,task-6905333b74f22949d97ba9d2,5,0,False
shuffle1,repo-scope,task-6905333b74f22949d97ba9d9,6,0,False
shuffle1,repo-scope,task-6905333b74f22949d97ba9db,7,0,False
shuffle1,repo-scope,task-6905333b74f22949d97ba9d8,8,0,False
shuffle1,repo-scope,task-6905333b74f22949d97ba9d6,9,0,False
shuffle1,repo-scope,task-6905333b74f22949d97ba9dc,10,0,False
shuffle1,repo-scope,task-6905333b74f22949d97ba9de,11,0,False
shuffle1,repo-scope,task-6905333b74f22949d97ba9d0,12,0,False
shuffle1,repo-scope,task-6905333b74f22949d97ba9d1,13,0,False
shuffle1,repo-scope,task-6905333b74f22949d97ba9d4,14,0,False
shuffle1,repo-scope,task-6905333b74f22949d97ba9d5,15,0,False
shuffle2,control,task-6905333b74f22949d97ba9ac,1,0,False
shuffle2,control,task-6905333b74f22949d97ba9a7,2,0,False
shuffle2,control,task-6905333b74f22949d97ba9a9,3,0,False
shuffle2,control,task-6905333b74f22949d97ba9ab,4,0,False
shuffle2,control,task-6905333b74f22949d97baa1d,5,0,False
shuffle2,control,task-6905333b74f22949d97ba9b2,6,0,False
shuffle2,control,task-6905333b74f22949d97ba9a8,7,0,False
shuffle2,control,task-6905333b74f22949d97ba9e8,8,0,False
shuffle2,control,task-6905333b74f22949d97ba9af,9,0,False
shuffle2,control,task-6905333b74f22949d97ba9ae,10,0,False
shuffle2,control,task-6905333b74f22949d97ba9aa,11,0,False
shuffle2,control,task-6905333b74f22949d97ba9a5,12,0,False
shuffle2,control,task-6905333b74f22949d97ba9a6,13,0,False
shuffle2,control,task-6905333b74f22949d97ba9a4,14,0,False
shuffle2,control,task-6905333b74f22949d97ba9ad,15,0,False
shuffle2,control,task-6905333b74f22949d97ba9dd,1,0,False
shuffle2,control,task-6905333b74f22949d97ba9d6,2,0,False
shuffle2,control,task-6905333b74f22949d97ba9d1,3,0,False
shuffle2,control,task-6905333b74f22949d97ba9d2,4,0,False
shuffle2,control,task-6905333b74f22949d97ba9db,5,0,False
shuffle2,control,task-6905333b74f22949d97ba9d9,6,0,False
shuffle2,control,task-6905333b74f22949d97ba9d7,7,0,False
shuffle2,control,task-6905333b74f22949d97ba9e0,8,0,False
shuffle2,control,task-6905333b74f22949d97ba9d4,9,0,False
shuffle2,control,task-6905333b74f22949d97ba9d8,10,0,False
shuffle2,control,task-6905333b74f22949d97ba9d0,11,0,False
shuffle2,control,task-6905333b74f22949d97ba9d5,12,0,False
shuffle2,control,task-6905333b74f22949d97ba9de,13,0,False
shuffle2,control,task-6905333b74f22949d97ba9d3,14,0,False
shuffle2,control,task-6905333b74f22949d97ba9dc,15,0,False
shuffle2,task-scope,task-6905333b74f22949d97ba9ac,1,0,False
shuffle2,task-scope,task-6905333b74f22949d97ba9a7,2,0,False
shuffle2,task-scope,task-6905333b74f22949d97ba9a9,3,0,False
shuffle2,task-scope,task-6905333b74f22949d97ba9ab,4,0,False
shuffle2,task-scope,task-6905333b74f22949d97baa1d,5,0,False
shuffle2,task-scope,task-6905333b74f22949d97ba9b2,6,0,False
shuffle2,task-scope,task-6905333b74f22949d97ba9a8,7,0,False
shuffle2,task-scope,task-6905333b74f22949d97ba9e8,8,0,False
shuffle2,task-scope,task-6905333b74f22949d97ba9af,9,0,False
shuffle2,task-scope,task-6905333b74f22949d97ba9ae,10,0,False
shuffle2,task-scope,task-6905333b74f22949d97ba9aa,11,0,False
shuffle2,task-scope,task-6905333b74f22949d97ba9a5,12,0,False
shuffle2,task-scope,task-6905333b74f22949d97ba9a6,13,0,False
shuffle2,task-scope,task-6905333b74f22949d97ba9a4,14,0,False
shuffle2,task-scope,task-6905333b74f22949d97ba9ad,15,0,False
shuffle2,task-scope,task-6905333b74f22949d97ba9dd,1,0,False
shuffle2,task-scope,task-6905333b74f22949d97ba9d6,2,0,False
shuffle2,task-scope,task-6905333b74f22949d97ba9d1,3,0,False
shuffle2,task-scope,task-6905333b74f22949d97ba9d2,4,0,False
shuffle2,task-scope,task-6905333b74f22949d97ba9db,5,0,False
shuffle2,task-scope,task-6905333b74f22949d97ba9d9,6,0,False
shuffle2,task-scope,task-6905333b74f22949d97ba9d7,7,0,False
shuffle2,task-scope,task-6905333b74f22949d97ba9e0,8,0,False
shuffle2,task-scope,task-6905333b74f22949d97ba9d4,9,0,False
shuffle2,task-scope,task-6905333b74f22949d97ba9d8,10,0,False
shuffle2,task-scope,task-6905333b74f22949d97ba9d0,11,0,False
shuffle2,task-scope,task-6905333b74f22949d97ba9d5,12,0,False
shuffle2,task-scope,task-6905333b74f22949d97ba9de,13,0,False
shuffle2,task-scope,task-6905333b74f22949d97ba9d3,14,0,False
shuffle2,task-scope,task-6905333b74f22949d97ba9dc,15,0,False
shuffle2,repo-scope,task-6905333b74f22949d97ba9ac,1,0,False
shuffle2,repo-scope,task-6905333b74f22949d97ba9a7,2,0,False
shuffle2,repo-scope,task-6905333b74f22949d97ba9a9,3,0,False
shuffle2,repo-scope,task-6905333b74f22949d97ba9ab,4,0,False
shuffle2,repo-scope,task-6905333b74f22949d97baa1d,5,0,False
shuffle2,repo-scope,task-6905333b74f22949d97ba9b2,6,0,False
shuffle2,repo-scope,task-6905333b74f22949d97ba9a8,7,0,False
shuffle2,repo-scope,task-6905333b74f22949d97ba9e8,8,0,False
shuffle2,repo-scope,task-6905333b74f22949d97ba9af,9,0,False
shuffle2,repo-scope,task-6905333b74f22949d97ba9ae,10,0,False
shuffle2,repo-scope,task-6905333b74f22949d97ba9aa,11,0,False
shuffle2,repo-scope,task-6905333b74f22949d97ba9a5,12,0,False
shuffle2,repo-scope,task-6905333b74f22949d97ba9a6,13,0,False
shuffle2,repo-scope,task-6905333b74f22949d97ba9a4,14,0,False
shuffle2,repo-scope,task-6905333b74f22949d97ba9ad,15,0,False
shuffle2,repo-scope,task-6905333b74f22949d97ba9dd,1,0,False
shuffle2,repo-scope,task-6905333b74f22949d97ba9d6,2,0,False
shuffle2,repo-scope,task-6905333b74f22949d97ba9d1,3,0,False
shuffle2,repo-scope,task-6905333b74f22949d97ba9d2,4,0,False
shuffle2,repo-scope,task-6905333b74f22949d97ba9db,5,0,False
shuffle2,repo-scope,task-6905333b74f22949d97ba9d9,6,0,False
shuffle2,repo-scope,task-6905333b74f22949d97ba9d7,7,0,False
shuffle2,repo-scope,task-6905333b74f22949d97ba9e0,8,0,False
shuffle2,repo-scope,task-6905333b74f22949d97ba9d4,9,0,False
shuffle2,repo-scope,task-6905333b74f22949d97ba9d8,10,0,False
shuffle2,repo-scope,task-6905333b74f22949d97ba9d0,11,0,False
shuffle2,repo-scope,task-6905333b74f22949d97ba9d5,12,0,False
shuffle2,repo-scope,task-6905333b74f22949d97ba9de,13,0,False
shuffle2,repo-scope,task-6905333b74f22949d97ba9d3,14,0,False
shuffle2,repo-scope,task-6905333b74f22949d97ba9dc,15,0,False
