condition,replicate,arm,task_id,agg_score,is_failure,failure_cause,totalTokens,totalTokens_raw,runtimeSec,turns,n_compact,agg_score_excl
full,pilot30,control,task-6905333b74f22949d97ba9a4,1.0,False,,2139979,67898.0,677.038,41,0,1.0
full,pilot30,control,task-6905333b74f22949d97ba9a5,0.6923076923076923,False,,2755976,55151.0,754.809,71,0,0.6923076923076923
full,pilot30,control,task-6905333b74f22949d97ba9a6,0.8181818181818182,False,,1953475,115290.0,851.188,49,0,0.8181818181818182
full,pilot30,control,task-6905333b74f22949d97ba9a7,1.0,False,,3167636,58026.0,1085.383,85,0,1.0
full,pilot30,control,task-6905333b74f22949d97ba9a8,1.0,False,,2585430,77516.0,1389.017,49,0,1.0
full,pilot30,control,task-6905333b74f22949d97ba9a9,0.4,False,,4386123,64126.0,2206.629,99,0,0.4
full,pilot30,control,task-6905333b74f22949d97ba9aa,0.75,False,,2611520,82100.0,987.215,44,0,0.75
full,pilot30,control,task-6905333b74f22949d97ba9ab,0.8571428571428571,False,,3828995,62399.0,873.069,87,0,0.8571428571428571
full,pilot30,control,task-6905333b74f22949d97ba9ac,0.6,False,,2756808,60608.0,616.937,65,0,0.6
full,pilot30,control,task-6905333b74f22949d97ba9ad,0.6363636363636364,False,,2153654,76729.0,570.944,43,0,0.6363636363636364
full,pilot30,control,task-6905333b74f22949d97ba9ae,0.6666666666666666,False,,3700924,63234.0,971.623,83,0,0.6666666666666666
full,pilot30,control,task-6905333b74f22949d97ba9af,0.9230769230769231,False,,5221632,75699.0,1424.13,99,0,0.9230769230769231
full,pilot30,control,task-6905333b74f22949d97ba9b2,1.0,False,,4471196,70103.0,1444.96,100,0,1.0
full,pilot30,control,task-6905333b74f22949d97ba9e8,0.8,False,,5162403,107338.0,,121,0,0.8
full,pilot30,control,task-6905333b74f22949d97baa1d,0.5,False,,1118934,49327.0,594.338,33,0,0.5
full,pilot30,control,task-6905333b74f22949d97ba9d0,0.0,True,other,3814991,57861.0,1435.607,105,0,
full,pilot30,control,task-6905333b74f22949d97ba9d1,1.0,False,,1487986,43836.0,614.903,47,0,1.0
full,pilot30,control,task-6905333b74f22949d97ba9d2,0.9090909090909091,False,,1926092,55916.0,573.35,53,0,0.9090909090909091
full,pilot30,control,task-6905333b74f22949d97ba9d3,1.0,False,,3789201,76771.0,911.445,74,0,1.0
full,pilot30,control,task-6905333b74f22949d97ba9d4,0.8181818181818182,False,,3099424,67162.0,951.302,70,0,0.8181818181818182
full,pilot30,control,task-6905333b74f22949d97ba9d5,0.7857142857142857,False,,1661317,53369.0,425.883,47,0,0.7857142857142857
full,pilot30,control,task-6905333b74f22949d97ba9d6,0.9,False,,1157855,62314.0,363.314,30,0,0.9
full,pilot30,control,task-6905333b74f22949d97ba9d7,0.7692307692307693,False,,1031404,46566.0,253.152,29,0,0.7692307692307693
full,pilot30,control,task-6905333b74f22949d97ba9d8,0.5833333333333334,False,,1498611,62522.0,424.29,37,0,0.5833333333333334
full,pilot30,control,task-6905333b74f22949d97ba9d9,0.8,False,,2030678,61552.0,508.267,54,0,0.8
full,pilot30,control,task-6905333b74f22949d97ba9db,0.8333333333333334,False,,1059307,54122.0,213.581,29,0,0.8333333333333334
full,pilot30,control,task-6905333b74f22949d97ba9dc,0.75,False,,1251040,79564.0,352.369,25,0,0.75
full,pilot30,control,task-6905333b74f22949d97ba9dd,0.6,False,,1606535,52885.0,573.086,46,0,0.6
full,pilot30,control,task-6905333b74f22949d97ba9de,0.3333333333333333,False,,2011068,68941.0,516.802,40,0,0.3333333333333333
full,pilot30,control,task-6905333b74f22949d97ba9e0,0.625,False,,2719875,61896.0,664.226,62,0,0.625
full,pilot30,repo-scope,task-6905333b74f22949d97ba9a4,1.0,False,,2045797,74179.0,1020.902,39,0,1.0
full,pilot30,repo-scope,task-6905333b74f22949d97ba9a5,1.0,False,,2271152,50589.0,1209.505,59,0,1.0
full,pilot30,repo-scope,task-6905333b74f22949d97ba9a6,0.8181818181818182,False,,6055543,155265.0,5968.026,191,0,0.8181818181818182
full,pilot30,repo-scope,task-6905333b74f22949d97ba9a7,1.0,False,,1967583,54632.0,1415.951,60,0,1.0
full,pilot30,repo-scope,task-6905333b74f22949d97ba9a8,1.0,False,,2941025,79560.0,1284.125,55,0,1.0
full,pilot30,repo-scope,task-6905333b74f22949d97ba9a9,0.4,False,,5639814,75041.0,2066.356,117,0,0.4
full,pilot30,repo-scope,task-6905333b74f22949d97ba9aa,0.6666666666666666,False,,3407159,100574.0,1807.31,53,0,0.6666666666666666
full,pilot30,repo-scope,task-6905333b74f22949d97ba9ab,0.0,True,gateway_stall,3048917,,,59,0,
full,pilot30,repo-scope,task-6905333b74f22949d97ba9ac,0.6,False,,4515117,68657.0,1529.637,95,0,0.6
full,pilot30,repo-scope,task-6905333b74f22949d97ba9ad,0.0,True,other,4077289,80624.0,1571.29,81,0,
full,pilot30,repo-scope,task-6905333b74f22949d97ba9ae,0.5833333333333334,False,,3689019,63940.0,1219.829,84,0,0.5833333333333334
full,pilot30,repo-scope,task-6905333b74f22949d97ba9af,0.7692307692307693,False,,3113193,65969.0,1350.844,65,0,0.7692307692307693
full,pilot30,repo-scope,task-6905333b74f22949d97ba9b2,1.0,False,,1636857,49439.0,585.741,51,0,1.0
full,pilot30,repo-scope,task-6905333b74f22949d97ba9e8,0.6666666666666666,False,,2620133,48208.0,1043.794,78,0,0.6666666666666666
full,pilot30,repo-scope,task-6905333b74f22949d97baa1d,0.875,False,,2021420,49359.0,859.438,75,0,0.875
full,pilot30,repo-scope,task-6905333b74f22949d97ba9d0,0.0,True,other,2451840,57187.0,754.661,67,0,
full,pilot30,repo-scope,task-6905333b74f22949d97ba9d1,0.75,False,,1852210,41794.0,859.325,66,0,0.75
full,pilot30,repo-scope,task-6905333b74f22949d97ba9d2,1.0,False,,2068996,59716.0,520.155,53,0,1.0
full,pilot30,repo-scope,task-6905333b74f22949d97ba9d3,0.8181818181818182,False,,2174990,63364.0,509.689,53,0,0.8181818181818182
full,pilot30,repo-scope,task-6905333b74f22949d97ba9d4,0.7272727272727273,False,,2356817,51978.0,598.72,72,0,0.7272727272727273
full,pilot30,repo-scope,task-6905333b74f22949d97ba9d5,0.7857142857142857,False,,1427113,54622.0,324.315,39,0,0.7857142857142857
full,pilot30,repo-scope,task-6905333b74f22949d97ba9d6,0.9,False,,1662141,61241.0,371.348,40,0,0.9
full,pilot30,repo-scope,task-6905333b74f22949d97ba9d7,0.9230769230769231,False,,2072376,40464.0,644.133,86,0,0.9230769230769231
full,pilot30,repo-scope,task-6905333b74f22949d97ba9d8,0.75,False,,2296588,61017.0,512.202,46,0,0.75
full,pilot30,repo-scope,task-6905333b74f22949d97ba9d9,0.7,False,,1069373,49482.0,328.905,32,0,0.7
full,pilot30,repo-scope,task-6905333b74f22949d97ba9db,0.9166666666666666,False,,1677557,76044.0,447.769,34,0,0.9166666666666666
full,pilot30,repo-scope,task-6905333b74f22949d97ba9dc,0.875,False,,3473235,73157.0,911.058,77,0,0.875
full,pilot30,repo-scope,task-6905333b74f22949d97ba9dd,0.6,False,,2507496,54999.0,792.391,65,0,0.6
full,pilot30,repo-scope,task-6905333b74f22949d97ba9de,0.4444444444444444,False,,4734715,90822.0,1403.052,76,0,0.4444444444444444
full,pilot30,repo-scope,task-6905333b74f22949d97ba9e0,0.5,False,,2936695,62074.0,617.421,76,0,0.5
full,shuffle1,control,task-6905333b74f22949d97ba9ac,0.6,False,,2843828,63296.0,929.983,69,0,0.6
full,shuffle1,control,task-6905333b74f22949d97ba9ae,0.5,False,,1428175,46713.0,651.531,44,0,0.5
full,shuffle1,control,task-6905333b74f22949d97ba9af,0.7692307692307693,False,,7252198,98297.0,1961.466,135,0,0.7692307692307693
full,shuffle1,control,task-6905333b74f22949d97ba9ad,0.7272727272727273,False,,2868147,90898.0,1015.316,48,0,0.7272727272727273
full,shuffle1,control,task-6905333b74f22949d97baa1d,0.75,False,,1085880,42105.0,497.074,34,0,0.75
full,shuffle1,control,task-6905333b74f22949d97ba9a5,0.8461538461538461,False,,2237799,55650.0,827.688,55,0,0.8461538461538461
full,shuffle1,control,task-6905333b74f22949d97ba9e8,0.8666666666666667,False,,3360163,75021.0,993.024,72,0,0.8666666666666667
full,shuffle1,control,task-6905333b74f22949d97ba9aa,0.75,False,,2881324,78964.0,934.136,55,0,0.75
full,shuffle1,control,task-6905333b74f22949d97ba9ab,0.7142857142857143,False,,3431332,76559.0,721.023,73,0,0.7142857142857143
full,shuffle1,control,task-6905333b74f22949d97ba9a8,1.0,False,,1227641,62875.0,450.905,29,0,1.0
full,shuffle1,control,task-6905333b74f22949d97ba9b2,0.8888888888888888,False,,3164651,66069.0,905.432,69,0,0.8888888888888888
full,shuffle1,control,task-6905333b74f22949d97ba9a4,1.0,False,,1761668,67381.0,468.966,35,0,1.0
full,shuffle1,control,task-6905333b74f22949d97ba9a9,0.5,False,,2352425,57209.0,742.484,60,0,0.5
full,shuffle1,control,task-6905333b74f22949d97ba9a6,0.8181818181818182,False,,5916037,143050.0,3769.444,140,0,0.8181818181818182
full,shuffle1,control,task-6905333b74f22949d97ba9a7,1.0,False,,3265885,60346.0,1068.314,84,0,1.0
full,shuffle1,control,task-6905333b74f22949d97ba9d3,0.7272727272727273,False,,1549167,67515.0,676.52,35,0,0.7272727272727273
full,shuffle1,control,task-6905333b74f22949d97ba9e0,0.75,False,,1836814,63157.0,593.579,41,0,0.75
full,shuffle1,control,task-6905333b74f22949d97ba9dd,0.5,False,,1943618,58054.0,538.017,51,0,0.5
full,shuffle1,control,task-6905333b74f22949d97ba9d7,0.8461538461538461,False,,1063055,31221.0,450.377,48,0,0.8461538461538461
full,shuffle1,control,task-6905333b74f22949d97ba9d2,0.9090909090909091,False,,2097310,59251.0,655.887,58,0,0.9090909090909091
full,shuffle1,control,task-6905333b74f22949d97ba9d9,1.0,False,,2612847,66292.0,1275.943,70,0,1.0
full,shuffle1,control,task-6905333b74f22949d97ba9db,1.0,False,,2092974,59473.0,753.138,49,0,1.0
full,shuffle1,control,task-6905333b74f22949d97ba9d8,0.5833333333333334,False,,1870740,62416.0,548.182,41,0,0.5833333333333334
full,shuffle1,control,task-6905333b74f22949d97ba9d6,0.9,False,,1166279,61690.0,325.246,27,0,0.9
full,shuffle1,control,task-6905333b74f22949d97ba9dc,1.0,False,,3567506,61188.0,1039.71,85,0,1.0
full,shuffle1,control,task-6905333b74f22949d97ba9de,0.5555555555555556,False,,2116567,71655.0,508.15,41,0,0.5555555555555556
full,shuffle1,control,task-6905333b74f22949d97ba9d0,1.0,False,,2161255,57370.0,715.741,55,0,1.0
full,shuffle1,control,task-6905333b74f22949d97ba9d1,0.875,False,,1874062,46585.0,737.133,62,0,0.875
full,shuffle1,control,task-6905333b74f22949d97ba9d4,0.9090909090909091,False,,2715950,56960.0,1096.878,75,0,0.9090909090909091
full,shuffle1,control,task-6905333b74f22949d97ba9d5,0.5,False,,933135,57100.0,619.302,26,0,0.5
full,shuffle1,repo-scope,task-6905333b74f22949d97ba9ac,1.0,False,,7488535,98828.0,3026.467,142,0,1.0
full,shuffle1,repo-scope,task-6905333b74f22949d97ba9ae,0.6666666666666666,False,,3013200,58038.0,1586.362,82,0,0.6666666666666666
full,shuffle1,repo-scope,task-6905333b74f22949d97ba9af,0.7692307692307693,False,,7914088,90758.0,2581.874,143,0,0.7692307692307693
full,shuffle1,repo-scope,task-6905333b74f22949d97ba9ad,0.8181818181818182,False,,4128919,101887.0,1427.568,61,0,0.8181818181818182
full,shuffle1,repo-scope,task-6905333b74f22949d97baa1d,0.5,False,,2035215,42042.0,1034.289,65,0,0.5
full,shuffle1,repo-scope,task-6905333b74f22949d97ba9a5,0.7692307692307693,False,,3175364,74006.0,1088.53,54,0,0.7692307692307693
full,shuffle1,repo-scope,task-6905333b74f22949d97ba9e8,0.7333333333333333,False,,2393308,64027.0,832.019,53,0,0.7333333333333333
full,shuffle1,repo-scope,task-6905333b74f22949d97ba9aa,0.8333333333333334,False,,3211533,73049.0,1440.519,71,0,0.8333333333333334
full,shuffle1,repo-scope,task-6905333b74f22949d97ba9ab,0.8571428571428571,False,,10669252,112716.0,4165.671,176,0,0.8571428571428571
full,shuffle1,repo-scope,task-6905333b74f22949d97ba9a8,1.0,False,,10100977,105176.0,4355.611,190,0,1.0
full,shuffle1,repo-scope,task-6905333b74f22949d97ba9b2,1.0,False,,2711372,54223.0,851.971,71,0,1.0
full,shuffle1,repo-scope,task-6905333b74f22949d97ba9a4,1.0,False,,1922203,70597.0,617.806,37,0,1.0
full,shuffle1,repo-scope,task-6905333b74f22949d97ba9a9,0.6,False,,1584188,56877.0,547.213,37,0,0.6
full,shuffle1,repo-scope,task-6905333b74f22949d97ba9a6,0.9090909090909091,False,,6961241,135236.0,4743.538,188,0,0.9090909090909091
full,shuffle1,repo-scope,task-6905333b74f22949d97ba9a7,0.9230769230769231,False,,4634897,79689.0,932.092,94,0,0.9230769230769231
full,shuffle1,repo-scope,task-6905333b74f22949d97ba9d3,1.0,False,,2730141,67619.0,597.372,61,0,1.0
full,shuffle1,repo-scope,task-6905333b74f22949d97ba9e0,0.5,False,,4275260,79801.0,941.272,78,0,0.5
full,shuffle1,repo-scope,task-6905333b74f22949d97ba9dd,0.0,True,other,1067651,56630.0,311.014,28,0,
full,shuffle1,repo-scope,task-6905333b74f22949d97ba9d7,0.9230769230769231,False,,1235160,37375.0,341.197,44,0,0.9230769230769231
full,shuffle1,repo-scope,task-6905333b74f22949d97ba9d2,0.9090909090909091,False,,1290692,66766.0,419.174,30,0,0.9090909090909091
full,shuffle1,repo-scope,task-6905333b74f22949d97ba9d9,0.9,False,,1166748,55192.0,331.159,30,0,0.9
full,shuffle1,repo-scope,task-6905333b74f22949d97ba9db,1.0,False,,895131,61438.0,293.575,23,0,1.0
full,shuffle1,repo-scope,task-6905333b74f22949d97ba9d8,0.5833333333333334,False,,1658574,61549.0,484.68,36,0,0.5833333333333334
full,shuffle1,repo-scope,task-6905333b74f22949d97ba9d6,0.9,False,,2100579,79132.0,539.343,40,0,0.9
full,shuffle1,repo-scope,task-6905333b74f22949d97ba9dc,1.0,False,,6367402,82060.0,3046.216,113,0,1.0
full,shuffle1,repo-scope,task-6905333b74f22949d97ba9de,0.0,True,gateway_stall,3572448,,,69,0,
full,shuffle1,repo-scope,task-6905333b74f22949d97ba9d0,1.0,False,,1844987,60082.0,1575.794,45,0,1.0
full,shuffle1,repo-scope,task-6905333b74f22949d97ba9d1,1.0,False,,1992041,50189.0,1234.221,59,0,1.0
full,shuffle1,repo-scope,task-6905333b74f22949d97ba9d4,0.8181818181818182,False,,1567446,52278.0,1001.731,42,0,0.8181818181818182
full,shuffle1,repo-scope,task-6905333b74f22949d97ba9d5,0.7142857142857143,False,,1091689,54129.0,467.22,28,0,0.7142857142857143
full,shuffle2,control,task-6905333b74f22949d97ba9ac,0.6,False,,2786329,57632.0,1578.33,70,0,0.6
full,shuffle2,control,task-6905333b74f22949d97ba9a7,0.9230769230769231,False,,3136379,65109.0,1266.957,70,0,0.9230769230769231
full,shuffle2,control,task-6905333b74f22949d97ba9a9,0.5,False,,4006279,73396.0,1912.938,85,0,0.5
full,shuffle2,control,task-6905333b74f22949d97ba9ab,0.7142857142857143,False,,10501904,67295.0,,232,1,0.7142857142857143
full,shuffle2,control,task-6905333b74f22949d97baa1d,0.75,False,,1814341,58083.0,728.102,45,0,0.75
full,shuffle2,control,task-6905333b74f22949d97ba9b2,1.0,False,,1505373,40067.0,386.049,50,0,1.0
full,shuffle2,control,task-6905333b74f22949d97ba9a8,1.0,False,,1672475,53002.0,343.327,42,0,1.0
full,shuffle2,control,task-6905333b74f22949d97ba9e8,0.6666666666666666,False,,2688009,63119.0,706.453,61,0,0.6666666666666666
full,shuffle2,control,task-6905333b74f22949d97ba9af,0.7692307692307693,False,,5710625,87651.0,1815.593,114,0,0.7692307692307693
full,shuffle2,control,task-6905333b74f22949d97ba9ae,0.6666666666666666,False,,3324640,76440.0,816.567,57,0,0.6666666666666666
full,shuffle2,control,task-6905333b74f22949d97ba9aa,0.6666666666666666,False,,2065043,70735.0,476.88,45,0,0.6666666666666666
full,shuffle2,control,task-6905333b74f22949d97ba9a5,0.7692307692307693,False,,2589738,59225.0,642.296,62,0,0.7692307692307693
full,shuffle2,control,task-6905333b74f22949d97ba9a6,0.6363636363636364,False,,5490807,104553.0,1886.873,87,0,0.6363636363636364
full,shuffle2,control,task-6905333b74f22949d97ba9a4,1.0,False,,3379611,76004.0,841.23,71,0,1.0
full,shuffle2,control,task-6905333b74f22949d97ba9ad,0.5454545454545454,False,,4270374,81044.0,1066.888,87,0,0.5454545454545454
full,shuffle2,control,task-6905333b74f22949d97ba9dd,0.4,False,,1437404,58078.0,940.64,39,0,0.4
full,shuffle2,control,task-6905333b74f22949d97ba9d6,0.9,False,,1639772,70793.0,631.037,36,0,0.9
full,shuffle2,control,task-6905333b74f22949d97ba9d1,0.875,False,,1743420,44459.0,531.686,54,0,0.875
full,shuffle2,control,task-6905333b74f22949d97ba9d2,0.9090909090909091,False,,1478025,56554.0,552.697,42,0,0.9090909090909091
full,shuffle2,control,task-6905333b74f22949d97ba9db,0.9166666666666666,False,,1000526,61975.0,279.356,23,0,0.9166666666666666
full,shuffle2,control,task-6905333b74f22949d97ba9d9,0.6,False,,1814914,49976.0,503.202,59,0,0.6
full,shuffle2,control,task-6905333b74f22949d97ba9d7,0.8461538461538461,False,,1430831,39661.0,342.856,50,0,0.8461538461538461
full,shuffle2,control,task-6905333b74f22949d97ba9e0,0.75,False,,2708537,59125.0,793.331,70,0,0.75
full,shuffle2,control,task-6905333b74f22949d97ba9d4,0.8181818181818182,False,,2711362,57185.0,515.697,78,0,0.8181818181818182
full,shuffle2,control,task-6905333b74f22949d97ba9d8,0.6666666666666666,False,,1822727,59796.0,480.231,39,0,0.6666666666666666
full,shuffle2,control,task-6905333b74f22949d97ba9d0,1.0,False,,2514849,55076.0,779.095,73,0,1.0
full,shuffle2,control,task-6905333b74f22949d97ba9d5,0.6428571428571429,False,,2334017,54078.0,641.952,65,0,0.6428571428571429
full,shuffle2,control,task-6905333b74f22949d97ba9de,0.4444444444444444,False,,2901604,72662.0,857.187,54,0,0.4444444444444444
full,shuffle2,control,task-6905333b74f22949d97ba9d3,1.0,False,,1250898,53918.0,465.149,32,0,1.0
full,shuffle2,control,task-6905333b74f22949d97ba9dc,1.0,False,,1394495,61461.0,390.902,30,0,1.0
full,shuffle2,repo-scope,task-6905333b74f22949d97ba9ac,0.6,False,,3251404,70304.0,1626.039,61,0,0.6
full,shuffle2,repo-scope,task-6905333b74f22949d97ba9a7,1.0,False,,2026746,66641.0,1505.587,50,0,1.0
full,shuffle2,repo-scope,task-6905333b74f22949d97ba9a9,0.6,False,,5442666,79423.0,3529.085,115,0,0.6
full,shuffle2,repo-scope,task-6905333b74f22949d97ba9ab,0.8571428571428571,False,,4807062,75154.0,1904.637,90,0,0.8571428571428571
full,shuffle2,repo-scope,task-6905333b74f22949d97baa1d,0.875,False,,1659746,52383.0,1497.795,52,0,0.875
full,shuffle2,repo-scope,task-6905333b74f22949d97ba9b2,1.0,False,,3132196,67197.0,1404.342,82,0,1.0
full,shuffle2,repo-scope,task-6905333b74f22949d97ba9a8,1.0,False,,2162410,46674.0,808.497,68,0,1.0
full,shuffle2,repo-scope,task-6905333b74f22949d97ba9e8,0.4666666666666667,False,,4347906,66258.0,1308.773,96,0,0.4666666666666667
full,shuffle2,repo-scope,task-6905333b74f22949d97ba9af,0.8461538461538461,False,,3110583,66267.0,1415.63,74,0,0.8461538461538461
full,shuffle2,repo-scope,task-6905333b74f22949d97ba9ae,0.6666666666666666,False,,2526693,53732.0,977.04,69,0,0.6666666666666666
full,shuffle2,repo-scope,task-6905333b74f22949d97ba9aa,0.8333333333333334,False,,1600756,72795.0,878.065,36,0,0.8333333333333334
full,shuffle2,repo-scope,task-6905333b74f22949d97ba9a5,0.6153846153846154,False,,1984090,52944.0,1650.473,54,0,0.6153846153846154
full,shuffle2,repo-scope,task-6905333b74f22949d97ba9a6,0.7272727272727273,False,,4899089,120759.0,3123.392,124,0,0.7272727272727273
full,shuffle2,repo-scope,task-6905333b74f22949d97ba9a4,0.0,True,other,1288680,51084.0,556.327,32,0,
full,shuffle2,repo-scope,task-6905333b74f22949d97ba9ad,0.7272727272727273,False,,2978127,83171.0,867.061,58,0,0.7272727272727273
full,shuffle2,repo-scope,task-6905333b74f22949d97ba9dd,0.4,False,,782490,53428.0,422.349,22,0,0.4
full,shuffle2,repo-scope,task-6905333b74f22949d97ba9d6,0.9,False,,1399445,62936.0,432.647,34,0,0.9
full,shuffle2,repo-scope,task-6905333b74f22949d97ba9d1,0.875,False,,1649151,41504.0,799.398,59,0,0.875
full,shuffle2,repo-scope,task-6905333b74f22949d97ba9d2,0.7272727272727273,False,,1088415,54654.0,496.436,28,0,0.7272727272727273
full,shuffle2,repo-scope,task-6905333b74f22949d97ba9db,0.9166666666666666,False,,3133983,73772.0,1013.559,62,0,0.9166666666666666
full,shuffle2,repo-scope,task-6905333b74f22949d97ba9d9,0.8,False,,1432412,42190.0,700.726,52,0,0.8
full,shuffle2,repo-scope,task-6905333b74f22949d97ba9d7,0.8461538461538461,False,,2053919,50599.0,854.703,55,0,0.8461538461538461
full,shuffle2,repo-scope,task-6905333b74f22949d97ba9e0,0.875,False,,1877043,51257.0,745.499,50,0,0.875
full,shuffle2,repo-scope,task-6905333b74f22949d97ba9d4,0.8181818181818182,False,,2105257,60582.0,662.134,53,0,0.8181818181818182
full,shuffle2,repo-scope,task-6905333b74f22949d97ba9d8,0.75,False,,2801828,70043.0,620.754,56,0,0.75
full,shuffle2,repo-scope,task-6905333b74f22949d97ba9d0,1.0,False,,2522662,66954.0,559.204,59,0,1.0
full,shuffle2,repo-scope,task-6905333b74f22949d97ba9d5,0.5714285714285714,False,,1259907,68748.0,512.087,27,0,0.5714285714285714
full,shuffle2,repo-scope,task-6905333b74f22949d97ba9de,0.2222222222222222,False,,4466283,89454.0,1347.812,75,0,0.2222222222222222
full,shuffle2,repo-scope,task-6905333b74f22949d97ba9d3,0.9090909090909091,False,,2085408,67893.0,572.725,42,0,0.9090909090909091
full,shuffle2,repo-scope,task-6905333b74f22949d97ba9dc,1.0,False,,10903372,91160.0,2283.183,184,0,1.0
ctxlimit,ctxlimit,control,task-6905333b74f22949d97ba9a4,1.0,False,,1605595,54573.0,1187.64,40,0,1.0
ctxlimit,ctxlimit,control,task-6905333b74f22949d97ba9a5,0.6923076923076923,False,,2352857,59034.0,1393.31,54,0,0.6923076923076923
ctxlimit,ctxlimit,control,task-6905333b74f22949d97ba9a6,0.8181818181818182,False,,20802707,71700.0,,341,1,0.8181818181818182
ctxlimit,ctxlimit,control,task-6905333b74f22949d97ba9a7,1.0,False,,2402435,55392.0,1433.403,63,0,1.0
ctxlimit,ctxlimit,control,task-6905333b74f22949d97ba9a8,1.0,False,,1562089,58896.0,1200.754,38,0,1.0
ctxlimit,ctxlimit,control,task-6905333b74f22949d97ba9a9,0.6,False,,1928775,58297.0,1134.875,50,0,0.6
ctxlimit,ctxlimit,control,task-6905333b74f22949d97ba9aa,0.6666666666666666,False,,16185108,8079145.0,,372,3,0.6666666666666666
ctxlimit,ctxlimit,control,task-6905333b74f22949d97ba9ab,0.7142857142857143,False,,6756341,42550.0,,156,3,0.7142857142857143
ctxlimit,ctxlimit,control,task-6905333b74f22949d97ba9ac,0.6,False,,1921630,54614.0,1519.097,50,0,0.6
ctxlimit,ctxlimit,control,task-6905333b74f22949d97ba9ad,0.8181818181818182,False,,2493067,32177.0,,59,2,0.8181818181818182
ctxlimit,ctxlimit,control,task-6905333b74f22949d97ba9ae,0.5833333333333334,False,,1236175,39276.0,,41,1,0.5833333333333334
ctxlimit,ctxlimit,control,task-6905333b74f22949d97ba9af,0.8461538461538461,False,,4391600,47942.0,,113,2,0.8461538461538461
ctxlimit,ctxlimit,control,task-6905333b74f22949d97ba9b2,1.0,False,,1907667,47837.0,2149.044,57,0,1.0
ctxlimit,ctxlimit,control,task-6905333b74f22949d97ba9e8,0.7333333333333333,False,,3767016,62301.0,2432.282,84,0,0.7333333333333333
ctxlimit,ctxlimit,control,task-6905333b74f22949d97baa1d,0.875,False,,1488555,54493.0,1463.081,37,0,0.875
ctxlimit,ctxlimit,control,task-6905333b74f22949d97ba9d0,1.0,False,,2746477,53399.0,2000.018,78,0,1.0
ctxlimit,ctxlimit,control,task-6905333b74f22949d97ba9d1,0.875,False,,1278660,49251.0,1080.77,37,0,0.875
ctxlimit,ctxlimit,control,task-6905333b74f22949d97ba9d2,0.9090909090909091,False,,3446178,3437810.0,,96,3,0.9090909090909091
ctxlimit,ctxlimit,control,task-6905333b74f22949d97ba9d3,0.0,False,,8689109,4331236.0,,210,3,0.0
ctxlimit,ctxlimit,control,task-6905333b74f22949d97ba9d4,0.0,True,context_overflow,15043394,7518266.0,,362,3,0.0
ctxlimit,ctxlimit,control,task-6905333b74f22949d97ba9d5,0.7142857142857143,False,,1049548,52622.0,1155.207,31,0,0.7142857142857143
ctxlimit,ctxlimit,control,task-6905333b74f22949d97ba9d6,0.8,False,,1815778,32819.0,,50,2,0.8
ctxlimit,ctxlimit,control,task-6905333b74f22949d97ba9d7,0.7692307692307693,False,,460954,34428.0,694.502,19,0,0.7692307692307693
ctxlimit,ctxlimit,control,task-6905333b74f22949d97ba9d8,0.0,True,context_overflow,2973759,2969596.0,,79,3,0.0
ctxlimit,ctxlimit,control,task-6905333b74f22949d97ba9d9,0.9,False,,1738097,47564.0,1518.515,55,0,0.9
ctxlimit,ctxlimit,control,task-6905333b74f22949d97ba9db,1.0,False,,1432206,41855.0,,40,2,1.0
ctxlimit,ctxlimit,control,task-6905333b74f22949d97ba9dc,0.875,False,,2304546,48386.0,1301.342,70,0,0.875
ctxlimit,ctxlimit,control,task-6905333b74f22949d97ba9dd,0.0,True,gateway_stall,1325177,,,37,0,
ctxlimit,ctxlimit,control,task-6905333b74f22949d97ba9de,0.0,True,context_overflow,2597773,2594095.0,,73,3,0.0
ctxlimit,ctxlimit,control,task-6905333b74f22949d97ba9e0,0.5,False,,4015103,60966.0,1335.049,99,0,0.5
ctxlimit,ctxlimit,repo-scope,task-6905333b74f22949d97ba9a4,1.0,False,,2217613,55784.0,,56,1,1.0
ctxlimit,ctxlimit,repo-scope,task-6905333b74f22949d97ba9a5,0.9230769230769231,False,,1354000,46296.0,625.765,42,0,0.9230769230769231
ctxlimit,ctxlimit,repo-scope,task-6905333b74f22949d97ba9a6,0.8181818181818182,False,,6690300,46026.0,,133,2,0.8181818181818182
ctxlimit,ctxlimit,repo-scope,task-6905333b74f22949d97ba9a7,1.0,False,,6669813,59816.0,,176,2,1.0
ctxlimit,ctxlimit,repo-scope,task-6905333b74f22949d97ba9a8,1.0,False,,1620256,56953.0,639.598,41,0,1.0
ctxlimit,ctxlimit,repo-scope,task-6905333b74f22949d97ba9a9,0.6,False,,2957473,56546.0,976.792,78,0,0.6
ctxlimit,ctxlimit,repo-scope,task-6905333b74f22949d97ba9aa,0.0,True,context_overflow,13731269,6862286.0,,336,3,0.0
ctxlimit,ctxlimit,repo-scope,task-6905333b74f22949d97ba9ab,0.0,True,context_overflow,22599026,11286666.0,,462,2,0.0
ctxlimit,ctxlimit,repo-scope,task-6905333b74f22949d97ba9ac,0.6,False,,2143452,58012.0,497.417,52,0,0.6
ctxlimit,ctxlimit,repo-scope,task-6905333b74f22949d97ba9ad,0.0,True,context_overflow,10948122,5473235.0,,250,3,0.0
ctxlimit,ctxlimit,repo-scope,task-6905333b74f22949d97ba9ae,0.5,False,,8118723,55947.0,,173,2,0.5
ctxlimit,ctxlimit,repo-scope,task-6905333b74f22949d97ba9af,0.9230769230769231,False,,12448005,68523.0,,246,2,0.9230769230769231
ctxlimit,ctxlimit,repo-scope,task-6905333b74f22949d97ba9b2,0.8888888888888888,False,,2394277,51911.0,404.73,74,0,0.8888888888888888
ctxlimit,ctxlimit,repo-scope,task-6905333b74f22949d97ba9e8,0.6,False,,4258008,60751.0,705.643,102,0,0.6
ctxlimit,ctxlimit,repo-scope,task-6905333b74f22949d97baa1d,0.875,False,,2236848,53476.0,402.976,64,0,0.875
ctxlimit,ctxlimit,repo-scope,task-6905333b74f22949d97ba9d0,1.0,False,,6695566,63008.0,,162,1,1.0
ctxlimit,ctxlimit,repo-scope,task-6905333b74f22949d97ba9d1,0.75,False,,1339186,40249.0,258.96,46,0,0.75
ctxlimit,ctxlimit,repo-scope,task-6905333b74f22949d97ba9d2,1.0,False,,4319138,54807.0,,105,3,1.0
ctxlimit,ctxlimit,repo-scope,task-6905333b74f22949d97ba9d3,0.0,True,context_overflow,3101296,3096869.0,,78,3,0.0
ctxlimit,ctxlimit,repo-scope,task-6905333b74f22949d97ba9d4,1.0,False,,3017234,41220.0,,83,2,1.0
ctxlimit,ctxlimit,repo-scope,task-6905333b74f22949d97ba9d5,0.7857142857142857,False,,3588018,62278.0,,83,1,0.7857142857142857
ctxlimit,ctxlimit,repo-scope,task-6905333b74f22949d97ba9d6,1.0,False,,3637520,58370.0,,88,2,1.0
ctxlimit,ctxlimit,repo-scope,task-6905333b74f22949d97ba9d7,0.8461538461538461,False,,683481,30577.0,158.838,29,0,0.8461538461538461
ctxlimit,ctxlimit,repo-scope,task-6905333b74f22949d97ba9d8,0.0,True,context_overflow,11579713,5786631.0,,264,3,0.0
ctxlimit,ctxlimit,repo-scope,task-6905333b74f22949d97ba9d9,0.8,False,,1005315,48308.0,241.381,31,0,0.8
ctxlimit,ctxlimit,repo-scope,task-6905333b74f22949d97ba9db,0.0,True,context_overflow,6546996,3274084.0,,166,3,0.0
ctxlimit,ctxlimit,repo-scope,task-6905333b74f22949d97ba9dc,0.875,False,,2255213,39016.0,,60,1,0.875
ctxlimit,ctxlimit,repo-scope,task-6905333b74f22949d97ba9dd,0.0,True,context_overflow,9358764,4674665.0,,244,3,0.0
ctxlimit,ctxlimit,repo-scope,task-6905333b74f22949d97ba9de,0.0,True,context_overflow,6191555,3096183.0,,150,3,0.0
ctxlimit,ctxlimit,repo-scope,task-6905333b74f22949d97ba9e0,0.625,False,,2411235,57971.0,436.068,65,0,0.625
ctxlimit,ctxlimit-rerun1,control,task-6905333b74f22949d97ba9a4,1.0,False,,1605595,54573.0,1187.64,40,0,1.0
ctxlimit,ctxlimit-rerun1,control,task-6905333b74f22949d97ba9a5,0.6923076923076923,False,,2352857,59034.0,1393.31,54,0,0.6923076923076923
ctxlimit,ctxlimit-rerun1,control,task-6905333b74f22949d97ba9a6,0.8181818181818182,False,,20802707,71700.0,,341,1,0.8181818181818182
ctxlimit,ctxlimit-rerun1,control,task-6905333b74f22949d97ba9a7,1.0,False,,2402435,55392.0,1433.403,63,0,1.0
ctxlimit,ctxlimit-rerun1,control,task-6905333b74f22949d97ba9a8,1.0,False,,1562089,58896.0,1200.754,38,0,1.0
ctxlimit,ctxlimit-rerun1,control,task-6905333b74f22949d97ba9a9,0.6,False,,1928775,58297.0,1134.875,50,0,0.6
ctxlimit,ctxlimit-rerun1,control,task-6905333b74f22949d97ba9aa,0.6666666666666666,False,,16185108,8079145.0,,372,3,0.6666666666666666
ctxlimit,ctxlimit-rerun1,control,task-6905333b74f22949d97ba9ab,0.7142857142857143,False,,6756341,42550.0,,156,3,0.7142857142857143
ctxlimit,ctxlimit-rerun1,control,task-6905333b74f22949d97ba9ac,0.6,False,,1921630,54614.0,1519.097,50,0,0.6
ctxlimit,ctxlimit-rerun1,control,task-6905333b74f22949d97ba9ad,0.8181818181818182,False,,2493067,32177.0,,59,2,0.8181818181818182
ctxlimit,ctxlimit-rerun1,control,task-6905333b74f22949d97ba9ae,0.5833333333333334,False,,1236175,39276.0,,41,1,0.5833333333333334
ctxlimit,ctxlimit-rerun1,control,task-6905333b74f22949d97ba9af,0.8461538461538461,False,,4391600,47942.0,,113,2,0.8461538461538461
ctxlimit,ctxlimit-rerun1,control,task-6905333b74f22949d97ba9b2,1.0,False,,1907667,47837.0,2149.044,57,0,1.0
ctxlimit,ctxlimit-rerun1,control,task-6905333b74f22949d97ba9e8,0.7333333333333333,False,,3767016,62301.0,2432.282,84,0,0.7333333333333333
ctxlimit,ctxlimit-rerun1,control,task-6905333b74f22949d97baa1d,0.875,False,,1488555,54493.0,1463.081,37,0,0.875
ctxlimit,ctxlimit-rerun1,control,task-6905333b74f22949d97ba9d0,1.0,False,,2746477,53399.0,2000.018,78,0,1.0
ctxlimit,ctxlimit-rerun1,control,task-6905333b74f22949d97ba9d1,0.875,False,,1278660,49251.0,1080.77,37,0,0.875
ctxlimit,ctxlimit-rerun1,control,task-6905333b74f22949d97ba9d2,0.9090909090909091,False,,3446178,3437810.0,,96,3,0.9090909090909091
ctxlimit,ctxlimit-rerun1,control,task-6905333b74f22949d97ba9d3,0.0,False,,8689109,4331236.0,,210,3,0.0
ctxlimit,ctxlimit-rerun1,control,task-6905333b74f22949d97ba9d4,0.0,True,context_overflow,15043394,7518266.0,,362,3,0.0
ctxlimit,ctxlimit-rerun1,control,task-6905333b74f22949d97ba9d5,0.7142857142857143,False,,1049548,52622.0,1155.207,31,0,0.7142857142857143
ctxlimit,ctxlimit-rerun1,control,task-6905333b74f22949d97ba9d6,0.8,False,,1815778,32819.0,,50,2,0.8
ctxlimit,ctxlimit-rerun1,control,task-6905333b74f22949d97ba9d7,0.7692307692307693,False,,460954,34428.0,694.502,19,0,0.7692307692307693
ctxlimit,ctxlimit-rerun1,control,task-6905333b74f22949d97ba9d8,0.0,True,context_overflow,2973759,2969596.0,,79,3,0.0
ctxlimit,ctxlimit-rerun1,control,task-6905333b74f22949d97ba9d9,0.9,False,,1738097,47564.0,1518.515,55,0,0.9
ctxlimit,ctxlimit-rerun1,control,task-6905333b74f22949d97ba9db,1.0,False,,1432206,41855.0,,40,2,1.0
ctxlimit,ctxlimit-rerun1,control,task-6905333b74f22949d97ba9dc,0.875,False,,2304546,48386.0,1301.342,70,0,0.875
ctxlimit,ctxlimit-rerun1,control,task-6905333b74f22949d97ba9dd,0.0,True,gateway_stall,1325177,,,37,0,
ctxlimit,ctxlimit-rerun1,control,task-6905333b74f22949d97ba9de,0.0,True,context_overflow,2597773,2594095.0,,73,3,0.0
ctxlimit,ctxlimit-rerun1,control,task-6905333b74f22949d97ba9e0,0.5,False,,4015103,60966.0,1335.049,99,0,0.5
ctxlimit,ctxlimit-rerun1,repo-scope,task-6905333b74f22949d97ba9a4,0.9,False,,1442667,54521.0,1168.208,37,0,0.9
ctxlimit,ctxlimit-rerun1,repo-scope,task-6905333b74f22949d97ba9a5,0.8461538461538461,False,,1608602,44168.0,916.778,57,0,0.8461538461538461
ctxlimit,ctxlimit-rerun1,repo-scope,task-6905333b74f22949d97ba9a6,0.7272727272727273,False,,8002896,68534.0,,170,1,0.7272727272727273
ctxlimit,ctxlimit-rerun1,repo-scope,task-6905333b74f22949d97ba9a7,1.0,False,,4366703,59142.0,,105,1,1.0
ctxlimit,ctxlimit-rerun1,repo-scope,task-6905333b74f22949d97ba9a8,1.0,False,,1892008,43466.0,1091.853,65,0,1.0
ctxlimit,ctxlimit-rerun1,repo-scope,task-6905333b74f22949d97ba9a9,0.0,True,context_overflow,11738744,11715911.0,,240,3,0.0
ctxlimit,ctxlimit-rerun1,repo-scope,task-6905333b74f22949d97ba9aa,0.4166666666666667,False,,5957336,46420.0,,141,3,0.4166666666666667
ctxlimit,ctxlimit-rerun1,repo-scope,task-6905333b74f22949d97ba9ab,0.0,True,gateway_stall,1875780,,,50,0,
ctxlimit,ctxlimit-rerun1,repo-scope,task-6905333b74f22949d97ba9ac,0.6,False,,3388613,59545.0,3089.963,87,0,0.6
ctxlimit,ctxlimit-rerun1,repo-scope,task-6905333b74f22949d97ba9ad,0.0,True,context_overflow,18215364,9101985.0,,386,3,0.0
ctxlimit,ctxlimit-rerun1,repo-scope,task-6905333b74f22949d97ba9ae,0.5,False,,2533723,51150.0,1699.94,73,0,0.5
ctxlimit,ctxlimit-rerun1,repo-scope,task-6905333b74f22949d97ba9af,0.9230769230769231,False,,14030997,65969.0,,277,3,0.9230769230769231
ctxlimit,ctxlimit-rerun1,repo-scope,task-6905333b74f22949d97ba9b2,,True,judge_timeout,4395999,64923.0,3622.958,114,0,
ctxlimit,ctxlimit-rerun1,repo-scope,task-6905333b74f22949d97ba9e8,,True,judge_timeout,3061716,63080.0,1576.978,71,0,
ctxlimit,ctxlimit-rerun1,repo-scope,task-6905333b74f22949d97baa1d,,True,judge_timeout,1376897,45970.0,1955.918,47,0,
ctxlimit,ctxlimit-rerun1,repo-scope,task-6905333b74f22949d97ba9d0,0.0,True,context_overflow,7417741,,,186,2,0.0
ctxlimit,ctxlimit-rerun1,repo-scope,task-6905333b74f22949d97ba9d1,0.75,False,,1758594,40998.0,1446.19,60,0,0.75
ctxlimit,ctxlimit-rerun1,repo-scope,task-6905333b74f22949d97ba9d2,0.0,True,context_overflow,3727290,3722492.0,,98,3,0.0
ctxlimit,ctxlimit-rerun1,repo-scope,task-6905333b74f22949d97ba9d3,0.8181818181818182,False,,1832925,56117.0,1399.694,47,0,0.8181818181818182
ctxlimit,ctxlimit-rerun1,repo-scope,task-6905333b74f22949d97ba9d4,0.9090909090909091,False,,2033215,58418.0,1467.18,54,0,0.9090909090909091
ctxlimit,ctxlimit-rerun1,repo-scope,task-6905333b74f22949d97ba9d5,0.0,True,gateway_stall,1700397,,,46,0,
ctxlimit,ctxlimit-rerun1,repo-scope,task-6905333b74f22949d97ba9d6,0.8,False,,1542964,52329.0,914.202,41,0,0.8
ctxlimit,ctxlimit-rerun1,repo-scope,task-6905333b74f22949d97ba9d7,0.8461538461538461,False,,2402650,40879.0,1680.072,79,0,0.8461538461538461
ctxlimit,ctxlimit-rerun1,repo-scope,task-6905333b74f22949d97ba9d8,0.0,True,context_overflow,4363292,4357542.0,,105,3,0.0
ctxlimit,ctxlimit-rerun1,repo-scope,task-6905333b74f22949d97ba9d9,0.7,False,,4344157,48564.0,,106,2,0.7
ctxlimit,ctxlimit-rerun1,repo-scope,task-6905333b74f22949d97ba9db,1.0,False,,3149962,58208.0,,76,2,1.0
ctxlimit,ctxlimit-rerun1,repo-scope,task-6905333b74f22949d97ba9dc,0.0,True,context_overflow,5656697,5646452.0,,128,3,0.0
ctxlimit,ctxlimit-rerun1,repo-scope,task-6905333b74f22949d97ba9dd,0.6,False,,12228720,6098814.0,,272,3,0.6
ctxlimit,ctxlimit-rerun1,repo-scope,task-6905333b74f22949d97ba9de,0.0,True,context_overflow,5673245,5663736.0,,126,3,0.0
ctxlimit,ctxlimit-rerun1,repo-scope,task-6905333b74f22949d97ba9e0,0.75,False,,7357620,62883.0,,162,2,0.75
ctxlimit,ctxlimit-rerun2,control,task-6905333b74f22949d97ba9a4,1.0,False,,1605595,54573.0,1187.64,40,0,1.0
ctxlimit,ctxlimit-rerun2,control,task-6905333b74f22949d97ba9a5,0.6923076923076923,False,,2352857,59034.0,1393.31,54,0,0.6923076923076923
ctxlimit,ctxlimit-rerun2,control,task-6905333b74f22949d97ba9a6,0.8181818181818182,False,,20802707,71700.0,,341,1,0.8181818181818182
ctxlimit,ctxlimit-rerun2,control,task-6905333b74f22949d97ba9a7,1.0,False,,2402435,55392.0,1433.403,63,0,1.0
ctxlimit,ctxlimit-rerun2,control,task-6905333b74f22949d97ba9a8,1.0,False,,1562089,58896.0,1200.754,38,0,1.0
ctxlimit,ctxlimit-rerun2,control,task-6905333b74f22949d97ba9a9,0.6,False,,1928775,58297.0,1134.875,50,0,0.6
ctxlimit,ctxlimit-rerun2,control,task-6905333b74f22949d97ba9aa,0.6666666666666666,False,,16185108,8079145.0,,372,3,0.6666666666666666
ctxlimit,ctxlimit-rerun2,control,task-6905333b74f22949d97ba9ab,0.7142857142857143,False,,6756341,42550.0,,156,3,0.7142857142857143
ctxlimit,ctxlimit-rerun2,control,task-6905333b74f22949d97ba9ac,0.6,False,,1921630,54614.0,1519.097,50,0,0.6
ctxlimit,ctxlimit-rerun2,control,task-6905333b74f22949d97ba9ad,0.8181818181818182,False,,2493067,32177.0,,59,2,0.8181818181818182
ctxlimit,ctxlimit-rerun2,control,task-6905333b74f22949d97ba9ae,0.5833333333333334,False,,1236175,39276.0,,41,1,0.5833333333333334
ctxlimit,ctxlimit-rerun2,control,task-6905333b74f22949d97ba9af,0.8461538461538461,False,,4391600,47942.0,,113,2,0.8461538461538461
ctxlimit,ctxlimit-rerun2,control,task-6905333b74f22949d97ba9b2,1.0,False,,1907667,47837.0,2149.044,57,0,1.0
ctxlimit,ctxlimit-rerun2,control,task-6905333b74f22949d97ba9e8,0.7333333333333333,False,,3767016,62301.0,2432.282,84,0,0.7333333333333333
ctxlimit,ctxlimit-rerun2,control,task-6905333b74f22949d97baa1d,0.875,False,,1488555,54493.0,1463.081,37,0,0.875
ctxlimit,ctxlimit-rerun2,control,task-6905333b74f22949d97ba9d0,1.0,False,,2746477,53399.0,2000.018,78,0,1.0
ctxlimit,ctxlimit-rerun2,control,task-6905333b74f22949d97ba9d1,0.875,False,,1278660,49251.0,1080.77,37,0,0.875
ctxlimit,ctxlimit-rerun2,control,task-6905333b74f22949d97ba9d2,0.9090909090909091,False,,3446178,3437810.0,,96,3,0.9090909090909091
ctxlimit,ctxlimit-rerun2,control,task-6905333b74f22949d97ba9d3,0.0,False,,8689109,4331236.0,,210,3,0.0
ctxlimit,ctxlimit-rerun2,control,task-6905333b74f22949d97ba9d4,0.0,True,context_overflow,15043394,7518266.0,,362,3,0.0
ctxlimit,ctxlimit-rerun2,control,task-6905333b74f22949d97ba9d5,0.7142857142857143,False,,1049548,52622.0,1155.207,31,0,0.7142857142857143
ctxlimit,ctxlimit-rerun2,control,task-6905333b74f22949d97ba9d6,0.8,False,,1815778,32819.0,,50,2,0.8
ctxlimit,ctxlimit-rerun2,control,task-6905333b74f22949d97ba9d7,0.7692307692307693,False,,460954,34428.0,694.502,19,0,0.7692307692307693
ctxlimit,ctxlimit-rerun2,control,task-6905333b74f22949d97ba9d8,0.0,True,context_overflow,2973759,2969596.0,,79,3,0.0
ctxlimit,ctxlimit-rerun2,control,task-6905333b74f22949d97ba9d9,0.9,False,,1738097,47564.0,1518.515,55,0,0.9
ctxlimit,ctxlimit-rerun2,control,task-6905333b74f22949d97ba9db,1.0,False,,1432206,41855.0,,40,2,1.0
ctxlimit,ctxlimit-rerun2,control,task-6905333b74f22949d97ba9dc,0.875,False,,2304546,48386.0,1301.342,70,0,0.875
ctxlimit,ctxlimit-rerun2,control,task-6905333b74f22949d97ba9dd,0.0,True,gateway_stall,1325177,,,37,0,
ctxlimit,ctxlimit-rerun2,control,task-6905333b74f22949d97ba9de,0.0,True,context_overflow,2597773,2594095.0,,73,3,0.0
ctxlimit,ctxlimit-rerun2,control,task-6905333b74f22949d97ba9e0,0.5,False,,4015103,60966.0,1335.049,99,0,0.5
ctxlimit,ctxlimit-rerun2,repo-scope,task-6905333b74f22949d97ba9a4,0.9,False,,2464785,40464.0,,63,1,0.9
ctxlimit,ctxlimit-rerun2,repo-scope,task-6905333b74f22949d97ba9a5,0.6923076923076923,False,,2197846,57069.0,1157.954,52,0,0.6923076923076923
ctxlimit,ctxlimit-rerun2,repo-scope,task-6905333b74f22949d97ba9a6,0.0,False,,11299697,,,189,1,0.0
ctxlimit,ctxlimit-rerun2,repo-scope,task-6905333b74f22949d97ba9a7,0.0,True,gateway_stall,1586407,,,54,0,
ctxlimit,ctxlimit-rerun2,repo-scope,task-6905333b74f22949d97ba9a8,0.9,False,,1518404,65402.0,1739.148,34,0,0.9
ctxlimit,ctxlimit-rerun2,repo-scope,task-6905333b74f22949d97ba9a9,0.4,False,,3081472,60930.0,2363.456,77,0,0.4
ctxlimit,ctxlimit-rerun2,repo-scope,task-6905333b74f22949d97ba9aa,0.6666666666666666,False,,2298404,58978.0,3146.061,72,0,0.6666666666666666
ctxlimit,ctxlimit-rerun2,repo-scope,task-6905333b74f22949d97ba9ab,0.8571428571428571,False,,4323560,45420.0,,90,1,0.8571428571428571
ctxlimit,ctxlimit-rerun2,repo-scope,task-6905333b74f22949d97ba9ac,0.0,True,gateway_stall,3056594,,,72,0,
ctxlimit,ctxlimit-rerun2,repo-scope,task-6905333b74f22949d97ba9ad,,True,judge_timeout,7138822,53722.0,,165,3,
ctxlimit,ctxlimit-rerun2,repo-scope,task-6905333b74f22949d97ba9ae,,True,judge_timeout,3818524,62701.0,2107.118,94,0,
ctxlimit,ctxlimit-rerun2,repo-scope,task-6905333b74f22949d97ba9af,0.0,True,gateway_stall,3161444,,,77,0,
ctxlimit,ctxlimit-rerun2,repo-scope,task-6905333b74f22949d97ba9b2,0.8888888888888888,False,,1926426,55278.0,2530.903,52,0,0.8888888888888888
ctxlimit,ctxlimit-rerun2,repo-scope,task-6905333b74f22949d97ba9e8,0.0,True,context_overflow,2262991,,,63,1,0.0
ctxlimit,ctxlimit-rerun2,repo-scope,task-6905333b74f22949d97baa1d,0.0,True,gateway_stall,608842,,,27,0,
ctxlimit,ctxlimit-rerun2,repo-scope,task-6905333b74f22949d97ba9d0,0.0,True,context_overflow,9319825,9306472.0,,216,3,0.0
ctxlimit,ctxlimit-rerun2,repo-scope,task-6905333b74f22949d97ba9d1,1.0,False,,4156151,,,101,1,1.0
ctxlimit,ctxlimit-rerun2,repo-scope,task-6905333b74f22949d97ba9d2,0.9090909090909091,False,,1394948,53837.0,1096.815,38,0,0.9090909090909091
ctxlimit,ctxlimit-rerun2,repo-scope,task-6905333b74f22949d97ba9d3,0.8181818181818182,False,,3995639,3981649.0,,98,3,0.8181818181818182
ctxlimit,ctxlimit-rerun2,repo-scope,task-6905333b74f22949d97ba9d4,0.9090909090909091,False,,8027502,67404.0,,168,0,0.9090909090909091
ctxlimit,ctxlimit-rerun2,repo-scope,task-6905333b74f22949d97ba9d5,0.7857142857142857,False,,754670,43317.0,,23,1,0.7857142857142857
ctxlimit,ctxlimit-rerun2,repo-scope,task-6905333b74f22949d97ba9d6,0.9,False,,3460947,58760.0,,79,1,0.9
ctxlimit,ctxlimit-rerun2,repo-scope,task-6905333b74f22949d97ba9d7,0.8461538461538461,False,,532599,29722.0,597.779,25,0,0.8461538461538461
ctxlimit,ctxlimit-rerun2,repo-scope,task-6905333b74f22949d97ba9d8,0.5,False,,2792284,37608.0,,72,3,0.5
ctxlimit,ctxlimit-rerun2,repo-scope,task-6905333b74f22949d97ba9d9,0.8,False,,1085285,47156.0,885.346,32,0,0.8
ctxlimit,ctxlimit-rerun2,repo-scope,task-6905333b74f22949d97ba9db,0.0,True,context_overflow,3650360,1828125.0,,108,3,0.0
ctxlimit,ctxlimit-rerun2,repo-scope,task-6905333b74f22949d97ba9dc,1.0,False,,2273899,53005.0,1502.615,66,0,1.0
ctxlimit,ctxlimit-rerun2,repo-scope,task-6905333b74f22949d97ba9dd,0.6,False,,934143,48459.0,1017.67,29,0,0.6
ctxlimit,ctxlimit-rerun2,repo-scope,task-6905333b74f22949d97ba9de,0.0,True,context_overflow,3690114,3679858.0,,86,3,0.0
ctxlimit,ctxlimit-rerun2,repo-scope,task-6905333b74f22949d97ba9e0,0.5,False,,2539797,53466.0,756.286,66,0,0.5
ctxlimit,ctxlimit-shuffle1,control,task-6905333b74f22949d97ba9ac,0.0,True,context_overflow,5699169,,,130,1,0.0
ctxlimit,ctxlimit-shuffle1,control,task-6905333b74f22949d97ba9ae,0.6666666666666666,False,,2841122,56336.0,2063.83,80,0,0.6666666666666666
ctxlimit,ctxlimit-shuffle1,control,task-6905333b74f22949d97ba9af,0.23076923076923078,False,,4570199,,,119,2,0.23076923076923078
ctxlimit,ctxlimit-shuffle1,control,task-6905333b74f22949d97ba9ad,0.5454545454545454,False,,3824373,48239.0,,92,2,0.5454545454545454
ctxlimit,ctxlimit-shuffle1,control,task-6905333b74f22949d97baa1d,0.875,False,,817213,47708.0,934.413,24,0,0.875
ctxlimit,ctxlimit-shuffle1,control,task-6905333b74f22949d97ba9a5,0.6923076923076923,False,,979848,51905.0,670.067,26,0,0.6923076923076923
ctxlimit,ctxlimit-shuffle1,control,task-6905333b74f22949d97ba9e8,0.5333333333333333,False,,3671525,,,93,1,0.5333333333333333
ctxlimit,ctxlimit-shuffle1,control,task-6905333b74f22949d97ba9aa,0.0,True,context_overflow,10860856,5429411.0,,258,3,0.0
ctxlimit,ctxlimit-shuffle1,control,task-6905333b74f22949d97ba9ab,0.0,True,context_overflow,8501605,8491686.0,,197,3,0.0
ctxlimit,ctxlimit-shuffle1,control,task-6905333b74f22949d97ba9a8,1.0,False,,2477417,52903.0,1531.639,68,0,1.0
ctxlimit,ctxlimit-shuffle1,control,task-6905333b74f22949d97ba9b2,,True,judge_timeout,4156158,69695.0,3071.132,93,0,
ctxlimit,ctxlimit-shuffle1,control,task-6905333b74f22949d97ba9a4,,True,judge_timeout,9911723,9877222.0,,213,3,
ctxlimit,ctxlimit-shuffle1,control,task-6905333b74f22949d97ba9a9,0.8,False,,11269326,53871.0,,236,2,0.8
ctxlimit,ctxlimit-shuffle1,control,task-6905333b74f22949d97ba9a6,0.0,True,context_overflow,13272142,13229162.0,,355,3,0.0
ctxlimit,ctxlimit-shuffle1,control,task-6905333b74f22949d97ba9a7,1.0,False,,2796690,56138.0,1376.316,73,0,1.0
ctxlimit,ctxlimit-shuffle1,control,task-6905333b74f22949d97ba9d3,0.0,True,context_overflow,5790539,2897021.0,,156,3,0.0
ctxlimit,ctxlimit-shuffle1,control,task-6905333b74f22949d97ba9e0,0.625,False,,1189968,36025.0,652.444,47,0,0.625
ctxlimit,ctxlimit-shuffle1,control,task-6905333b74f22949d97ba9dd,0.6,False,,5434823,5423761.0,,136,3,0.6
ctxlimit,ctxlimit-shuffle1,control,task-6905333b74f22949d97ba9d7,0.8461538461538461,False,,511848,27103.0,361.643,25,0,0.8461538461538461
ctxlimit,ctxlimit-shuffle1,control,task-6905333b74f22949d97ba9d2,0.0,True,context_overflow,2040529,2037579.0,,62,3,0.0
ctxlimit,ctxlimit-shuffle1,control,task-6905333b74f22949d97ba9d9,0.8,False,,2737259,54161.0,,76,1,0.8
ctxlimit,ctxlimit-shuffle1,control,task-6905333b74f22949d97ba9db,1.0,False,,1777389,41335.0,,51,2,1.0
ctxlimit,ctxlimit-shuffle1,control,task-6905333b74f22949d97ba9d8,0.6666666666666666,False,,3401183,3393101.0,,87,3,0.6666666666666666
ctxlimit,ctxlimit-shuffle1,control,task-6905333b74f22949d97ba9d6,1.0,False,,2001612,30906.0,,54,2,1.0
ctxlimit,ctxlimit-shuffle1,control,task-6905333b74f22949d97ba9dc,0.0,True,context_overflow,8904931,4451942.0,,224,3,0.0
ctxlimit,ctxlimit-shuffle1,control,task-6905333b74f22949d97ba9de,0.0,True,context_overflow,3151454,3146449.0,,86,3,0.0
ctxlimit,ctxlimit-shuffle1,control,task-6905333b74f22949d97ba9d0,1.0,False,,1443888,54526.0,869.571,42,0,1.0
ctxlimit,ctxlimit-shuffle1,control,task-6905333b74f22949d97ba9d1,1.0,False,,812215,38331.0,619.636,30,0,1.0
ctxlimit,ctxlimit-shuffle1,control,task-6905333b74f22949d97ba9d4,0.8181818181818182,False,,1965809,49393.0,1160.977,66,0,0.8181818181818182
ctxlimit,ctxlimit-shuffle1,control,task-6905333b74f22949d97ba9d5,0.5714285714285714,False,,2713135,54556.0,,75,2,0.5714285714285714
ctxlimit,ctxlimit-shuffle1,repo-scope,task-6905333b74f22949d97ba9ac,0.6,False,,2631109,54419.0,2321.316,66,0,0.6
ctxlimit,ctxlimit-shuffle1,repo-scope,task-6905333b74f22949d97ba9ae,0.0,True,gateway_stall,2998117,,,77,0,
ctxlimit,ctxlimit-shuffle1,repo-scope,task-6905333b74f22949d97ba9af,1.0,False,,3555518,56441.0,,88,1,1.0
ctxlimit,ctxlimit-shuffle1,repo-scope,task-6905333b74f22949d97ba9ad,0.0,True,context_overflow,7980882,3990515.0,,198,3,0.0
ctxlimit,ctxlimit-shuffle1,repo-scope,task-6905333b74f22949d97baa1d,0.875,False,,2094416,48164.0,2045.735,62,0,0.875
ctxlimit,ctxlimit-shuffle1,repo-scope,task-6905333b74f22949d97ba9a5,0.5384615384615384,False,,2043264,54483.0,1685.379,57,0,0.5384615384615384
ctxlimit,ctxlimit-shuffle1,repo-scope,task-6905333b74f22949d97ba9e8,0.6666666666666666,False,,2162228,56317.0,2295.731,57,0,0.6666666666666666
ctxlimit,ctxlimit-shuffle1,repo-scope,task-6905333b74f22949d97ba9aa,0.0,True,context_overflow,8619217,8608566.0,,186,3,0.0
ctxlimit,ctxlimit-shuffle1,repo-scope,task-6905333b74f22949d97ba9ab,0.0,True,context_overflow,7448885,7440802.0,,171,3,0.0
ctxlimit,ctxlimit-shuffle1,repo-scope,task-6905333b74f22949d97ba9a8,,True,judge_timeout,4976200,52410.0,574.31,111,2,
ctxlimit,ctxlimit-shuffle1,repo-scope,task-6905333b74f22949d97ba9b2,,True,judge_timeout,2845044,52226.0,1891.049,81,0,
ctxlimit,ctxlimit-shuffle1,repo-scope,task-6905333b74f22949d97ba9a4,,True,judge_timeout,1615605,51176.0,,44,2,
ctxlimit,ctxlimit-shuffle1,repo-scope,task-6905333b74f22949d97ba9a9,0.7,False,,3395865,59355.0,2408.057,88,0,0.7
ctxlimit,ctxlimit-shuffle1,repo-scope,task-6905333b74f22949d97ba9a6,0.8181818181818182,False,,6117677,62606.0,,125,1,0.8181818181818182
ctxlimit,ctxlimit-shuffle1,repo-scope,task-6905333b74f22949d97ba9a7,0.0,True,gateway_stall,1946822,,,52,0,
ctxlimit,ctxlimit-shuffle1,repo-scope,task-6905333b74f22949d97ba9d3,0.8181818181818182,False,,3519217,56313.0,,91,1,0.8181818181818182
ctxlimit,ctxlimit-shuffle1,repo-scope,task-6905333b74f22949d97ba9e0,0.625,False,,2716163,53050.0,1994.728,79,0,0.625
ctxlimit,ctxlimit-shuffle1,repo-scope,task-6905333b74f22949d97ba9dd,0.6,False,,5556879,54224.0,,119,1,0.6
ctxlimit,ctxlimit-shuffle1,repo-scope,task-6905333b74f22949d97ba9d7,0.9230769230769231,False,,866914,36669.0,729.27,30,0,0.9230769230769231
ctxlimit,ctxlimit-shuffle1,repo-scope,task-6905333b74f22949d97ba9d2,0.0,True,gateway_stall,1193552,,,35,0,
ctxlimit,ctxlimit-shuffle1,repo-scope,task-6905333b74f22949d97ba9d9,0.7,False,,1581407,52058.0,1269.431,46,0,0.7
ctxlimit,ctxlimit-shuffle1,repo-scope,task-6905333b74f22949d97ba9db,0.0,True,gateway_stall,1302591,,,39,0,
ctxlimit,ctxlimit-shuffle1,repo-scope,task-6905333b74f22949d97ba9d8,0.6666666666666666,False,,3051980,39450.0,,74,3,0.6666666666666666
ctxlimit,ctxlimit-shuffle1,repo-scope,task-6905333b74f22949d97ba9d6,1.0,False,,4564016,4551144.0,,109,3,1.0
ctxlimit,ctxlimit-shuffle1,repo-scope,task-6905333b74f22949d97ba9dc,1.0,False,,7054623,56237.0,,160,3,1.0
ctxlimit,ctxlimit-shuffle1,repo-scope,task-6905333b74f22949d97ba9de,0.0,True,context_overflow,5918745,5910387.0,,137,3,0.0
ctxlimit,ctxlimit-shuffle1,repo-scope,task-6905333b74f22949d97ba9d0,0.9411764705882353,False,,2923856,54232.0,1222.205,82,0,0.9411764705882353
ctxlimit,ctxlimit-shuffle1,repo-scope,task-6905333b74f22949d97ba9d1,1.0,False,,1784279,48287.0,712.917,50,0,1.0
ctxlimit,ctxlimit-shuffle1,repo-scope,task-6905333b74f22949d97ba9d4,0.8181818181818182,False,,2455017,57221.0,750.476,72,0,0.8181818181818182
ctxlimit,ctxlimit-shuffle1,repo-scope,task-6905333b74f22949d97ba9d5,0.7142857142857143,False,,4258280,4244143.0,,103,3,0.7142857142857143
ctxlimit,ctxlimit-shuffle2,control,task-6905333b74f22949d97ba9ac,0.6,False,,2766871,59572.0,1931.995,68,0,0.6
ctxlimit,ctxlimit-shuffle2,control,task-6905333b74f22949d97ba9a7,1.0,False,,1893549,46848.0,1590.328,56,0,1.0
ctxlimit,ctxlimit-shuffle2,control,task-6905333b74f22949d97ba9a9,0.4,False,,9742690,67967.0,,207,3,0.4
ctxlimit,ctxlimit-shuffle2,control,task-6905333b74f22949d97ba9ab,0.0,True,context_overflow,6198137,6190150.0,,145,3,0.0
ctxlimit,ctxlimit-shuffle2,control,task-6905333b74f22949d97baa1d,0.0,True,gateway_stall,1643700,,,41,0,
ctxlimit,ctxlimit-shuffle2,control,task-6905333b74f22949d97ba9b2,1.0,False,,1639275,41307.0,1195.028,59,0,1.0
ctxlimit,ctxlimit-shuffle2,control,task-6905333b74f22949d97ba9a8,0.8,False,,1670652,55953.0,1263.586,40,0,0.8
ctxlimit,ctxlimit-shuffle2,control,task-6905333b74f22949d97ba9e8,0.0,True,gateway_stall,1492608,,,46,0,
ctxlimit,ctxlimit-shuffle2,control,task-6905333b74f22949d97ba9af,0.8461538461538461,False,,3733812,61061.0,2694.448,89,0,0.8461538461538461
ctxlimit,ctxlimit-shuffle2,control,task-6905333b74f22949d97ba9ae,0.5833333333333334,False,,1912915,45614.0,1346.964,58,0,0.5833333333333334
ctxlimit,ctxlimit-shuffle2,control,task-6905333b74f22949d97ba9aa,,True,judge_timeout,3788879,39300.0,,107,2,
ctxlimit,ctxlimit-shuffle2,control,task-6905333b74f22949d97ba9a5,,True,judge_timeout,2457871,53702.0,1084.945,61,0,
ctxlimit,ctxlimit-shuffle2,control,task-6905333b74f22949d97ba9a6,0.0,True,context_overflow,34614372,17266947.0,,630,1,0.0
ctxlimit,ctxlimit-shuffle2,control,task-6905333b74f22949d97ba9a4,1.0,False,,1035116,57072.0,950.03,26,0,1.0
ctxlimit,ctxlimit-shuffle2,control,task-6905333b74f22949d97ba9ad,0.5454545454545454,False,,5413914,5403163.0,,137,3,0.5454545454545454
ctxlimit,ctxlimit-shuffle2,control,task-6905333b74f22949d97ba9dd,0.5,False,,1220230,51915.0,1012.989,33,0,0.5
ctxlimit,ctxlimit-shuffle2,control,task-6905333b74f22949d97ba9d6,0.9,False,,1139061,54023.0,948.82,32,0,0.9
ctxlimit,ctxlimit-shuffle2,control,task-6905333b74f22949d97ba9d1,0.875,False,,2247154,47053.0,1506.441,67,0,0.875
ctxlimit,ctxlimit-shuffle2,control,task-6905333b74f22949d97ba9d2,0.9090909090909091,False,,1895683,34010.0,,57,2,0.9090909090909091
ctxlimit,ctxlimit-shuffle2,control,task-6905333b74f22949d97ba9db,0.0,True,context_overflow,3469310,1737901.0,,108,3,0.0
ctxlimit,ctxlimit-shuffle2,control,task-6905333b74f22949d97ba9d9,0.7,False,,1955969,45090.0,1223.831,68,0,0.7
ctxlimit,ctxlimit-shuffle2,control,task-6905333b74f22949d97ba9d7,0.8461538461538461,False,,1185235,32983.0,1184.709,54,0,0.8461538461538461
ctxlimit,ctxlimit-shuffle2,control,task-6905333b74f22949d97ba9e0,0.375,False,,1738274,47310.0,1029.96,53,0,0.375
ctxlimit,ctxlimit-shuffle2,control,task-6905333b74f22949d97ba9d4,0.7272727272727273,False,,1346832,47152.0,1012.442,43,0,0.7272727272727273
ctxlimit,ctxlimit-shuffle2,control,task-6905333b74f22949d97ba9d8,0.0,True,context_overflow,3080349,3075661.0,,81,3,0.0
ctxlimit,ctxlimit-shuffle2,control,task-6905333b74f22949d97ba9d0,1.0,False,,7293843,58106.0,,183,2,1.0
ctxlimit,ctxlimit-shuffle2,control,task-6905333b74f22949d97ba9d5,0.0,True,context_overflow,2430597,2427274.0,,73,3,0.0
ctxlimit,ctxlimit-shuffle2,control,task-6905333b74f22949d97ba9de,0.0,True,context_overflow,3486095,1746040.0,,102,3,0.0
ctxlimit,ctxlimit-shuffle2,control,task-6905333b74f22949d97ba9d3,0.0,True,context_overflow,5172363,2587692.0,,146,3,0.0
ctxlimit,ctxlimit-shuffle2,control,task-6905333b74f22949d97ba9dc,0.0,True,context_overflow,7422812,3711863.0,,198,3,0.0
ctxlimit,ctxlimit-shuffle2,repo-scope,task-6905333b74f22949d97ba9ac,0.9,False,,3461834,47726.0,,81,1,0.9
ctxlimit,ctxlimit-shuffle2,repo-scope,task-6905333b74f22949d97ba9a7,1.0,False,,3205834,53633.0,2863.253,89,0,1.0
ctxlimit,ctxlimit-shuffle2,repo-scope,task-6905333b74f22949d97ba9a9,0.7,False,,2214802,53900.0,1698.409,64,0,0.7
ctxlimit,ctxlimit-shuffle2,repo-scope,task-6905333b74f22949d97ba9ab,0.7857142857142857,False,,7897808,49328.0,,184,3,0.7857142857142857
ctxlimit,ctxlimit-shuffle2,repo-scope,task-6905333b74f22949d97baa1d,0.875,False,,1842007,44414.0,1674.537,56,0,0.875
ctxlimit,ctxlimit-shuffle2,repo-scope,task-6905333b74f22949d97ba9b2,0.8888888888888888,False,,3100916,57958.0,2811.35,76,0,0.8888888888888888
ctxlimit,ctxlimit-shuffle2,repo-scope,task-6905333b74f22949d97ba9a8,1.0,False,,1380570,58394.0,1945.049,35,0,1.0
ctxlimit,ctxlimit-shuffle2,repo-scope,task-6905333b74f22949d97ba9e8,0.0,True,context_overflow,5932844,,,125,1,0.0
ctxlimit,ctxlimit-shuffle2,repo-scope,task-6905333b74f22949d97ba9af,,True,judge_timeout,6899115,64174.0,,158,1,
ctxlimit,ctxlimit-shuffle2,repo-scope,task-6905333b74f22949d97ba9ae,,True,judge_timeout,1877549,56435.0,607.352,47,0,
ctxlimit,ctxlimit-shuffle2,repo-scope,task-6905333b74f22949d97ba9aa,0.0,True,context_overflow,5313198,5305953.0,,122,3,0.0
ctxlimit,ctxlimit-shuffle2,repo-scope,task-6905333b74f22949d97ba9a5,0.0,True,gateway_stall,2130079,,,57,0,
ctxlimit,ctxlimit-shuffle2,repo-scope,task-6905333b74f22949d97ba9a6,0.7272727272727273,False,,13521837,74156.0,,226,1,0.7272727272727273
ctxlimit,ctxlimit-shuffle2,repo-scope,task-6905333b74f22949d97ba9a4,0.0,True,context_overflow,1909155,,,50,1,0.0
ctxlimit,ctxlimit-shuffle2,repo-scope,task-6905333b74f22949d97ba9ad,0.7272727272727273,False,,2695825,50536.0,,66,1,0.7272727272727273
ctxlimit,ctxlimit-shuffle2,repo-scope,task-6905333b74f22949d97ba9dd,0.0,False,,4528498,,,108,2,0.0
ctxlimit,ctxlimit-shuffle2,repo-scope,task-6905333b74f22949d97ba9d6,1.0,False,,1387021,50238.0,1442.611,41,0,1.0
ctxlimit,ctxlimit-shuffle2,repo-scope,task-6905333b74f22949d97ba9d1,1.0,False,,1155372,51507.0,1195.404,31,0,1.0
ctxlimit,ctxlimit-shuffle2,repo-scope,task-6905333b74f22949d97ba9d2,0.7272727272727273,False,,783690,51629.0,1048.854,22,0,0.7272727272727273
ctxlimit,ctxlimit-shuffle2,repo-scope,task-6905333b74f22949d97ba9db,1.0,False,,9344461,60661.0,,218,2,1.0
ctxlimit,ctxlimit-shuffle2,repo-scope,task-6905333b74f22949d97ba9d9,0.0,True,gateway_stall,1291890,,,42,0,
ctxlimit,ctxlimit-shuffle2,repo-scope,task-6905333b74f22949d97ba9d7,0.9230769230769231,False,,1914093,37166.0,1317.12,74,0,0.9230769230769231
ctxlimit,ctxlimit-shuffle2,repo-scope,task-6905333b74f22949d97ba9e0,0.75,False,,6854854,62213.0,,151,2,0.75
ctxlimit,ctxlimit-shuffle2,repo-scope,task-6905333b74f22949d97ba9d4,0.6363636363636364,False,,3426268,57224.0,,84,1,0.6363636363636364
ctxlimit,ctxlimit-shuffle2,repo-scope,task-6905333b74f22949d97ba9d8,0.5833333333333334,False,,2227936,44505.0,,58,2,0.5833333333333334
ctxlimit,ctxlimit-shuffle2,repo-scope,task-6905333b74f22949d97ba9d0,0.8235294117647058,False,,1734945,48330.0,889.129,52,0,0.8235294117647058
ctxlimit,ctxlimit-shuffle2,repo-scope,task-6905333b74f22949d97ba9d5,0.8571428571428571,False,,985303,52410.0,396.899,25,0,0.8571428571428571
ctxlimit,ctxlimit-shuffle2,repo-scope,task-6905333b74f22949d97ba9de,0.0,True,context_overflow,3297781,3291986.0,,81,3,0.0
ctxlimit,ctxlimit-shuffle2,repo-scope,task-6905333b74f22949d97ba9d3,0.8181818181818182,False,,1196286,46314.0,,30,1,0.8181818181818182
ctxlimit,ctxlimit-shuffle2,repo-scope,task-6905333b74f22949d97ba9dc,0.875,False,,2179247,50188.0,,55,1,0.875
