run,task,session_s,turns
20260921T112121.240847222Z-openclaw-sweatlasqa-pilot30-amem-repo-control-sglang,task-6905333b74f22949d97ba9a4,376.56300020217896,39
20260921T112121.240847222Z-openclaw-sweatlasqa-pilot30-amem-repo-control-sglang,task-6905333b74f22949d97ba9a5,653.3849999904633,75
20260921T112121.240847222Z-openclaw-sweatlasqa-pilot30-amem-repo-control-sglang,task-6905333b74f22949d97ba9a6,1589.361999988556,121
20260921T112121.240847222Z-openclaw-sweatlasqa-pilot30-amem-repo-control-sglang,task-6905333b74f22949d97ba9a7,528.5249998569489,63
20260921T112121.240847222Z-openclaw-sweatlasqa-pilot30-amem-repo-control-sglang,task-6905333b74f22949d97ba9a8,357.1560001373291,43
20260921T112121.240847222Z-openclaw-sweatlasqa-pilot30-amem-repo-control-sglang,task-6905333b74f22949d97ba9a9,376.9810001850128,55
20260921T112121.240847222Z-openclaw-sweatlasqa-pilot30-amem-repo-control-sglang,task-6905333b74f22949d97ba9aa,553.8519999980927,74
20260921T112121.240847222Z-openclaw-sweatlasqa-pilot30-amem-repo-control-sglang,task-6905333b74f22949d97ba9ab,315.73799991607666,30
20260921T112121.240847222Z-openclaw-sweatlasqa-pilot30-amem-repo-control-sglang,task-6905333b74f22949d97ba9ac,835.3940000534058,85
20260921T112121.240847222Z-openclaw-sweatlasqa-pilot30-amem-repo-control-sglang,task-6905333b74f22949d97ba9ad,645.7090001106262,61
20260921T112121.240847222Z-openclaw-sweatlasqa-pilot30-amem-repo-control-sglang,task-6905333b74f22949d97ba9ae,459.54900002479553,68
20260921T112121.240847222Z-openclaw-sweatlasqa-pilot30-amem-repo-control-sglang,task-6905333b74f22949d97ba9af,358.172000169754,48
20260921T112121.240847222Z-openclaw-sweatlasqa-pilot30-amem-repo-control-sglang,task-6905333b74f22949d97ba9b2,1005.7569999694824,88
20260921T112121.240847222Z-openclaw-sweatlasqa-pilot30-amem-repo-control-sglang,task-6905333b74f22949d97ba9d0,534.204999923706,39
20260921T112121.240847222Z-openclaw-sweatlasqa-pilot30-amem-repo-control-sglang,task-6905333b74f22949d97ba9d1,591.8180000782013,56
20260921T112121.240847222Z-openclaw-sweatlasqa-pilot30-amem-repo-control-sglang,task-6905333b74f22949d97ba9d2,462.75999999046326,34
20260921T112121.240847222Z-openclaw-sweatlasqa-pilot30-amem-repo-control-sglang,task-6905333b74f22949d97ba9d3,353.8789999485016,28
20260921T112121.240847222Z-openclaw-sweatlasqa-pilot30-amem-repo-control-sglang,task-6905333b74f22949d97ba9d4,338.1449999809265,37
20260921T112121.240847222Z-openclaw-sweatlasqa-pilot30-amem-repo-control-sglang,task-6905333b74f22949d97ba9d5,357.210000038147,25
20260921T112121.240847222Z-openclaw-sweatlasqa-pilot30-amem-repo-control-sglang,task-6905333b74f22949d97ba9d6,340.0880000591278,36
20260921T112121.240847222Z-openclaw-sweatlasqa-pilot30-amem-repo-control-sglang,task-6905333b74f22949d97ba9d7,558.6829998493195,58
20260921T112121.240847222Z-openclaw-sweatlasqa-pilot30-amem-repo-control-sglang,task-6905333b74f22949d97ba9d8,455.66100001335144,37
20260921T112121.240847222Z-openclaw-sweatlasqa-pilot30-amem-repo-control-sglang,task-6905333b74f22949d97ba9d9,633.662999868393,42
20260921T112121.240847222Z-openclaw-sweatlasqa-pilot30-amem-repo-control-sglang,task-6905333b74f22949d97ba9db,489.82100009918213,50
20260921T112121.240847222Z-openclaw-sweatlasqa-pilot30-amem-repo-control-sglang,task-6905333b74f22949d97ba9dc,534.7419998645782,37
20260921T112121.240847222Z-openclaw-sweatlasqa-pilot30-amem-repo-control-sglang,task-6905333b74f22949d97ba9dd,544.5469999313354,43
20260921T112121.240847222Z-openclaw-sweatlasqa-pilot30-amem-repo-control-sglang,task-6905333b74f22949d97ba9de,1618.9279999732971,91
20260921T112121.240847222Z-openclaw-sweatlasqa-pilot30-amem-repo-control-sglang,task-6905333b74f22949d97ba9e0,358.28700017929077,44
20260921T112121.240847222Z-openclaw-sweatlasqa-pilot30-amem-repo-control-sglang,task-6905333b74f22949d97ba9e8,1530.7119998931885,111
20260921T112121.240847222Z-openclaw-sweatlasqa-pilot30-amem-repo-control-sglang,task-6905333b74f22949d97baa1d,1297.851000070572,64
20260921T185635.159523170Z-openclaw-sweatlasqa-pilot30-shuffle1-amem-repo-control-sglang,task-6905333b74f22949d97ba9a4,232.8659999370575,26
20260921T185635.159523170Z-openclaw-sweatlasqa-pilot30-shuffle1-amem-repo-control-sglang,task-6905333b74f22949d97ba9a5,701.146999835968,66
20260921T185635.159523170Z-openclaw-sweatlasqa-pilot30-shuffle1-amem-repo-control-sglang,task-6905333b74f22949d97ba9a6,888.672000169754,126
20260921T185635.159523170Z-openclaw-sweatlasqa-pilot30-shuffle1-amem-repo-control-sglang,task-6905333b74f22949d97ba9a7,392.8860001564026,55
20260921T185635.159523170Z-openclaw-sweatlasqa-pilot30-shuffle1-amem-repo-control-sglang,task-6905333b74f22949d97ba9a8,294.59600019454956,48
20260921T185635.159523170Z-openclaw-sweatlasqa-pilot30-shuffle1-amem-repo-control-sglang,task-6905333b74f22949d97ba9a9,302.7460000514984,48
20260921T185635.159523170Z-openclaw-sweatlasqa-pilot30-shuffle1-amem-repo-control-sglang,task-6905333b74f22949d97ba9aa,481.97699999809265,57
20260921T185635.159523170Z-openclaw-sweatlasqa-pilot30-shuffle1-amem-repo-control-sglang,task-6905333b74f22949d97ba9ab,220.42700004577637,24
20260921T185635.159523170Z-openclaw-sweatlasqa-pilot30-shuffle1-amem-repo-control-sglang,task-6905333b74f22949d97ba9ac,1059.332999944687,104
20260921T185635.159523170Z-openclaw-sweatlasqa-pilot30-shuffle1-amem-repo-control-sglang,task-6905333b74f22949d97ba9ad,607.3329999446869,72
20260921T185635.159523170Z-openclaw-sweatlasqa-pilot30-shuffle1-amem-repo-control-sglang,task-6905333b74f22949d97ba9ae,458.7630000114441,64
20260921T185635.159523170Z-openclaw-sweatlasqa-pilot30-shuffle1-amem-repo-control-sglang,task-6905333b74f22949d97ba9af,408.3919999599457,67
20260921T185635.159523170Z-openclaw-sweatlasqa-pilot30-shuffle1-amem-repo-control-sglang,task-6905333b74f22949d97ba9b2,687.5190000534058,80
20260921T185635.159523170Z-openclaw-sweatlasqa-pilot30-shuffle1-amem-repo-control-sglang,task-6905333b74f22949d97ba9d0,537.1659998893738,84
20260921T185635.159523170Z-openclaw-sweatlasqa-pilot30-shuffle1-amem-repo-control-sglang,task-6905333b74f22949d97ba9d1,306.8589999675751,48
20260921T185635.159523170Z-openclaw-sweatlasqa-pilot30-shuffle1-amem-repo-control-sglang,task-6905333b74f22949d97ba9d2,251.5369999408722,28
20260921T185635.159523170Z-openclaw-sweatlasqa-pilot30-shuffle1-amem-repo-control-sglang,task-6905333b74f22949d97ba9d3,480.9370000362396,55
20260921T185635.159523170Z-openclaw-sweatlasqa-pilot30-shuffle1-amem-repo-control-sglang,task-6905333b74f22949d97ba9d4,387.0640001296997,47
20260921T185635.159523170Z-openclaw-sweatlasqa-pilot30-shuffle1-amem-repo-control-sglang,task-6905333b74f22949d97ba9d5,222.9119999408722,27
20260921T185635.159523170Z-openclaw-sweatlasqa-pilot30-shuffle1-amem-repo-control-sglang,task-6905333b74f22949d97ba9d6,221.38299989700317,33
20260921T185635.159523170Z-openclaw-sweatlasqa-pilot30-shuffle1-amem-repo-control-sglang,task-6905333b74f22949d97ba9d7,291.4849998950958,55
20260921T185635.159523170Z-openclaw-sweatlasqa-pilot30-shuffle1-amem-repo-control-sglang,task-6905333b74f22949d97ba9d8,297.58899998664856,41
20260921T185635.159523170Z-openclaw-sweatlasqa-pilot30-shuffle1-amem-repo-control-sglang,task-6905333b74f22949d97ba9d9,208.60000014305115,30
20260921T185635.159523170Z-openclaw-sweatlasqa-pilot30-shuffle1-amem-repo-control-sglang,task-6905333b74f22949d97ba9db,724.4749999046326,74
20260921T185635.159523170Z-openclaw-sweatlasqa-pilot30-shuffle1-amem-repo-control-sglang,task-6905333b74f22949d97ba9dc,494.63499999046326,56
20260921T185635.159523170Z-openclaw-sweatlasqa-pilot30-shuffle1-amem-repo-control-sglang,task-6905333b74f22949d97ba9dd,314.97300004959106,38
20260921T185635.159523170Z-openclaw-sweatlasqa-pilot30-shuffle1-amem-repo-control-sglang,task-6905333b74f22949d97ba9de,304.095999956131,41
20260921T185635.159523170Z-openclaw-sweatlasqa-pilot30-shuffle1-amem-repo-control-sglang,task-6905333b74f22949d97ba9e0,523.3199999332428,77
20260921T185635.159523170Z-openclaw-sweatlasqa-pilot30-shuffle1-amem-repo-control-sglang,task-6905333b74f22949d97ba9e8,770.3510000705719,84
20260921T185635.159523170Z-openclaw-sweatlasqa-pilot30-shuffle1-amem-repo-control-sglang,task-6905333b74f22949d97baa1d,324.3770000934601,47
20260922T030603.472962309Z-openclaw-sweatlasqa-pilot30-shuffle2-amem-repo-control-sglang,task-6905333b74f22949d97ba9a4,272.55200004577637,32
20260922T030603.472962309Z-openclaw-sweatlasqa-pilot30-shuffle2-amem-repo-control-sglang,task-6905333b74f22949d97ba9a5,521.6480000019073,95
20260922T030603.472962309Z-openclaw-sweatlasqa-pilot30-shuffle2-amem-repo-control-sglang,task-6905333b74f22949d97ba9a6,1727.311999797821,130
20260922T030603.472962309Z-openclaw-sweatlasqa-pilot30-shuffle2-amem-repo-control-sglang,task-6905333b74f22949d97ba9a7,496.5110001564026,91
20260922T030603.472962309Z-openclaw-sweatlasqa-pilot30-shuffle2-amem-repo-control-sglang,task-6905333b74f22949d97ba9a8,338.6970000267029,36
20260922T030603.472962309Z-openclaw-sweatlasqa-pilot30-shuffle2-amem-repo-control-sglang,task-6905333b74f22949d97ba9a9,445.1850001811981,81
20260922T030603.472962309Z-openclaw-sweatlasqa-pilot30-shuffle2-amem-repo-control-sglang,task-6905333b74f22949d97ba9aa,786.039999961853,69
20260922T030603.472962309Z-openclaw-sweatlasqa-pilot30-shuffle2-amem-repo-control-sglang,task-6905333b74f22949d97ba9ab,284.9649999141693,53
20260922T030603.472962309Z-openclaw-sweatlasqa-pilot30-shuffle2-amem-repo-control-sglang,task-6905333b74f22949d97ba9ac,1011.938000202179,92
20260922T030603.472962309Z-openclaw-sweatlasqa-pilot30-shuffle2-amem-repo-control-sglang,task-6905333b74f22949d97ba9ad,637.9820001125336,45
20260922T030603.472962309Z-openclaw-sweatlasqa-pilot30-shuffle2-amem-repo-control-sglang,task-6905333b74f22949d97ba9ae,720.173999786377,98
20260922T030603.472962309Z-openclaw-sweatlasqa-pilot30-shuffle2-amem-repo-control-sglang,task-6905333b74f22949d97ba9af,814.1949999332428,63
20260922T030603.472962309Z-openclaw-sweatlasqa-pilot30-shuffle2-amem-repo-control-sglang,task-6905333b74f22949d97ba9b2,722.5030000209808,107
20260922T030603.472962309Z-openclaw-sweatlasqa-pilot30-shuffle2-amem-repo-control-sglang,task-6905333b74f22949d97ba9d0,665.4859998226166,79
20260922T030603.472962309Z-openclaw-sweatlasqa-pilot30-shuffle2-amem-repo-control-sglang,task-6905333b74f22949d97ba9d1,464.05400013923645,53
20260922T030603.472962309Z-openclaw-sweatlasqa-pilot30-shuffle2-amem-repo-control-sglang,task-6905333b74f22949d97ba9d2,505.95099997520447,51
20260922T030603.472962309Z-openclaw-sweatlasqa-pilot30-shuffle2-amem-repo-control-sglang,task-6905333b74f22949d97ba9d3,228.28999996185303,30
20260922T030603.472962309Z-openclaw-sweatlasqa-pilot30-shuffle2-amem-repo-control-sglang,task-6905333b74f22949d97ba9d4,2671.391000032425,233
20260922T030603.472962309Z-openclaw-sweatlasqa-pilot30-shuffle2-amem-repo-control-sglang,task-6905333b74f22949d97ba9d5,376.8049998283386,29
20260922T030603.472962309Z-openclaw-sweatlasqa-pilot30-shuffle2-amem-repo-control-sglang,task-6905333b74f22949d97ba9d6,254.25300002098083,36
20260922T030603.472962309Z-openclaw-sweatlasqa-pilot30-shuffle2-amem-repo-control-sglang,task-6905333b74f22949d97ba9d7,269.6749999523163,18
20260922T030603.472962309Z-openclaw-sweatlasqa-pilot30-shuffle2-amem-repo-control-sglang,task-6905333b74f22949d97ba9d8,951.345999956131,78
20260922T030603.472962309Z-openclaw-sweatlasqa-pilot30-shuffle2-amem-repo-control-sglang,task-6905333b74f22949d97ba9d9,441.3680000305176,47
20260922T030603.472962309Z-openclaw-sweatlasqa-pilot30-shuffle2-amem-repo-control-sglang,task-6905333b74f22949d97ba9db,524.316999912262,41
20260922T030603.472962309Z-openclaw-sweatlasqa-pilot30-shuffle2-amem-repo-control-sglang,task-6905333b74f22949d97ba9dc,297.7760000228882,60
20260922T030603.472962309Z-openclaw-sweatlasqa-pilot30-shuffle2-amem-repo-control-sglang,task-6905333b74f22949d97ba9dd,323.4909999370575,53
20260922T030603.472962309Z-openclaw-sweatlasqa-pilot30-shuffle2-amem-repo-control-sglang,task-6905333b74f22949d97ba9de,614.3540000915527,45
20260922T030603.472962309Z-openclaw-sweatlasqa-pilot30-shuffle2-amem-repo-control-sglang,task-6905333b74f22949d97ba9e0,867.2210001945496,100
20260922T030603.472962309Z-openclaw-sweatlasqa-pilot30-shuffle2-amem-repo-control-sglang,task-6905333b74f22949d97ba9e8,44.02300000190735,16
20260922T030603.472962309Z-openclaw-sweatlasqa-pilot30-shuffle2-amem-repo-control-sglang,task-6905333b74f22949d97baa1d,429.4520001411438,80
20260921T133243.122989422Z-openclaw-sweatlasqa-pilot30-amem-repo-both-sglang,task-6905333b74f22949d97ba9a4,894.7960000038147,57
20260921T133243.122989422Z-openclaw-sweatlasqa-pilot30-amem-repo-both-sglang,task-6905333b74f22949d97ba9a5,555.1309998035431,44
20260921T133243.122989422Z-openclaw-sweatlasqa-pilot30-amem-repo-both-sglang,task-6905333b74f22949d97ba9a6,2450.088000059128,114
20260921T133243.122989422Z-openclaw-sweatlasqa-pilot30-amem-repo-both-sglang,task-6905333b74f22949d97ba9a7,536.8610000610352,61
20260921T133243.122989422Z-openclaw-sweatlasqa-pilot30-amem-repo-both-sglang,task-6905333b74f22949d97ba9a8,442.7760000228882,42
20260921T133243.122989422Z-openclaw-sweatlasqa-pilot30-amem-repo-both-sglang,task-6905333b74f22949d97ba9a9,662.1979999542236,66
20260921T133243.122989422Z-openclaw-sweatlasqa-pilot30-amem-repo-both-sglang,task-6905333b74f22949d97ba9aa,470.1579999923706,48
20260921T133243.122989422Z-openclaw-sweatlasqa-pilot30-amem-repo-both-sglang,task-6905333b74f22949d97ba9ab,665.9930000305176,62
20260921T133243.122989422Z-openclaw-sweatlasqa-pilot30-amem-repo-both-sglang,task-6905333b74f22949d97ba9ac,657.3700001239777,66
20260921T133243.122989422Z-openclaw-sweatlasqa-pilot30-amem-repo-both-sglang,task-6905333b74f22949d97ba9ad,683.8220000267029,47
20260921T133243.122989422Z-openclaw-sweatlasqa-pilot30-amem-repo-both-sglang,task-6905333b74f22949d97ba9ae,555.8259999752045,78
20260921T133243.122989422Z-openclaw-sweatlasqa-pilot30-amem-repo-both-sglang,task-6905333b74f22949d97ba9af,1568.62700009346,130
20260921T133243.122989422Z-openclaw-sweatlasqa-pilot30-amem-repo-both-sglang,task-6905333b74f22949d97ba9b2,505.5590000152588,56
20260921T133243.122989422Z-openclaw-sweatlasqa-pilot30-amem-repo-both-sglang,task-6905333b74f22949d97ba9d0,279.3660001754761,33
20260921T133243.122989422Z-openclaw-sweatlasqa-pilot30-amem-repo-both-sglang,task-6905333b74f22949d97ba9d1,250.12000012397766,52
20260921T133243.122989422Z-openclaw-sweatlasqa-pilot30-amem-repo-both-sglang,task-6905333b74f22949d97ba9d2,294.8090000152588,31
20260921T133243.122989422Z-openclaw-sweatlasqa-pilot30-amem-repo-both-sglang,task-6905333b74f22949d97ba9d3,406.9670000076294,51
20260921T133243.122989422Z-openclaw-sweatlasqa-pilot30-amem-repo-both-sglang,task-6905333b74f22949d97ba9d4,254.89399981498718,43
20260921T133243.122989422Z-openclaw-sweatlasqa-pilot30-amem-repo-both-sglang,task-6905333b74f22949d97ba9d5,183.30599999427795,19
20260921T133243.122989422Z-openclaw-sweatlasqa-pilot30-amem-repo-both-sglang,task-6905333b74f22949d97ba9d6,200.17999982833862,20
20260921T133243.122989422Z-openclaw-sweatlasqa-pilot30-amem-repo-both-sglang,task-6905333b74f22949d97ba9d7,329.1859998703003,43
20260921T133243.122989422Z-openclaw-sweatlasqa-pilot30-amem-repo-both-sglang,task-6905333b74f22949d97ba9d8,269.42899990081787,30
20260921T133243.122989422Z-openclaw-sweatlasqa-pilot30-amem-repo-both-sglang,task-6905333b74f22949d97ba9d9,211.6819999217987,26
20260921T133243.122989422Z-openclaw-sweatlasqa-pilot30-amem-repo-both-sglang,task-6905333b74f22949d97ba9db,284.79299998283386,28
20260921T133243.122989422Z-openclaw-sweatlasqa-pilot30-amem-repo-both-sglang,task-6905333b74f22949d97ba9dc,290.76399993896484,33
20260921T133243.122989422Z-openclaw-sweatlasqa-pilot30-amem-repo-both-sglang,task-6905333b74f22949d97ba9dd,289.39599990844727,31
20260921T133243.122989422Z-openclaw-sweatlasqa-pilot30-amem-repo-both-sglang,task-6905333b74f22949d97ba9de,1141.6929998397827,95
20260921T133243.122989422Z-openclaw-sweatlasqa-pilot30-amem-repo-both-sglang,task-6905333b74f22949d97ba9e0,251.02800011634827,34
20260921T133243.122989422Z-openclaw-sweatlasqa-pilot30-amem-repo-both-sglang,task-6905333b74f22949d97ba9e8,1291.4660000801086,92
20260921T133243.122989422Z-openclaw-sweatlasqa-pilot30-amem-repo-both-sglang,task-6905333b74f22949d97baa1d,678.8610000610352,72
20260921T230545.829562372Z-openclaw-sweatlasqa-pilot30-shuffle1-amem-repo-both-sglang,task-6905333b74f22949d97ba9a4,385.53400015830994,35
20260921T230545.829562372Z-openclaw-sweatlasqa-pilot30-shuffle1-amem-repo-both-sglang,task-6905333b74f22949d97ba9a5,480.2909998893738,75
20260921T230545.829562372Z-openclaw-sweatlasqa-pilot30-shuffle1-amem-repo-both-sglang,task-6905333b74f22949d97ba9a6,870.5,104
20260921T230545.829562372Z-openclaw-sweatlasqa-pilot30-shuffle1-amem-repo-both-sglang,task-6905333b74f22949d97ba9a7,435.09699988365173,73
20260921T230545.829562372Z-openclaw-sweatlasqa-pilot30-shuffle1-amem-repo-both-sglang,task-6905333b74f22949d97ba9a8,325.460000038147,43
20260921T230545.829562372Z-openclaw-sweatlasqa-pilot30-shuffle1-amem-repo-both-sglang,task-6905333b74f22949d97ba9a9,218.63899993896484,37
20260921T230545.829562372Z-openclaw-sweatlasqa-pilot30-shuffle1-amem-repo-both-sglang,task-6905333b74f22949d97ba9aa,453.82600021362305,63
20260921T230545.829562372Z-openclaw-sweatlasqa-pilot30-shuffle1-amem-repo-both-sglang,task-6905333b74f22949d97ba9ab,410.69599986076355,53
20260921T230545.829562372Z-openclaw-sweatlasqa-pilot30-shuffle1-amem-repo-both-sglang,task-6905333b74f22949d97ba9ac,395.720999956131,57
20260921T230545.829562372Z-openclaw-sweatlasqa-pilot30-shuffle1-amem-repo-both-sglang,task-6905333b74f22949d97ba9ad,532.0570001602173,59
20260921T230545.829562372Z-openclaw-sweatlasqa-pilot30-shuffle1-amem-repo-both-sglang,task-6905333b74f22949d97ba9ae,348.0440001487732,68
20260921T230545.829562372Z-openclaw-sweatlasqa-pilot30-shuffle1-amem-repo-both-sglang,task-6905333b74f22949d97ba9af,347.34299993515015,51
20260921T230545.829562372Z-openclaw-sweatlasqa-pilot30-shuffle1-amem-repo-both-sglang,task-6905333b74f22949d97ba9b2,380.90000009536743,52
20260921T230545.829562372Z-openclaw-sweatlasqa-pilot30-shuffle1-amem-repo-both-sglang,task-6905333b74f22949d97ba9d0,317.09299993515015,27
20260921T230545.829562372Z-openclaw-sweatlasqa-pilot30-shuffle1-amem-repo-both-sglang,task-6905333b74f22949d97ba9d1,312.4409999847412,46
20260921T230545.829562372Z-openclaw-sweatlasqa-pilot30-shuffle1-amem-repo-both-sglang,task-6905333b74f22949d97ba9d2,202.02300000190735,22
20260921T230545.829562372Z-openclaw-sweatlasqa-pilot30-shuffle1-amem-repo-both-sglang,task-6905333b74f22949d97ba9d3,311.4859998226166,42
20260921T230545.829562372Z-openclaw-sweatlasqa-pilot30-shuffle1-amem-repo-both-sglang,task-6905333b74f22949d97ba9d4,270.8140001296997,37
20260921T230545.829562372Z-openclaw-sweatlasqa-pilot30-shuffle1-amem-repo-both-sglang,task-6905333b74f22949d97ba9d5,273.10599994659424,43
20260921T230545.829562372Z-openclaw-sweatlasqa-pilot30-shuffle1-amem-repo-both-sglang,task-6905333b74f22949d97ba9d6,248.35800004005432,31
20260921T230545.829562372Z-openclaw-sweatlasqa-pilot30-shuffle1-amem-repo-both-sglang,task-6905333b74f22949d97ba9d7,324.1909999847412,56
20260921T230545.829562372Z-openclaw-sweatlasqa-pilot30-shuffle1-amem-repo-both-sglang,task-6905333b74f22949d97ba9d8,382.9759998321533,51
20260921T230545.829562372Z-openclaw-sweatlasqa-pilot30-shuffle1-amem-repo-both-sglang,task-6905333b74f22949d97ba9d9,238.96199989318848,33
20260921T230545.829562372Z-openclaw-sweatlasqa-pilot30-shuffle1-amem-repo-both-sglang,task-6905333b74f22949d97ba9db,280.97900009155273,23
20260921T230545.829562372Z-openclaw-sweatlasqa-pilot30-shuffle1-amem-repo-both-sglang,task-6905333b74f22949d97ba9dc,295.9500000476837,33
20260921T230545.829562372Z-openclaw-sweatlasqa-pilot30-shuffle1-amem-repo-both-sglang,task-6905333b74f22949d97ba9dd,278.87400007247925,29
20260921T230545.829562372Z-openclaw-sweatlasqa-pilot30-shuffle1-amem-repo-both-sglang,task-6905333b74f22949d97ba9de,723.4049999713898,80
20260921T230545.829562372Z-openclaw-sweatlasqa-pilot30-shuffle1-amem-repo-both-sglang,task-6905333b74f22949d97ba9e0,1871.3139998912811,161
20260921T230545.829562372Z-openclaw-sweatlasqa-pilot30-shuffle1-amem-repo-both-sglang,task-6905333b74f22949d97ba9e8,515.430999994278,59
20260921T230545.829562372Z-openclaw-sweatlasqa-pilot30-shuffle1-amem-repo-both-sglang,task-6905333b74f22949d97baa1d,299.94000005722046,43
20260922T084454.937266767Z-openclaw-sweatlasqa-pilot30-shuffle2-amem-repo-both-sglang,task-6905333b74f22949d97ba9a4,208.0220000743866,21
20260922T084454.937266767Z-openclaw-sweatlasqa-pilot30-shuffle2-amem-repo-both-sglang,task-6905333b74f22949d97ba9a5,289.2130000591278,46
20260922T084454.937266767Z-openclaw-sweatlasqa-pilot30-shuffle2-amem-repo-both-sglang,task-6905333b74f22949d97ba9a6,1517.7670001983643,157
20260922T084454.937266767Z-openclaw-sweatlasqa-pilot30-shuffle2-amem-repo-both-sglang,task-6905333b74f22949d97ba9a7,486.31900000572205,75
20260922T084454.937266767Z-openclaw-sweatlasqa-pilot30-shuffle2-amem-repo-both-sglang,task-6905333b74f22949d97ba9a8,294.4520001411438,38
20260922T084454.937266767Z-openclaw-sweatlasqa-pilot30-shuffle2-amem-repo-both-sglang,task-6905333b74f22949d97ba9a9,797.7920000553131,112
20260922T084454.937266767Z-openclaw-sweatlasqa-pilot30-shuffle2-amem-repo-both-sglang,task-6905333b74f22949d97ba9aa,440.28700017929077,52
20260922T084454.937266767Z-openclaw-sweatlasqa-pilot30-shuffle2-amem-repo-both-sglang,task-6905333b74f22949d97ba9ab,345.3789999485016,45
20260922T084454.937266767Z-openclaw-sweatlasqa-pilot30-shuffle2-amem-repo-both-sglang,task-6905333b74f22949d97ba9ac,759.6840000152588,53
20260922T084454.937266767Z-openclaw-sweatlasqa-pilot30-shuffle2-amem-repo-both-sglang,task-6905333b74f22949d97ba9ad,426.5309998989105,44
20260922T084454.937266767Z-openclaw-sweatlasqa-pilot30-shuffle2-amem-repo-both-sglang,task-6905333b74f22949d97ba9ae,370.7889997959137,61
20260922T084454.937266767Z-openclaw-sweatlasqa-pilot30-shuffle2-amem-repo-both-sglang,task-6905333b74f22949d97ba9af,434.029000043869,56
20260922T084454.937266767Z-openclaw-sweatlasqa-pilot30-shuffle2-amem-repo-both-sglang,task-6905333b74f22949d97ba9b2,446.9739999771118,62
20260922T084454.937266767Z-openclaw-sweatlasqa-pilot30-shuffle2-amem-repo-both-sglang,task-6905333b74f22949d97ba9d0,410.5369999408722,49
20260922T084454.937266767Z-openclaw-sweatlasqa-pilot30-shuffle2-amem-repo-both-sglang,task-6905333b74f22949d97ba9d1,268.6050000190735,42
20260922T084454.937266767Z-openclaw-sweatlasqa-pilot30-shuffle2-amem-repo-both-sglang,task-6905333b74f22949d97ba9d2,189.29299998283386,20
20260922T084454.937266767Z-openclaw-sweatlasqa-pilot30-shuffle2-amem-repo-both-sglang,task-6905333b74f22949d97ba9d3,509.8949999809265,52
20260922T084454.937266767Z-openclaw-sweatlasqa-pilot30-shuffle2-amem-repo-both-sglang,task-6905333b74f22949d97ba9d4,406.0330002307892,52
20260922T084454.937266767Z-openclaw-sweatlasqa-pilot30-shuffle2-amem-repo-both-sglang,task-6905333b74f22949d97ba9d5,211.95700001716614,28
20260922T084454.937266767Z-openclaw-sweatlasqa-pilot30-shuffle2-amem-repo-both-sglang,task-6905333b74f22949d97ba9d6,310.77300000190735,46
20260922T084454.937266767Z-openclaw-sweatlasqa-pilot30-shuffle2-amem-repo-both-sglang,task-6905333b74f22949d97ba9d7,445.41299986839294,77
20260922T084454.937266767Z-openclaw-sweatlasqa-pilot30-shuffle2-amem-repo-both-sglang,task-6905333b74f22949d97ba9d8,335.9249999523163,39
20260922T084454.937266767Z-openclaw-sweatlasqa-pilot30-shuffle2-amem-repo-both-sglang,task-6905333b74f22949d97ba9d9,220.20600008964539,30
20260922T084454.937266767Z-openclaw-sweatlasqa-pilot30-shuffle2-amem-repo-both-sglang,task-6905333b74f22949d97ba9db,323.95700001716614,42
20260922T084454.937266767Z-openclaw-sweatlasqa-pilot30-shuffle2-amem-repo-both-sglang,task-6905333b74f22949d97ba9dc,1406.5569999217987,121
20260922T084454.937266767Z-openclaw-sweatlasqa-pilot30-shuffle2-amem-repo-both-sglang,task-6905333b74f22949d97ba9dd,361.625,57
20260922T084454.937266767Z-openclaw-sweatlasqa-pilot30-shuffle2-amem-repo-both-sglang,task-6905333b74f22949d97ba9de,897.1870000362396,65
20260922T084454.937266767Z-openclaw-sweatlasqa-pilot30-shuffle2-amem-repo-both-sglang,task-6905333b74f22949d97ba9e0,448.1400001049042,47
20260922T084454.937266767Z-openclaw-sweatlasqa-pilot30-shuffle2-amem-repo-both-sglang,task-6905333b74f22949d97ba9e8,787.204999923706,88
20260922T084454.937266767Z-openclaw-sweatlasqa-pilot30-shuffle2-amem-repo-both-sglang,task-6905333b74f22949d97baa1d,373.5979998111725,50
20260906T141944.963675899Z-openclaw-sweatlasqa-pilot30-sglang,task-6905333b74f22949d97ba9a4,676.2109999656677,41
20260906T141944.963675899Z-openclaw-sweatlasqa-pilot30-sglang,task-6905333b74f22949d97ba9a5,754.045000076294,71
20260906T141944.963675899Z-openclaw-sweatlasqa-pilot30-sglang,task-6905333b74f22949d97ba9a6,837.7389998435974,49
20260906T141944.963675899Z-openclaw-sweatlasqa-pilot30-sglang,task-6905333b74f22949d97ba9a7,1084.6080000400543,85
20260906T141944.963675899Z-openclaw-sweatlasqa-pilot30-sglang,task-6905333b74f22949d97ba9a8,1388.24799990654,49
20260906T141944.963675899Z-openclaw-sweatlasqa-pilot30-sglang,task-6905333b74f22949d97ba9a9,2205.8550000190735,99
20260906T141944.963675899Z-openclaw-sweatlasqa-pilot30-sglang,task-6905333b74f22949d97ba9aa,986.4409999847412,44
20260906T141944.963675899Z-openclaw-sweatlasqa-pilot30-sglang,task-6905333b74f22949d97ba9ab,872.3029999732971,87
20260906T141944.963675899Z-openclaw-sweatlasqa-pilot30-sglang,task-6905333b74f22949d97ba9ac,616.1969997882843,65
20260906T141944.963675899Z-openclaw-sweatlasqa-pilot30-sglang,task-6905333b74f22949d97ba9ad,570.1679999828339,43
20260906T141944.963675899Z-openclaw-sweatlasqa-pilot30-sglang,task-6905333b74f22949d97ba9ae,970.8789999485016,83
20260906T141944.963675899Z-openclaw-sweatlasqa-pilot30-sglang,task-6905333b74f22949d97ba9af,1423.3900001049042,99
20260906T141944.963675899Z-openclaw-sweatlasqa-pilot30-sglang,task-6905333b74f22949d97ba9b2,1444.1189999580383,100
20260906T141944.963675899Z-openclaw-sweatlasqa-pilot30-sglang,task-6905333b74f22949d97ba9d0,1434.832999944687,105
20260906T141944.963675899Z-openclaw-sweatlasqa-pilot30-sglang,task-6905333b74f22949d97ba9d1,614.1440000534058,47
20260906T141944.963675899Z-openclaw-sweatlasqa-pilot30-sglang,task-6905333b74f22949d97ba9d2,572.585000038147,53
20260906T141944.963675899Z-openclaw-sweatlasqa-pilot30-sglang,task-6905333b74f22949d97ba9d3,910.7019999027252,74
20260906T141944.963675899Z-openclaw-sweatlasqa-pilot30-sglang,task-6905333b74f22949d97ba9d4,950.5439999103546,70
20260906T141944.963675899Z-openclaw-sweatlasqa-pilot30-sglang,task-6905333b74f22949d97ba9d5,425.13499999046326,47
20260906T141944.963675899Z-openclaw-sweatlasqa-pilot30-sglang,task-6905333b74f22949d97ba9d6,362.5590000152588,30
20260906T141944.963675899Z-openclaw-sweatlasqa-pilot30-sglang,task-6905333b74f22949d97ba9d7,252.37400007247925,29
20260906T141944.963675899Z-openclaw-sweatlasqa-pilot30-sglang,task-6905333b74f22949d97ba9d8,423.53600001335144,37
20260906T141944.963675899Z-openclaw-sweatlasqa-pilot30-sglang,task-6905333b74f22949d97ba9d9,507.5059998035431,54
20260906T141944.963675899Z-openclaw-sweatlasqa-pilot30-sglang,task-6905333b74f22949d97ba9db,212.80400013923645,29
20260906T141944.963675899Z-openclaw-sweatlasqa-pilot30-sglang,task-6905333b74f22949d97ba9dc,351.50600004196167,25
20260906T141944.963675899Z-openclaw-sweatlasqa-pilot30-sglang,task-6905333b74f22949d97ba9dd,572.2910001277924,46
20260906T141944.963675899Z-openclaw-sweatlasqa-pilot30-sglang,task-6905333b74f22949d97ba9de,516.0239999294281,40
20260906T141944.963675899Z-openclaw-sweatlasqa-pilot30-sglang,task-6905333b74f22949d97ba9e0,663.4049999713898,62
20260906T141944.963675899Z-openclaw-sweatlasqa-pilot30-sglang,task-6905333b74f22949d97ba9e8,2150.4130001068115,121
20260906T141944.963675899Z-openclaw-sweatlasqa-pilot30-sglang,task-6905333b74f22949d97baa1d,593.5989999771118,33
20260907T013422.077077636Z-openclaw-sweatlasqa-pilot30-shuffle1-sglang,task-6905333b74f22949d97ba9a4,468.19799995422363,35
20260907T013422.077077636Z-openclaw-sweatlasqa-pilot30-shuffle1-sglang,task-6905333b74f22949d97ba9a5,826.9199998378754,55
20260907T013422.077077636Z-openclaw-sweatlasqa-pilot30-shuffle1-sglang,task-6905333b74f22949d97ba9a6,3730.6370000839233,140
20260907T013422.077077636Z-openclaw-sweatlasqa-pilot30-shuffle1-sglang,task-6905333b74f22949d97ba9a7,1067.4660000801086,84
20260907T013422.077077636Z-openclaw-sweatlasqa-pilot30-shuffle1-sglang,task-6905333b74f22949d97ba9a8,450.1010000705719,29
20260907T013422.077077636Z-openclaw-sweatlasqa-pilot30-shuffle1-sglang,task-6905333b74f22949d97ba9a9,741.7170000076294,60
20260907T013422.077077636Z-openclaw-sweatlasqa-pilot30-shuffle1-sglang,task-6905333b74f22949d97ba9aa,933.3819999694824,55
20260907T013422.077077636Z-openclaw-sweatlasqa-pilot30-shuffle1-sglang,task-6905333b74f22949d97ba9ab,720.2650001049042,73
20260907T013422.077077636Z-openclaw-sweatlasqa-pilot30-shuffle1-sglang,task-6905333b74f22949d97ba9ac,929.173999786377,69
20260907T013422.077077636Z-openclaw-sweatlasqa-pilot30-shuffle1-sglang,task-6905333b74f22949d97ba9ad,1014.4649999141693,48
20260907T013422.077077636Z-openclaw-sweatlasqa-pilot30-shuffle1-sglang,task-6905333b74f22949d97ba9ae,650.7869999408722,44
20260907T013422.077077636Z-openclaw-sweatlasqa-pilot30-shuffle1-sglang,task-6905333b74f22949d97ba9af,1960.7030000686646,135
20260907T013422.077077636Z-openclaw-sweatlasqa-pilot30-shuffle1-sglang,task-6905333b74f22949d97ba9b2,904.6790001392365,69
20260907T013422.077077636Z-openclaw-sweatlasqa-pilot30-shuffle1-sglang,task-6905333b74f22949d97ba9d0,714.9619998931885,55
20260907T013422.077077636Z-openclaw-sweatlasqa-pilot30-shuffle1-sglang,task-6905333b74f22949d97ba9d1,736.3769998550415,62
20260907T013422.077077636Z-openclaw-sweatlasqa-pilot30-shuffle1-sglang,task-6905333b74f22949d97ba9d2,655.1230001449585,58
20260907T013422.077077636Z-openclaw-sweatlasqa-pilot30-shuffle1-sglang,task-6905333b74f22949d97ba9d3,675.7669999599457,35
20260907T013422.077077636Z-openclaw-sweatlasqa-pilot30-shuffle1-sglang,task-6905333b74f22949d97ba9d4,1096.12299990654,75
20260907T013422.077077636Z-openclaw-sweatlasqa-pilot30-shuffle1-sglang,task-6905333b74f22949d97ba9d5,618.5440001487732,26
20260907T013422.077077636Z-openclaw-sweatlasqa-pilot30-shuffle1-sglang,task-6905333b74f22949d97ba9d6,324.4869999885559,27
20260907T013422.077077636Z-openclaw-sweatlasqa-pilot30-shuffle1-sglang,task-6905333b74f22949d97ba9d7,449.61899995803833,48
20260907T013422.077077636Z-openclaw-sweatlasqa-pilot30-shuffle1-sglang,task-6905333b74f22949d97ba9d8,547.3550000190735,41
20260907T013422.077077636Z-openclaw-sweatlasqa-pilot30-shuffle1-sglang,task-6905333b74f22949d97ba9d9,1275.1829998493195,70
20260907T013422.077077636Z-openclaw-sweatlasqa-pilot30-shuffle1-sglang,task-6905333b74f22949d97ba9db,752.3690001964569,49
20260907T013422.077077636Z-openclaw-sweatlasqa-pilot30-shuffle1-sglang,task-6905333b74f22949d97ba9dc,1038.9329998493195,85
20260907T013422.077077636Z-openclaw-sweatlasqa-pilot30-shuffle1-sglang,task-6905333b74f22949d97ba9dd,537.2560000419617,51
20260907T013422.077077636Z-openclaw-sweatlasqa-pilot30-shuffle1-sglang,task-6905333b74f22949d97ba9de,507.38899993896484,41
20260907T013422.077077636Z-openclaw-sweatlasqa-pilot30-shuffle1-sglang,task-6905333b74f22949d97ba9e0,592.8289999961853,41
20260907T013422.077077636Z-openclaw-sweatlasqa-pilot30-shuffle1-sglang,task-6905333b74f22949d97ba9e8,992.2799999713898,72
20260907T013422.077077636Z-openclaw-sweatlasqa-pilot30-shuffle1-sglang,task-6905333b74f22949d97baa1d,496.33899998664856,34
20260907T111756.126844838Z-openclaw-sweatlasqa-pilot30-shuffle2-sglang,task-6905333b74f22949d97ba9a4,840.4739999771118,71
20260907T111756.126844838Z-openclaw-sweatlasqa-pilot30-shuffle2-sglang,task-6905333b74f22949d97ba9a5,641.4869999885559,62
20260907T111756.126844838Z-openclaw-sweatlasqa-pilot30-shuffle2-sglang,task-6905333b74f22949d97ba9a6,1886.0599999427795,87
20260907T111756.126844838Z-openclaw-sweatlasqa-pilot30-shuffle2-sglang,task-6905333b74f22949d97ba9a7,1266.0929999351501,70
20260907T111756.126844838Z-openclaw-sweatlasqa-pilot30-shuffle2-sglang,task-6905333b74f22949d97ba9a8,342.56500005722046,42
20260907T111756.126844838Z-openclaw-sweatlasqa-pilot30-shuffle2-sglang,task-6905333b74f22949d97ba9a9,1912.1779999732971,85
20260907T111756.126844838Z-openclaw-sweatlasqa-pilot30-shuffle2-sglang,task-6905333b74f22949d97ba9aa,476.12599992752075,45
20260907T111756.126844838Z-openclaw-sweatlasqa-pilot30-shuffle2-sglang,task-6905333b74f22949d97ba9ab,5394.888000011444,232
20260907T111756.126844838Z-openclaw-sweatlasqa-pilot30-shuffle2-sglang,task-6905333b74f22949d97ba9ac,1577.539999961853,70
20260907T111756.126844838Z-openclaw-sweatlasqa-pilot30-shuffle2-sglang,task-6905333b74f22949d97ba9ad,1066.1090002059937,87
20260907T111756.126844838Z-openclaw-sweatlasqa-pilot30-shuffle2-sglang,task-6905333b74f22949d97ba9ae,815.7979998588562,57
20260907T111756.126844838Z-openclaw-sweatlasqa-pilot30-shuffle2-sglang,task-6905333b74f22949d97ba9af,1814.8289999961853,114
20260907T111756.126844838Z-openclaw-sweatlasqa-pilot30-shuffle2-sglang,task-6905333b74f22949d97ba9b2,385.25800013542175,50
20260907T111756.126844838Z-openclaw-sweatlasqa-pilot30-shuffle2-sglang,task-6905333b74f22949d97ba9d0,778.3209998607635,73
20260907T111756.126844838Z-openclaw-sweatlasqa-pilot30-shuffle2-sglang,task-6905333b74f22949d97ba9d1,530.9560000896454,54
20260907T111756.126844838Z-openclaw-sweatlasqa-pilot30-shuffle2-sglang,task-6905333b74f22949d97ba9d2,551.9609999656677,42
20260907T111756.126844838Z-openclaw-sweatlasqa-pilot30-shuffle2-sglang,task-6905333b74f22949d97ba9d3,464.30799984931946,32
20260907T111756.126844838Z-openclaw-sweatlasqa-pilot30-shuffle2-sglang,task-6905333b74f22949d97ba9d4,514.9350001811981,78
20260907T111756.126844838Z-openclaw-sweatlasqa-pilot30-shuffle2-sglang,task-6905333b74f22949d97ba9d5,641.2070000171661,65
20260907T111756.126844838Z-openclaw-sweatlasqa-pilot30-shuffle2-sglang,task-6905333b74f22949d97ba9d6,630.2720000743866,36
20260907T111756.126844838Z-openclaw-sweatlasqa-pilot30-shuffle2-sglang,task-6905333b74f22949d97ba9d7,342.10400009155273,50
20260907T111756.126844838Z-openclaw-sweatlasqa-pilot30-shuffle2-sglang,task-6905333b74f22949d97ba9d8,479.46299982070923,39
20260907T111756.126844838Z-openclaw-sweatlasqa-pilot30-shuffle2-sglang,task-6905333b74f22949d97ba9d9,502.4029998779297,59
20260907T111756.126844838Z-openclaw-sweatlasqa-pilot30-shuffle2-sglang,task-6905333b74f22949d97ba9db,278.54500007629395,23
20260907T111756.126844838Z-openclaw-sweatlasqa-pilot30-shuffle2-sglang,task-6905333b74f22949d97ba9dc,390.1419999599457,30
20260907T111756.126844838Z-openclaw-sweatlasqa-pilot30-shuffle2-sglang,task-6905333b74f22949d97ba9dd,939.829999923706,39
20260907T111756.126844838Z-openclaw-sweatlasqa-pilot30-shuffle2-sglang,task-6905333b74f22949d97ba9de,856.3880000114441,54
20260907T111756.126844838Z-openclaw-sweatlasqa-pilot30-shuffle2-sglang,task-6905333b74f22949d97ba9e0,792.5759999752045,70
20260907T111756.126844838Z-openclaw-sweatlasqa-pilot30-shuffle2-sglang,task-6905333b74f22949d97ba9e8,705.6310000419617,61
20260907T111756.126844838Z-openclaw-sweatlasqa-pilot30-shuffle2-sglang,task-6905333b74f22949d97baa1d,727.3320000171661,45
20260906T141944.964671697Z-openclaw-sweatlasqa-pilot30-amem-repo-sglang,task-6905333b74f22949d97ba9a4,1014.5920000076294,39
20260906T141944.964671697Z-openclaw-sweatlasqa-pilot30-amem-repo-sglang,task-6905333b74f22949d97ba9a5,1207.7460000514984,59
20260906T141944.964671697Z-openclaw-sweatlasqa-pilot30-amem-repo-sglang,task-6905333b74f22949d97ba9a6,5916.4980001449585,191
20260906T141944.964671697Z-openclaw-sweatlasqa-pilot30-amem-repo-sglang,task-6905333b74f22949d97ba9a7,1413.8420000076294,60
20260906T141944.964671697Z-openclaw-sweatlasqa-pilot30-amem-repo-sglang,task-6905333b74f22949d97ba9a8,1278.1059999465942,55
20260906T141944.964671697Z-openclaw-sweatlasqa-pilot30-amem-repo-sglang,task-6905333b74f22949d97ba9a9,2064.473999977112,117
20260906T141944.964671697Z-openclaw-sweatlasqa-pilot30-amem-repo-sglang,task-6905333b74f22949d97ba9aa,1791.1770000457764,53
20260906T141944.964671697Z-openclaw-sweatlasqa-pilot30-amem-repo-sglang,task-6905333b74f22949d97ba9ab,1225.191999912262,59
20260906T141944.964671697Z-openclaw-sweatlasqa-pilot30-amem-repo-sglang,task-6905333b74f22949d97ba9ac,1527.914999961853,95
20260906T141944.964671697Z-openclaw-sweatlasqa-pilot30-amem-repo-sglang,task-6905333b74f22949d97ba9ad,1568.4260001182556,81
20260906T141944.964671697Z-openclaw-sweatlasqa-pilot30-amem-repo-sglang,task-6905333b74f22949d97ba9ae,1213.4570000171661,84
20260906T141944.964671697Z-openclaw-sweatlasqa-pilot30-amem-repo-sglang,task-6905333b74f22949d97ba9af,1348.5820000171661,65
20260906T141944.964671697Z-openclaw-sweatlasqa-pilot30-amem-repo-sglang,task-6905333b74f22949d97ba9b2,583.6519999504089,51
20260906T141944.964671697Z-openclaw-sweatlasqa-pilot30-amem-repo-sglang,task-6905333b74f22949d97ba9d0,753.4400000572205,67
20260906T141944.964671697Z-openclaw-sweatlasqa-pilot30-amem-repo-sglang,task-6905333b74f22949d97ba9d1,856.8589999675751,66
20260906T141944.964671697Z-openclaw-sweatlasqa-pilot30-amem-repo-sglang,task-6905333b74f22949d97ba9d2,517.9400000572205,53
20260906T141944.964671697Z-openclaw-sweatlasqa-pilot30-amem-repo-sglang,task-6905333b74f22949d97ba9d3,507.93099999427795,53
20260906T141944.964671697Z-openclaw-sweatlasqa-pilot30-amem-repo-sglang,task-6905333b74f22949d97ba9d4,597.0139999389648,72
20260906T141944.964671697Z-openclaw-sweatlasqa-pilot30-amem-repo-sglang,task-6905333b74f22949d97ba9d5,320.98299980163574,39
20260906T141944.964671697Z-openclaw-sweatlasqa-pilot30-amem-repo-sglang,task-6905333b74f22949d97ba9d6,365.7909998893738,40
20260906T141944.964671697Z-openclaw-sweatlasqa-pilot30-amem-repo-sglang,task-6905333b74f22949d97ba9d7,642.0390000343323,86
20260906T141944.964671697Z-openclaw-sweatlasqa-pilot30-amem-repo-sglang,task-6905333b74f22949d97ba9d8,510.11500000953674,46
20260906T141944.964671697Z-openclaw-sweatlasqa-pilot30-amem-repo-sglang,task-6905333b74f22949d97ba9d9,327.2760000228882,32
20260906T141944.964671697Z-openclaw-sweatlasqa-pilot30-amem-repo-sglang,task-6905333b74f22949d97ba9db,445.3329999446869,34
20260906T141944.964671697Z-openclaw-sweatlasqa-pilot30-amem-repo-sglang,task-6905333b74f22949d97ba9dc,905.3229999542236,77
20260906T141944.964671697Z-openclaw-sweatlasqa-pilot30-amem-repo-sglang,task-6905333b74f22949d97ba9dd,790.5620000362396,65
20260906T141944.964671697Z-openclaw-sweatlasqa-pilot30-amem-repo-sglang,task-6905333b74f22949d97ba9de,1401.2160000801086,76
20260906T141944.964671697Z-openclaw-sweatlasqa-pilot30-amem-repo-sglang,task-6905333b74f22949d97ba9e0,614.8250000476837,76
20260906T141944.964671697Z-openclaw-sweatlasqa-pilot30-amem-repo-sglang,task-6905333b74f22949d97ba9e8,1041.0019998550415,78
20260906T141944.964671697Z-openclaw-sweatlasqa-pilot30-amem-repo-sglang,task-6905333b74f22949d97baa1d,857.6779999732971,75
20260907T013422.077067776Z-openclaw-sweatlasqa-pilot30-shuffle1-amem-repo-sglang,task-6905333b74f22949d97ba9a4,615.6989998817444,37
20260907T013422.077067776Z-openclaw-sweatlasqa-pilot30-shuffle1-amem-repo-sglang,task-6905333b74f22949d97ba9a5,1082.119999885559,54
20260907T013422.077067776Z-openclaw-sweatlasqa-pilot30-shuffle1-amem-repo-sglang,task-6905333b74f22949d97ba9a6,4729.473999977112,188
20260907T013422.077067776Z-openclaw-sweatlasqa-pilot30-shuffle1-amem-repo-sglang,task-6905333b74f22949d97ba9a7,929.8650000095367,94
20260907T013422.077067776Z-openclaw-sweatlasqa-pilot30-shuffle1-amem-repo-sglang,task-6905333b74f22949d97ba9a8,4353.121000051498,190
20260907T013422.077067776Z-openclaw-sweatlasqa-pilot30-shuffle1-amem-repo-sglang,task-6905333b74f22949d97ba9a9,545.4869999885559,37
20260907T013422.077067776Z-openclaw-sweatlasqa-pilot30-shuffle1-amem-repo-sglang,task-6905333b74f22949d97ba9aa,1437.941999912262,71
20260907T013422.077067776Z-openclaw-sweatlasqa-pilot30-shuffle1-amem-repo-sglang,task-6905333b74f22949d97ba9ab,4135.998999834061,176
20260907T013422.077067776Z-openclaw-sweatlasqa-pilot30-shuffle1-amem-repo-sglang,task-6905333b74f22949d97ba9ac,3020.4240000247955,142
20260907T013422.077067776Z-openclaw-sweatlasqa-pilot30-shuffle1-amem-repo-sglang,task-6905333b74f22949d97ba9ad,1382.0030000209808,61
20260907T013422.077067776Z-openclaw-sweatlasqa-pilot30-shuffle1-amem-repo-sglang,task-6905333b74f22949d97ba9ae,1584.335000038147,82
20260907T013422.077067776Z-openclaw-sweatlasqa-pilot30-shuffle1-amem-repo-sglang,task-6905333b74f22949d97ba9af,2579.9320001602173,143
20260907T013422.077067776Z-openclaw-sweatlasqa-pilot30-shuffle1-amem-repo-sglang,task-6905333b74f22949d97ba9b2,850.1010000705719,71
20260907T013422.077067776Z-openclaw-sweatlasqa-pilot30-shuffle1-amem-repo-sglang,task-6905333b74f22949d97ba9d0,1573.2999999523163,45
20260907T013422.077067776Z-openclaw-sweatlasqa-pilot30-shuffle1-amem-repo-sglang,task-6905333b74f22949d97ba9d1,1231.3700001239777,59
20260907T013422.077067776Z-openclaw-sweatlasqa-pilot30-shuffle1-amem-repo-sglang,task-6905333b74f22949d97ba9d2,417.1930000782013,30
20260907T013422.077067776Z-openclaw-sweatlasqa-pilot30-shuffle1-amem-repo-sglang,task-6905333b74f22949d97ba9d3,592.1059999465942,61
20260907T013422.077067776Z-openclaw-sweatlasqa-pilot30-shuffle1-amem-repo-sglang,task-6905333b74f22949d97ba9d4,995.3540000915527,42
20260907T013422.077067776Z-openclaw-sweatlasqa-pilot30-shuffle1-amem-repo-sglang,task-6905333b74f22949d97ba9d5,464.7649998664856,28
20260907T013422.077067776Z-openclaw-sweatlasqa-pilot30-shuffle1-amem-repo-sglang,task-6905333b74f22949d97ba9d6,536.1159999370575,40
20260907T013422.077067776Z-openclaw-sweatlasqa-pilot30-shuffle1-amem-repo-sglang,task-6905333b74f22949d97ba9d7,339.4610002040863,44
20260907T013422.077067776Z-openclaw-sweatlasqa-pilot30-shuffle1-amem-repo-sglang,task-6905333b74f22949d97ba9d8,482.1859998703003,36
20260907T013422.077067776Z-openclaw-sweatlasqa-pilot30-shuffle1-amem-repo-sglang,task-6905333b74f22949d97ba9d9,329.23800015449524,30
20260907T013422.077067776Z-openclaw-sweatlasqa-pilot30-shuffle1-amem-repo-sglang,task-6905333b74f22949d97ba9db,291.65000009536743,23
20260907T013422.077067776Z-openclaw-sweatlasqa-pilot30-shuffle1-amem-repo-sglang,task-6905333b74f22949d97ba9dc,3044.460000038147,113
20260907T013422.077067776Z-openclaw-sweatlasqa-pilot30-shuffle1-amem-repo-sglang,task-6905333b74f22949d97ba9dd,309.28799986839294,28
20260907T013422.077067776Z-openclaw-sweatlasqa-pilot30-shuffle1-amem-repo-sglang,task-6905333b74f22949d97ba9de,2814.2219998836517,69
20260907T013422.077067776Z-openclaw-sweatlasqa-pilot30-shuffle1-amem-repo-sglang,task-6905333b74f22949d97ba9e0,938.8970000743866,78
20260907T013422.077067776Z-openclaw-sweatlasqa-pilot30-shuffle1-amem-repo-sglang,task-6905333b74f22949d97ba9e8,829.6319999694824,53
20260907T013422.077067776Z-openclaw-sweatlasqa-pilot30-shuffle1-amem-repo-sglang,task-6905333b74f22949d97baa1d,1032.3340001106262,65
20260907T111756.126379309Z-openclaw-sweatlasqa-pilot30-shuffle2-amem-repo-sglang,task-6905333b74f22949d97ba9a4,554.5540001392365,32
20260907T111756.126379309Z-openclaw-sweatlasqa-pilot30-shuffle2-amem-repo-sglang,task-6905333b74f22949d97ba9a5,1648.8550000190735,54
20260907T111756.126379309Z-openclaw-sweatlasqa-pilot30-shuffle2-amem-repo-sglang,task-6905333b74f22949d97ba9a6,3121.0650000572205,124
20260907T111756.126379309Z-openclaw-sweatlasqa-pilot30-shuffle2-amem-repo-sglang,task-6905333b74f22949d97ba9a7,1497.9749999046326,50
20260907T111756.126379309Z-openclaw-sweatlasqa-pilot30-shuffle2-amem-repo-sglang,task-6905333b74f22949d97ba9a8,806.6590001583099,68
20260907T111756.126379309Z-openclaw-sweatlasqa-pilot30-shuffle2-amem-repo-sglang,task-6905333b74f22949d97ba9a9,3522.7960000038147,115
20260907T111756.126379309Z-openclaw-sweatlasqa-pilot30-shuffle2-amem-repo-sglang,task-6905333b74f22949d97ba9aa,876.3680000305176,36
20260907T111756.126379309Z-openclaw-sweatlasqa-pilot30-shuffle2-amem-repo-sglang,task-6905333b74f22949d97ba9ab,1902.7969999313354,90
20260907T111756.126379309Z-openclaw-sweatlasqa-pilot30-shuffle2-amem-repo-sglang,task-6905333b74f22949d97ba9ac,1619.3410000801086,61
20260907T111756.126379309Z-openclaw-sweatlasqa-pilot30-shuffle2-amem-repo-sglang,task-6905333b74f22949d97ba9ad,865.1289999485016,58
20260907T111756.126379309Z-openclaw-sweatlasqa-pilot30-shuffle2-amem-repo-sglang,task-6905333b74f22949d97ba9ae,974.9400000572205,69
20260907T111756.126379309Z-openclaw-sweatlasqa-pilot30-shuffle2-amem-repo-sglang,task-6905333b74f22949d97ba9af,1413.478000164032,74
20260907T111756.126379309Z-openclaw-sweatlasqa-pilot30-shuffle2-amem-repo-sglang,task-6905333b74f22949d97ba9b2,1401.1480000019073,82
20260907T111756.126379309Z-openclaw-sweatlasqa-pilot30-shuffle2-amem-repo-sglang,task-6905333b74f22949d97ba9d0,557.664999961853,59
20260907T111756.126379309Z-openclaw-sweatlasqa-pilot30-shuffle2-amem-repo-sglang,task-6905333b74f22949d97ba9d1,797.2360000610352,59
20260907T111756.126379309Z-openclaw-sweatlasqa-pilot30-shuffle2-amem-repo-sglang,task-6905333b74f22949d97ba9d2,494.7569999694824,28
20260907T111756.126379309Z-openclaw-sweatlasqa-pilot30-shuffle2-amem-repo-sglang,task-6905333b74f22949d97ba9d3,570.8359999656677,42
20260907T111756.126379309Z-openclaw-sweatlasqa-pilot30-shuffle2-amem-repo-sglang,task-6905333b74f22949d97ba9d4,659.7340002059937,53
20260907T111756.126379309Z-openclaw-sweatlasqa-pilot30-shuffle2-amem-repo-sglang,task-6905333b74f22949d97ba9d5,510.13499999046326,27
20260907T111756.126379309Z-openclaw-sweatlasqa-pilot30-shuffle2-amem-repo-sglang,task-6905333b74f22949d97ba9d6,430.3550000190735,34
20260907T111756.126379309Z-openclaw-sweatlasqa-pilot30-shuffle2-amem-repo-sglang,task-6905333b74f22949d97ba9d7,848.9679999351501,55
20260907T111756.126379309Z-openclaw-sweatlasqa-pilot30-shuffle2-amem-repo-sglang,task-6905333b74f22949d97ba9d8,619.1729998588562,56
20260907T111756.126379309Z-openclaw-sweatlasqa-pilot30-shuffle2-amem-repo-sglang,task-6905333b74f22949d97ba9d9,698.4689998626709,52
20260907T111756.126379309Z-openclaw-sweatlasqa-pilot30-shuffle2-amem-repo-sglang,task-6905333b74f22949d97ba9db,1011.3699998855591,62
20260907T111756.126379309Z-openclaw-sweatlasqa-pilot30-shuffle2-amem-repo-sglang,task-6905333b74f22949d97ba9dc,2281.233999967575,184
20260907T111756.126379309Z-openclaw-sweatlasqa-pilot30-shuffle2-amem-repo-sglang,task-6905333b74f22949d97ba9dd,419.4249999523163,22
20260907T111756.126379309Z-openclaw-sweatlasqa-pilot30-shuffle2-amem-repo-sglang,task-6905333b74f22949d97ba9de,1345.9570000171661,75
20260907T111756.126379309Z-openclaw-sweatlasqa-pilot30-shuffle2-amem-repo-sglang,task-6905333b74f22949d97ba9e0,743.356999874115,50
20260907T111756.126379309Z-openclaw-sweatlasqa-pilot30-shuffle2-amem-repo-sglang,task-6905333b74f22949d97ba9e8,1305.579999923706,96
20260907T111756.126379309Z-openclaw-sweatlasqa-pilot30-shuffle2-amem-repo-sglang,task-6905333b74f22949d97baa1d,1495.5869998931885,52
20260906T141944.965072498Z-openclaw-sweatlasqa-pilot30-amem-task-sglang,task-6905333b74f22949d97ba9a4,955.8489999771118,55
20260906T141944.965072498Z-openclaw-sweatlasqa-pilot30-amem-task-sglang,task-6905333b74f22949d97ba9a5,1131.835000038147,67
20260906T141944.965072498Z-openclaw-sweatlasqa-pilot30-amem-task-sglang,task-6905333b74f22949d97ba9a6,2521.0629999637604,128
20260906T141944.965072498Z-openclaw-sweatlasqa-pilot30-amem-task-sglang,task-6905333b74f22949d97ba9a7,2286.257999897003,105
20260906T141944.965072498Z-openclaw-sweatlasqa-pilot30-amem-task-sglang,task-6905333b74f22949d97ba9a8,1824.4329998493195,66
20260906T141944.965072498Z-openclaw-sweatlasqa-pilot30-amem-task-sglang,task-6905333b74f22949d97ba9a9,1435.7980000972748,93
20260906T141944.965072498Z-openclaw-sweatlasqa-pilot30-amem-task-sglang,task-6905333b74f22949d97ba9aa,1216.598000049591,89
20260906T141944.965072498Z-openclaw-sweatlasqa-pilot30-amem-task-sglang,task-6905333b74f22949d97ba9ab,1310.9189999103546,58
20260906T141944.965072498Z-openclaw-sweatlasqa-pilot30-amem-task-sglang,task-6905333b74f22949d97ba9ac,1796.991000175476,110
20260906T141944.965072498Z-openclaw-sweatlasqa-pilot30-amem-task-sglang,task-6905333b74f22949d97ba9ad,893.5709998607635,38
20260906T141944.965072498Z-openclaw-sweatlasqa-pilot30-amem-task-sglang,task-6905333b74f22949d97ba9ae,982.0260000228882,70
20260906T141944.965072498Z-openclaw-sweatlasqa-pilot30-amem-task-sglang,task-6905333b74f22949d97ba9af,2467.2730000019073,111
20260906T141944.965072498Z-openclaw-sweatlasqa-pilot30-amem-task-sglang,task-6905333b74f22949d97ba9b2,1409.4779999256134,84
20260906T141944.965072498Z-openclaw-sweatlasqa-pilot30-amem-task-sglang,task-6905333b74f22949d97ba9d0,1190.574000120163,90
20260906T141944.965072498Z-openclaw-sweatlasqa-pilot30-amem-task-sglang,task-6905333b74f22949d97ba9d1,486.76900005340576,43
20260906T141944.965072498Z-openclaw-sweatlasqa-pilot30-amem-task-sglang,task-6905333b74f22949d97ba9d2,1077.6060001850128,66
20260906T141944.965072498Z-openclaw-sweatlasqa-pilot30-amem-task-sglang,task-6905333b74f22949d97ba9d3,693.0260000228882,51
20260906T141944.965072498Z-openclaw-sweatlasqa-pilot30-amem-task-sglang,task-6905333b74f22949d97ba9d4,506.00600004196167,41
20260906T141944.965072498Z-openclaw-sweatlasqa-pilot30-amem-task-sglang,task-6905333b74f22949d97ba9d5,456.5140001773834,39
20260906T141944.965072498Z-openclaw-sweatlasqa-pilot30-amem-task-sglang,task-6905333b74f22949d97ba9d6,345.84500002861023,38
20260906T141944.965072498Z-openclaw-sweatlasqa-pilot30-amem-task-sglang,task-6905333b74f22949d97ba9d7,416.37599992752075,55
20260906T141944.965072498Z-openclaw-sweatlasqa-pilot30-amem-task-sglang,task-6905333b74f22949d97ba9d8,334.904000043869,34
20260906T141944.965072498Z-openclaw-sweatlasqa-pilot30-amem-task-sglang,task-6905333b74f22949d97ba9d9,685.404000043869,83
20260906T141944.965072498Z-openclaw-sweatlasqa-pilot30-amem-task-sglang,task-6905333b74f22949d97ba9db,385.79699993133545,33
20260906T141944.965072498Z-openclaw-sweatlasqa-pilot30-amem-task-sglang,task-6905333b74f22949d97ba9dc,1122.8830001354218,103
20260906T141944.965072498Z-openclaw-sweatlasqa-pilot30-amem-task-sglang,task-6905333b74f22949d97ba9dd,567.9319999217987,54
20260906T141944.965072498Z-openclaw-sweatlasqa-pilot30-amem-task-sglang,task-6905333b74f22949d97ba9de,839.6699998378754,71
20260906T141944.965072498Z-openclaw-sweatlasqa-pilot30-amem-task-sglang,task-6905333b74f22949d97ba9e0,1647.7560000419617,122
20260906T141944.965072498Z-openclaw-sweatlasqa-pilot30-amem-task-sglang,task-6905333b74f22949d97ba9e8,1280.4400000572205,69
20260906T141944.965072498Z-openclaw-sweatlasqa-pilot30-amem-task-sglang,task-6905333b74f22949d97baa1d,692.9179999828339,72
20260907T013422.077076453Z-openclaw-sweatlasqa-pilot30-shuffle1-amem-task-sglang,task-6905333b74f22949d97ba9a4,1027.9900000095367,41
20260907T013422.077076453Z-openclaw-sweatlasqa-pilot30-shuffle1-amem-task-sglang,task-6905333b74f22949d97ba9a5,1007.989000082016,46
20260907T013422.077076453Z-openclaw-sweatlasqa-pilot30-shuffle1-amem-task-sglang,task-6905333b74f22949d97ba9a6,3405.957000017166,139
20260907T013422.077076453Z-openclaw-sweatlasqa-pilot30-shuffle1-amem-task-sglang,task-6905333b74f22949d97ba9a7,1017.8180000782013,81
20260907T013422.077076453Z-openclaw-sweatlasqa-pilot30-shuffle1-amem-task-sglang,task-6905333b74f22949d97ba9a8,805.6500000953674,27
20260907T013422.077076453Z-openclaw-sweatlasqa-pilot30-shuffle1-amem-task-sglang,task-6905333b74f22949d97ba9a9,1921.7820000648499,106
20260907T013422.077076453Z-openclaw-sweatlasqa-pilot30-shuffle1-amem-task-sglang,task-6905333b74f22949d97ba9aa,833.9389998912811,36
20260907T013422.077076453Z-openclaw-sweatlasqa-pilot30-shuffle1-amem-task-sglang,task-6905333b74f22949d97ba9ab,870.8320000171661,46
20260907T013422.077076453Z-openclaw-sweatlasqa-pilot30-shuffle1-amem-task-sglang,task-6905333b74f22949d97ba9ac,1766.2969999313354,122
20260907T013422.077076453Z-openclaw-sweatlasqa-pilot30-shuffle1-amem-task-sglang,task-6905333b74f22949d97ba9ad,1808.3870000839233,93
20260907T013422.077076453Z-openclaw-sweatlasqa-pilot30-shuffle1-amem-task-sglang,task-6905333b74f22949d97ba9ae,1133.875,75
20260907T013422.077076453Z-openclaw-sweatlasqa-pilot30-shuffle1-amem-task-sglang,task-6905333b74f22949d97ba9af,1629.5899999141693,82
20260907T013422.077076453Z-openclaw-sweatlasqa-pilot30-shuffle1-amem-task-sglang,task-6905333b74f22949d97ba9b2,2888.9120001792908,117
20260907T013422.077076453Z-openclaw-sweatlasqa-pilot30-shuffle1-amem-task-sglang,task-6905333b74f22949d97ba9d0,2837.460000038147,1
20260907T013422.077076453Z-openclaw-sweatlasqa-pilot30-shuffle1-amem-task-sglang,task-6905333b74f22949d97ba9d1,891.8289999961853,36
20260907T013422.077076453Z-openclaw-sweatlasqa-pilot30-shuffle1-amem-task-sglang,task-6905333b74f22949d97ba9d2,409.70499992370605,38
20260907T013422.077076453Z-openclaw-sweatlasqa-pilot30-shuffle1-amem-task-sglang,task-6905333b74f22949d97ba9d3,637.6819999217987,41
20260907T013422.077076453Z-openclaw-sweatlasqa-pilot30-shuffle1-amem-task-sglang,task-6905333b74f22949d97ba9d4,1404.361999988556,59
20260907T013422.077076453Z-openclaw-sweatlasqa-pilot30-shuffle1-amem-task-sglang,task-6905333b74f22949d97ba9d5,1913.1329998970032,93
20260907T013422.077076453Z-openclaw-sweatlasqa-pilot30-shuffle1-amem-task-sglang,task-6905333b74f22949d97ba9d6,439.3310000896454,43
20260907T013422.077076453Z-openclaw-sweatlasqa-pilot30-shuffle1-amem-task-sglang,task-6905333b74f22949d97ba9d7,769.787999868393,93
20260907T013422.077076453Z-openclaw-sweatlasqa-pilot30-shuffle1-amem-task-sglang,task-6905333b74f22949d97ba9d8,448.6559998989105,42
20260907T013422.077076453Z-openclaw-sweatlasqa-pilot30-shuffle1-amem-task-sglang,task-6905333b74f22949d97ba9d9,430.57299995422363,44
20260907T013422.077076453Z-openclaw-sweatlasqa-pilot30-shuffle1-amem-task-sglang,task-6905333b74f22949d97ba9db,415.3070001602173,24
20260907T013422.077076453Z-openclaw-sweatlasqa-pilot30-shuffle1-amem-task-sglang,task-6905333b74f22949d97ba9dc,361.2479999065399,48
20260907T013422.077076453Z-openclaw-sweatlasqa-pilot30-shuffle1-amem-task-sglang,task-6905333b74f22949d97ba9dd,306.1080000400543,26
20260907T013422.077076453Z-openclaw-sweatlasqa-pilot30-shuffle1-amem-task-sglang,task-6905333b74f22949d97ba9de,1244.2699999809265,70
20260907T013422.077076453Z-openclaw-sweatlasqa-pilot30-shuffle1-amem-task-sglang,task-6905333b74f22949d97ba9e0,4714.02999997139,149
20260907T013422.077076453Z-openclaw-sweatlasqa-pilot30-shuffle1-amem-task-sglang,task-6905333b74f22949d97ba9e8,1450.7289998531342,87
20260907T013422.077076453Z-openclaw-sweatlasqa-pilot30-shuffle1-amem-task-sglang,task-6905333b74f22949d97baa1d,878.3469998836517,35
20260907T111756.126345861Z-openclaw-sweatlasqa-pilot30-shuffle2-amem-task-sglang,task-6905333b74f22949d97ba9a4,774.2000000476837,25
20260907T111756.126345861Z-openclaw-sweatlasqa-pilot30-shuffle2-amem-task-sglang,task-6905333b74f22949d97ba9a5,1059.6579999923706,76
20260907T111756.126345861Z-openclaw-sweatlasqa-pilot30-shuffle2-amem-task-sglang,task-6905333b74f22949d97ba9a6,2702.510999917984,100
20260907T111756.126345861Z-openclaw-sweatlasqa-pilot30-shuffle2-amem-task-sglang,task-6905333b74f22949d97ba9a7,1689.3789999485016,72
20260907T111756.126345861Z-openclaw-sweatlasqa-pilot30-shuffle2-amem-task-sglang,task-6905333b74f22949d97ba9a8,500.9130001068115,31
20260907T111756.126345861Z-openclaw-sweatlasqa-pilot30-shuffle2-amem-task-sglang,task-6905333b74f22949d97ba9a9,3589.4639999866486,139
20260907T111756.126345861Z-openclaw-sweatlasqa-pilot30-shuffle2-amem-task-sglang,task-6905333b74f22949d97ba9aa,803.6870000362396,37
20260907T111756.126345861Z-openclaw-sweatlasqa-pilot30-shuffle2-amem-task-sglang,task-6905333b74f22949d97ba9ab,1343.7199997901917,58
20260907T111756.126345861Z-openclaw-sweatlasqa-pilot30-shuffle2-amem-task-sglang,task-6905333b74f22949d97ba9ac,1830.6100001335144,62
20260907T111756.126345861Z-openclaw-sweatlasqa-pilot30-shuffle2-amem-task-sglang,task-6905333b74f22949d97ba9ad,1336.895000219345,83
20260907T111756.126345861Z-openclaw-sweatlasqa-pilot30-shuffle2-amem-task-sglang,task-6905333b74f22949d97ba9ae,1020.3029999732971,71
20260907T111756.126345861Z-openclaw-sweatlasqa-pilot30-shuffle2-amem-task-sglang,task-6905333b74f22949d97ba9af,722.2539999485016,35
20260907T111756.126345861Z-openclaw-sweatlasqa-pilot30-shuffle2-amem-task-sglang,task-6905333b74f22949d97ba9b2,745.6389999389648,67
20260907T111756.126345861Z-openclaw-sweatlasqa-pilot30-shuffle2-amem-task-sglang,task-6905333b74f22949d97ba9d0,905.1829998493195,93
20260907T111756.126345861Z-openclaw-sweatlasqa-pilot30-shuffle2-amem-task-sglang,task-6905333b74f22949d97ba9d1,762.1500000953674,60
20260907T111756.126345861Z-openclaw-sweatlasqa-pilot30-shuffle2-amem-task-sglang,task-6905333b74f22949d97ba9d2,268.70099997520447,40
20260907T111756.126345861Z-openclaw-sweatlasqa-pilot30-shuffle2-amem-task-sglang,task-6905333b74f22949d97ba9d3,1248.6569998264313,75
20260907T111756.126345861Z-openclaw-sweatlasqa-pilot30-shuffle2-amem-task-sglang,task-6905333b74f22949d97ba9d4,750.0409998893738,63
20260907T111756.126345861Z-openclaw-sweatlasqa-pilot30-shuffle2-amem-task-sglang,task-6905333b74f22949d97ba9d5,536.1849999427795,51
20260907T111756.126345861Z-openclaw-sweatlasqa-pilot30-shuffle2-amem-task-sglang,task-6905333b74f22949d97ba9d6,564.1510000228882,51
20260907T111756.126345861Z-openclaw-sweatlasqa-pilot30-shuffle2-amem-task-sglang,task-6905333b74f22949d97ba9d7,965.7409999370575,79
20260907T111756.126345861Z-openclaw-sweatlasqa-pilot30-shuffle2-amem-task-sglang,task-6905333b74f22949d97ba9d8,980.7130000591278,72
20260907T111756.126345861Z-openclaw-sweatlasqa-pilot30-shuffle2-amem-task-sglang,task-6905333b74f22949d97ba9d9,917.6429998874664,75
20260907T111756.126345861Z-openclaw-sweatlasqa-pilot30-shuffle2-amem-task-sglang,task-6905333b74f22949d97ba9db,581.8580000400543,41
20260907T111756.126345861Z-openclaw-sweatlasqa-pilot30-shuffle2-amem-task-sglang,task-6905333b74f22949d97ba9dc,2346.059000015259,148
20260907T111756.126345861Z-openclaw-sweatlasqa-pilot30-shuffle2-amem-task-sglang,task-6905333b74f22949d97ba9dd,799.3980000019073,43
20260907T111756.126345861Z-openclaw-sweatlasqa-pilot30-shuffle2-amem-task-sglang,task-6905333b74f22949d97ba9de,1867.2310001850128,116
20260907T111756.126345861Z-openclaw-sweatlasqa-pilot30-shuffle2-amem-task-sglang,task-6905333b74f22949d97ba9e0,1494.3429999351501,89
20260907T111756.126345861Z-openclaw-sweatlasqa-pilot30-shuffle2-amem-task-sglang,task-6905333b74f22949d97ba9e8,903.0170001983643,67
20260907T111756.126345861Z-openclaw-sweatlasqa-pilot30-shuffle2-amem-task-sglang,task-6905333b74f22949d97baa1d,1436.244000196457,78
