replicate,arm,task_id,n_exec
pilot30,control,task-6905333b74f22949d97ba9a4,63
pilot30,control,task-6905333b74f22949d97ba9a5,79
pilot30,control,task-6905333b74f22949d97ba9a6,129
pilot30,control,task-6905333b74f22949d97ba9a7,76
pilot30,control,task-6905333b74f22949d97ba9a8,45
pilot30,control,task-6905333b74f22949d97ba9a9,69
pilot30,control,task-6905333b74f22949d97ba9aa,92
pilot30,control,task-6905333b74f22949d97ba9ab,53
pilot30,control,task-6905333b74f22949d97ba9ac,89
pilot30,control,task-6905333b74f22949d97ba9ad,58
pilot30,control,task-6905333b74f22949d97ba9ae,59
pilot30,control,task-6905333b74f22949d97ba9af,62
pilot30,control,task-6905333b74f22949d97ba9b2,91
pilot30,control,task-6905333b74f22949d97ba9d0,56
pilot30,control,task-6905333b74f22949d97ba9d1,54
pilot30,control,task-6905333b74f22949d97ba9d2,44
pilot30,control,task-6905333b74f22949d97ba9d3,46
pilot30,control,task-6905333b74f22949d97ba9d4,57
pilot30,control,task-6905333b74f22949d97ba9d5,35
pilot30,control,task-6905333b74f22949d97ba9d6,37
pilot30,control,task-6905333b74f22949d97ba9d7,66
pilot30,control,task-6905333b74f22949d97ba9d8,33
pilot30,control,task-6905333b74f22949d97ba9d9,61
pilot30,control,task-6905333b74f22949d97ba9db,45
pilot30,control,task-6905333b74f22949d97ba9dc,42
pilot30,control,task-6905333b74f22949d97ba9dd,39
pilot30,control,task-6905333b74f22949d97ba9de,93
pilot30,control,task-6905333b74f22949d97ba9e0,41
pilot30,control,task-6905333b74f22949d97ba9e8,106
pilot30,control,task-6905333b74f22949d97baa1d,71
pilot30,both,task-6905333b74f22949d97ba9a4,88
pilot30,both,task-6905333b74f22949d97ba9a5,59
pilot30,both,task-6905333b74f22949d97ba9a6,118
pilot30,both,task-6905333b74f22949d97ba9a7,57
pilot30,both,task-6905333b74f22949d97ba9a8,55
pilot30,both,task-6905333b74f22949d97ba9a9,81
pilot30,both,task-6905333b74f22949d97ba9aa,65
pilot30,both,task-6905333b74f22949d97ba9ab,85
pilot30,both,task-6905333b74f22949d97ba9ac,77
pilot30,both,task-6905333b74f22949d97ba9ad,96
pilot30,both,task-6905333b74f22949d97ba9ae,74
pilot30,both,task-6905333b74f22949d97ba9af,128
pilot30,both,task-6905333b74f22949d97ba9b2,54
pilot30,both,task-6905333b74f22949d97ba9d0,55
pilot30,both,task-6905333b74f22949d97ba9d1,51
pilot30,both,task-6905333b74f22949d97ba9d2,40
pilot30,both,task-6905333b74f22949d97ba9d3,48
pilot30,both,task-6905333b74f22949d97ba9d4,53
pilot30,both,task-6905333b74f22949d97ba9d5,33
pilot30,both,task-6905333b74f22949d97ba9d6,27
pilot30,both,task-6905333b74f22949d97ba9d7,45
pilot30,both,task-6905333b74f22949d97ba9d8,35
pilot30,both,task-6905333b74f22949d97ba9d9,45
pilot30,both,task-6905333b74f22949d97ba9db,32
pilot30,both,task-6905333b74f22949d97ba9dc,47
pilot30,both,task-6905333b74f22949d97ba9dd,37
pilot30,both,task-6905333b74f22949d97ba9de,94
pilot30,both,task-6905333b74f22949d97ba9e0,31
pilot30,both,task-6905333b74f22949d97ba9e8,99
pilot30,both,task-6905333b74f22949d97baa1d,68
shuffle1,control,task-6905333b74f22949d97ba9a4,43
shuffle1,control,task-6905333b74f22949d97ba9a5,83
shuffle1,control,task-6905333b74f22949d97ba9a6,116
shuffle1,control,task-6905333b74f22949d97ba9a7,74
shuffle1,control,task-6905333b74f22949d97ba9a8,42
shuffle1,control,task-6905333b74f22949d97ba9a9,44
shuffle1,control,task-6905333b74f22949d97ba9aa,80
shuffle1,control,task-6905333b74f22949d97ba9ab,34
shuffle1,control,task-6905333b74f22949d97ba9ac,96
shuffle1,control,task-6905333b74f22949d97ba9ad,62
shuffle1,control,task-6905333b74f22949d97ba9ae,61
shuffle1,control,task-6905333b74f22949d97ba9af,73
shuffle1,control,task-6905333b74f22949d97ba9b2,89
shuffle1,control,task-6905333b74f22949d97ba9d0,76
shuffle1,control,task-6905333b74f22949d97ba9d1,40
shuffle1,control,task-6905333b74f22949d97ba9d2,33
shuffle1,control,task-6905333b74f22949d97ba9d3,48
shuffle1,control,task-6905333b74f22949d97ba9d4,69
shuffle1,control,task-6905333b74f22949d97ba9d5,43
shuffle1,control,task-6905333b74f22949d97ba9d6,28
shuffle1,control,task-6905333b74f22949d97ba9d7,57
shuffle1,control,task-6905333b74f22949d97ba9d8,34
shuffle1,control,task-6905333b74f22949d97ba9d9,47
shuffle1,control,task-6905333b74f22949d97ba9db,61
shuffle1,control,task-6905333b74f22949d97ba9dc,47
shuffle1,control,task-6905333b74f22949d97ba9dd,59
shuffle1,control,task-6905333b74f22949d97ba9de,29
shuffle1,control,task-6905333b74f22949d97ba9e0,76
shuffle1,control,task-6905333b74f22949d97ba9e8,88
shuffle1,control,task-6905333b74f22949d97baa1d,48
shuffle1,both,task-6905333b74f22949d97ba9a4,53
shuffle1,both,task-6905333b74f22949d97ba9a5,79
shuffle1,both,task-6905333b74f22949d97ba9a6,94
shuffle1,both,task-6905333b74f22949d97ba9a7,65
shuffle1,both,task-6905333b74f22949d97ba9a8,52
shuffle1,both,task-6905333b74f22949d97ba9a9,46
shuffle1,both,task-6905333b74f22949d97ba9aa,84
shuffle1,both,task-6905333b74f22949d97ba9ab,64
shuffle1,both,task-6905333b74f22949d97ba9ac,68
shuffle1,both,task-6905333b74f22949d97ba9ad,80
shuffle1,both,task-6905333b74f22949d97ba9ae,71
shuffle1,both,task-6905333b74f22949d97ba9af,70
shuffle1,both,task-6905333b74f22949d97ba9b2,57
shuffle1,both,task-6905333b74f22949d97ba9d0,51
shuffle1,both,task-6905333b74f22949d97ba9d1,42
shuffle1,both,task-6905333b74f22949d97ba9d2,33
shuffle1,both,task-6905333b74f22949d97ba9d3,47
shuffle1,both,task-6905333b74f22949d97ba9d4,54
shuffle1,both,task-6905333b74f22949d97ba9d5,39
shuffle1,both,task-6905333b74f22949d97ba9d6,37
shuffle1,both,task-6905333b74f22949d97ba9d7,50
shuffle1,both,task-6905333b74f22949d97ba9d8,46
shuffle1,both,task-6905333b74f22949d97ba9d9,43
shuffle1,both,task-6905333b74f22949d97ba9db,32
shuffle1,both,task-6905333b74f22949d97ba9dc,44
shuffle1,both,task-6905333b74f22949d97ba9dd,52
shuffle1,both,task-6905333b74f22949d97ba9de,79
shuffle1,both,task-6905333b74f22949d97ba9e0,154
shuffle1,both,task-6905333b74f22949d97ba9e8,67
shuffle1,both,task-6905333b74f22949d97baa1d,52
shuffle2,control,task-6905333b74f22949d97ba9a4,54
shuffle2,control,task-6905333b74f22949d97ba9a5,91
shuffle2,control,task-6905333b74f22949d97ba9a6,132
shuffle2,control,task-6905333b74f22949d97ba9a7,81
shuffle2,control,task-6905333b74f22949d97ba9a8,47
shuffle2,control,task-6905333b74f22949d97ba9a9,77
shuffle2,control,task-6905333b74f22949d97ba9aa,76
shuffle2,control,task-6905333b74f22949d97ba9ab,48
shuffle2,control,task-6905333b74f22949d97ba9ac,105
shuffle2,control,task-6905333b74f22949d97ba9ad,80
shuffle2,control,task-6905333b74f22949d97ba9ae,90
shuffle2,control,task-6905333b74f22949d97ba9af,63
shuffle2,control,task-6905333b74f22949d97ba9b2,103
shuffle2,control,task-6905333b74f22949d97ba9d0,72
shuffle2,control,task-6905333b74f22949d97ba9d1,55
shuffle2,control,task-6905333b74f22949d97ba9d2,44
shuffle2,control,task-6905333b74f22949d97ba9d3,45
shuffle2,control,task-6905333b74f22949d97ba9d4,215
shuffle2,control,task-6905333b74f22949d97ba9d5,39
shuffle2,control,task-6905333b74f22949d97ba9d6,40
shuffle2,control,task-6905333b74f22949d97ba9d7,23
shuffle2,control,task-6905333b74f22949d97ba9d8,69
shuffle2,control,task-6905333b74f22949d97ba9d9,46
shuffle2,control,task-6905333b74f22949d97ba9db,36
shuffle2,control,task-6905333b74f22949d97ba9dc,55
shuffle2,control,task-6905333b74f22949d97ba9dd,47
shuffle2,control,task-6905333b74f22949d97ba9de,53
shuffle2,control,task-6905333b74f22949d97ba9e0,95
shuffle2,control,task-6905333b74f22949d97ba9e8,4
shuffle2,control,task-6905333b74f22949d97baa1d,85
shuffle2,both,task-6905333b74f22949d97ba9a4,39
shuffle2,both,task-6905333b74f22949d97ba9a5,40
shuffle2,both,task-6905333b74f22949d97ba9a6,159
shuffle2,both,task-6905333b74f22949d97ba9a7,67
shuffle2,both,task-6905333b74f22949d97ba9a8,63
shuffle2,both,task-6905333b74f22949d97ba9a9,107
shuffle2,both,task-6905333b74f22949d97ba9aa,72
shuffle2,both,task-6905333b74f22949d97ba9ab,55
shuffle2,both,task-6905333b74f22949d97ba9ac,64
shuffle2,both,task-6905333b74f22949d97ba9ad,77
shuffle2,both,task-6905333b74f22949d97ba9ae,64
shuffle2,both,task-6905333b74f22949d97ba9af,73
shuffle2,both,task-6905333b74f22949d97ba9b2,70
shuffle2,both,task-6905333b74f22949d97ba9d0,75
shuffle2,both,task-6905333b74f22949d97ba9d1,48
shuffle2,both,task-6905333b74f22949d97ba9d2,32
shuffle2,both,task-6905333b74f22949d97ba9d3,56
shuffle2,both,task-6905333b74f22949d97ba9d4,78
shuffle2,both,task-6905333b74f22949d97ba9d5,35
shuffle2,both,task-6905333b74f22949d97ba9d6,47
shuffle2,both,task-6905333b74f22949d97ba9d7,89
shuffle2,both,task-6905333b74f22949d97ba9d8,48
shuffle2,both,task-6905333b74f22949d97ba9d9,44
shuffle2,both,task-6905333b74f22949d97ba9db,44
shuffle2,both,task-6905333b74f22949d97ba9dc,119
shuffle2,both,task-6905333b74f22949d97ba9dd,50
shuffle2,both,task-6905333b74f22949d97ba9de,72
shuffle2,both,task-6905333b74f22949d97ba9e0,48
shuffle2,both,task-6905333b74f22949d97ba9e8,100
shuffle2,both,task-6905333b74f22949d97baa1d,60
