replicate,arm,task_id,n_memory_add
pilot30,control,task-6905333b74f22949d97ba9a4,3
pilot30,control,task-6905333b74f22949d97ba9a5,2
pilot30,control,task-6905333b74f22949d97ba9a6,2
pilot30,control,task-6905333b74f22949d97ba9a7,4
pilot30,control,task-6905333b74f22949d97ba9a8,3
pilot30,control,task-6905333b74f22949d97ba9a9,0
pilot30,control,task-6905333b74f22949d97ba9aa,2
pilot30,control,task-6905333b74f22949d97ba9ab,1
pilot30,control,task-6905333b74f22949d97ba9ac,2
pilot30,control,task-6905333b74f22949d97ba9ad,6
pilot30,control,task-6905333b74f22949d97ba9ae,5
pilot30,control,task-6905333b74f22949d97ba9af,3
pilot30,control,task-6905333b74f22949d97ba9b2,1
pilot30,control,task-6905333b74f22949d97ba9d0,6
pilot30,control,task-6905333b74f22949d97ba9d1,3
pilot30,control,task-6905333b74f22949d97ba9d2,3
pilot30,control,task-6905333b74f22949d97ba9d3,5
pilot30,control,task-6905333b74f22949d97ba9d4,0
pilot30,control,task-6905333b74f22949d97ba9d5,0
pilot30,control,task-6905333b74f22949d97ba9d6,5
pilot30,control,task-6905333b74f22949d97ba9d7,1
pilot30,control,task-6905333b74f22949d97ba9d8,0
pilot30,control,task-6905333b74f22949d97ba9d9,4
pilot30,control,task-6905333b74f22949d97ba9db,6
pilot30,control,task-6905333b74f22949d97ba9dc,1
pilot30,control,task-6905333b74f22949d97ba9dd,1
pilot30,control,task-6905333b74f22949d97ba9de,1
pilot30,control,task-6905333b74f22949d97ba9e0,2
pilot30,control,task-6905333b74f22949d97ba9e8,8
pilot30,control,task-6905333b74f22949d97baa1d,1
pilot30,both,task-6905333b74f22949d97ba9a4,2
pilot30,both,task-6905333b74f22949d97ba9a5,1
pilot30,both,task-6905333b74f22949d97ba9a6,1
pilot30,both,task-6905333b74f22949d97ba9a7,4
pilot30,both,task-6905333b74f22949d97ba9a8,4
pilot30,both,task-6905333b74f22949d97ba9a9,1
pilot30,both,task-6905333b74f22949d97ba9aa,1
pilot30,both,task-6905333b74f22949d97ba9ab,1
pilot30,both,task-6905333b74f22949d97ba9ac,4
pilot30,both,task-6905333b74f22949d97ba9ad,1
pilot30,both,task-6905333b74f22949d97ba9ae,0
pilot30,both,task-6905333b74f22949d97ba9af,3
pilot30,both,task-6905333b74f22949d97ba9b2,1
pilot30,both,task-6905333b74f22949d97ba9d0,1
pilot30,both,task-6905333b74f22949d97ba9d1,1
pilot30,both,task-6905333b74f22949d97ba9d2,4
pilot30,both,task-6905333b74f22949d97ba9d3,2
pilot30,both,task-6905333b74f22949d97ba9d4,0
pilot30,both,task-6905333b74f22949d97ba9d5,0
pilot30,both,task-6905333b74f22949d97ba9d6,1
pilot30,both,task-6905333b74f22949d97ba9d7,3
pilot30,both,task-6905333b74f22949d97ba9d8,2
pilot30,both,task-6905333b74f22949d97ba9d9,0
pilot30,both,task-6905333b74f22949d97ba9db,5
pilot30,both,task-6905333b74f22949d97ba9dc,0
pilot30,both,task-6905333b74f22949d97ba9dd,2
pilot30,both,task-6905333b74f22949d97ba9de,2
pilot30,both,task-6905333b74f22949d97ba9e0,4
pilot30,both,task-6905333b74f22949d97ba9e8,8
pilot30,both,task-6905333b74f22949d97baa1d,1
shuffle1,control,task-6905333b74f22949d97ba9a4,3
shuffle1,control,task-6905333b74f22949d97ba9a5,3
shuffle1,control,task-6905333b74f22949d97ba9a6,5
shuffle1,control,task-6905333b74f22949d97ba9a7,4
shuffle1,control,task-6905333b74f22949d97ba9a8,3
shuffle1,control,task-6905333b74f22949d97ba9a9,1
shuffle1,control,task-6905333b74f22949d97ba9aa,1
shuffle1,control,task-6905333b74f22949d97ba9ab,1
shuffle1,control,task-6905333b74f22949d97ba9ac,4
shuffle1,control,task-6905333b74f22949d97ba9ad,5
shuffle1,control,task-6905333b74f22949d97ba9ae,2
shuffle1,control,task-6905333b74f22949d97ba9af,3
shuffle1,control,task-6905333b74f22949d97ba9b2,4
shuffle1,control,task-6905333b74f22949d97ba9d0,5
shuffle1,control,task-6905333b74f22949d97ba9d1,4
shuffle1,control,task-6905333b74f22949d97ba9d2,3
shuffle1,control,task-6905333b74f22949d97ba9d3,4
shuffle1,control,task-6905333b74f22949d97ba9d4,0
shuffle1,control,task-6905333b74f22949d97ba9d5,0
shuffle1,control,task-6905333b74f22949d97ba9d6,1
shuffle1,control,task-6905333b74f22949d97ba9d7,4
shuffle1,control,task-6905333b74f22949d97ba9d8,5
shuffle1,control,task-6905333b74f22949d97ba9d9,0
shuffle1,control,task-6905333b74f22949d97ba9db,0
shuffle1,control,task-6905333b74f22949d97ba9dc,5
shuffle1,control,task-6905333b74f22949d97ba9dd,1
shuffle1,control,task-6905333b74f22949d97ba9de,7
shuffle1,control,task-6905333b74f22949d97ba9e0,1
shuffle1,control,task-6905333b74f22949d97ba9e8,6
shuffle1,control,task-6905333b74f22949d97baa1d,1
shuffle1,both,task-6905333b74f22949d97ba9a4,4
shuffle1,both,task-6905333b74f22949d97ba9a5,3
shuffle1,both,task-6905333b74f22949d97ba9a6,5
shuffle1,both,task-6905333b74f22949d97ba9a7,4
shuffle1,both,task-6905333b74f22949d97ba9a8,5
shuffle1,both,task-6905333b74f22949d97ba9a9,1
shuffle1,both,task-6905333b74f22949d97ba9aa,0
shuffle1,both,task-6905333b74f22949d97ba9ab,1
shuffle1,both,task-6905333b74f22949d97ba9ac,1
shuffle1,both,task-6905333b74f22949d97ba9ad,0
shuffle1,both,task-6905333b74f22949d97ba9ae,1
shuffle1,both,task-6905333b74f22949d97ba9af,3
shuffle1,both,task-6905333b74f22949d97ba9b2,1
shuffle1,both,task-6905333b74f22949d97ba9d0,0
shuffle1,both,task-6905333b74f22949d97ba9d1,1
shuffle1,both,task-6905333b74f22949d97ba9d2,0
shuffle1,both,task-6905333b74f22949d97ba9d3,4
shuffle1,both,task-6905333b74f22949d97ba9d4,1
shuffle1,both,task-6905333b74f22949d97ba9d5,1
shuffle1,both,task-6905333b74f22949d97ba9d6,1
shuffle1,both,task-6905333b74f22949d97ba9d7,2
shuffle1,both,task-6905333b74f22949d97ba9d8,3
shuffle1,both,task-6905333b74f22949d97ba9d9,1
shuffle1,both,task-6905333b74f22949d97ba9db,4
shuffle1,both,task-6905333b74f22949d97ba9dc,0
shuffle1,both,task-6905333b74f22949d97ba9dd,0
shuffle1,both,task-6905333b74f22949d97ba9de,2
shuffle1,both,task-6905333b74f22949d97ba9e0,1
shuffle1,both,task-6905333b74f22949d97ba9e8,6
shuffle1,both,task-6905333b74f22949d97baa1d,2
shuffle2,control,task-6905333b74f22949d97ba9a4,1
shuffle2,control,task-6905333b74f22949d97ba9a5,1
shuffle2,control,task-6905333b74f22949d97ba9a6,3
shuffle2,control,task-6905333b74f22949d97ba9a7,5
shuffle2,control,task-6905333b74f22949d97ba9a8,3
shuffle2,control,task-6905333b74f22949d97ba9a9,3
shuffle2,control,task-6905333b74f22949d97ba9aa,0
shuffle2,control,task-6905333b74f22949d97ba9ab,2
shuffle2,control,task-6905333b74f22949d97ba9ac,4
shuffle2,control,task-6905333b74f22949d97ba9ad,4
shuffle2,control,task-6905333b74f22949d97ba9ae,4
shuffle2,control,task-6905333b74f22949d97ba9af,4
shuffle2,control,task-6905333b74f22949d97ba9b2,1
shuffle2,control,task-6905333b74f22949d97ba9d0,3
shuffle2,control,task-6905333b74f22949d97ba9d1,1
shuffle2,control,task-6905333b74f22949d97ba9d2,3
shuffle2,control,task-6905333b74f22949d97ba9d3,0
shuffle2,control,task-6905333b74f22949d97ba9d4,4
shuffle2,control,task-6905333b74f22949d97ba9d5,2
shuffle2,control,task-6905333b74f22949d97ba9d6,0
shuffle2,control,task-6905333b74f22949d97ba9d7,1
shuffle2,control,task-6905333b74f22949d97ba9d8,5
shuffle2,control,task-6905333b74f22949d97ba9d9,4
shuffle2,control,task-6905333b74f22949d97ba9db,5
shuffle2,control,task-6905333b74f22949d97ba9dc,0
shuffle2,control,task-6905333b74f22949d97ba9dd,2
shuffle2,control,task-6905333b74f22949d97ba9de,7
shuffle2,control,task-6905333b74f22949d97ba9e0,1
shuffle2,control,task-6905333b74f22949d97ba9e8,0
shuffle2,control,task-6905333b74f22949d97baa1d,1
shuffle2,both,task-6905333b74f22949d97ba9a4,1
shuffle2,both,task-6905333b74f22949d97ba9a5,3
shuffle2,both,task-6905333b74f22949d97ba9a6,5
shuffle2,both,task-6905333b74f22949d97ba9a7,4
shuffle2,both,task-6905333b74f22949d97ba9a8,3
shuffle2,both,task-6905333b74f22949d97ba9a9,0
shuffle2,both,task-6905333b74f22949d97ba9aa,1
shuffle2,both,task-6905333b74f22949d97ba9ab,2
shuffle2,both,task-6905333b74f22949d97ba9ac,0
shuffle2,both,task-6905333b74f22949d97ba9ad,3
shuffle2,both,task-6905333b74f22949d97ba9ae,2
shuffle2,both,task-6905333b74f22949d97ba9af,0
shuffle2,both,task-6905333b74f22949d97ba9b2,2
shuffle2,both,task-6905333b74f22949d97ba9d0,1
shuffle2,both,task-6905333b74f22949d97ba9d1,5
shuffle2,both,task-6905333b74f22949d97ba9d2,4
shuffle2,both,task-6905333b74f22949d97ba9d3,5
shuffle2,both,task-6905333b74f22949d97ba9d4,2
shuffle2,both,task-6905333b74f22949d97ba9d5,1
shuffle2,both,task-6905333b74f22949d97ba9d6,0
shuffle2,both,task-6905333b74f22949d97ba9d7,3
shuffle2,both,task-6905333b74f22949d97ba9d8,5
shuffle2,both,task-6905333b74f22949d97ba9d9,3
shuffle2,both,task-6905333b74f22949d97ba9db,6
shuffle2,both,task-6905333b74f22949d97ba9dc,3
shuffle2,both,task-6905333b74f22949d97ba9dd,3
shuffle2,both,task-6905333b74f22949d97ba9de,2
shuffle2,both,task-6905333b74f22949d97ba9e0,4
shuffle2,both,task-6905333b74f22949d97ba9e8,7
shuffle2,both,task-6905333b74f22949d97baa1d,2
