replicate,arm,task_id,total_retrieved
pilot30,control,task-6905333b74f22949d97ba9a4,0
pilot30,control,task-6905333b74f22949d97ba9a5,3
pilot30,control,task-6905333b74f22949d97ba9a6,5
pilot30,control,task-6905333b74f22949d97ba9a7,7
pilot30,control,task-6905333b74f22949d97ba9a8,8
pilot30,control,task-6905333b74f22949d97ba9a9,26
pilot30,control,task-6905333b74f22949d97ba9aa,13
pilot30,control,task-6905333b74f22949d97ba9ab,26
pilot30,control,task-6905333b74f22949d97ba9ac,26
pilot30,control,task-6905333b74f22949d97ba9ad,21
pilot30,control,task-6905333b74f22949d97ba9ae,26
pilot30,control,task-6905333b74f22949d97ba9af,26
pilot30,control,task-6905333b74f22949d97ba9b2,17
pilot30,control,task-6905333b74f22949d97ba9d0,6
pilot30,control,task-6905333b74f22949d97ba9d1,15
pilot30,control,task-6905333b74f22949d97ba9d2,21
pilot30,control,task-6905333b74f22949d97ba9d3,12
pilot30,control,task-6905333b74f22949d97ba9d4,13
pilot30,control,task-6905333b74f22949d97ba9d5,13
pilot30,control,task-6905333b74f22949d97ba9d6,13
pilot30,control,task-6905333b74f22949d97ba9d7,13
pilot30,control,task-6905333b74f22949d97ba9d8,24
pilot30,control,task-6905333b74f22949d97ba9d9,21
pilot30,control,task-6905333b74f22949d97ba9db,26
pilot30,control,task-6905333b74f22949d97ba9dc,13
pilot30,control,task-6905333b74f22949d97ba9dd,13
pilot30,control,task-6905333b74f22949d97ba9de,13
pilot30,control,task-6905333b74f22949d97ba9e0,22
pilot30,control,task-6905333b74f22949d97ba9e8,36
pilot30,control,task-6905333b74f22949d97baa1d,13
pilot30,both,task-6905333b74f22949d97ba9a4,2
pilot30,both,task-6905333b74f22949d97ba9a5,2
pilot30,both,task-6905333b74f22949d97ba9a6,7
pilot30,both,task-6905333b74f22949d97ba9a7,4
pilot30,both,task-6905333b74f22949d97ba9a8,19
pilot30,both,task-6905333b74f22949d97ba9a9,11
pilot30,both,task-6905333b74f22949d97ba9aa,24
pilot30,both,task-6905333b74f22949d97ba9ab,12
pilot30,both,task-6905333b74f22949d97ba9ac,13
pilot30,both,task-6905333b74f22949d97ba9ad,13
pilot30,both,task-6905333b74f22949d97ba9ae,13
pilot30,both,task-6905333b74f22949d97ba9af,13
pilot30,both,task-6905333b74f22949d97ba9b2,13
pilot30,both,task-6905333b74f22949d97ba9d0,0
pilot30,both,task-6905333b74f22949d97ba9d1,3
pilot30,both,task-6905333b74f22949d97ba9d2,8
pilot30,both,task-6905333b74f22949d97ba9d3,6
pilot30,both,task-6905333b74f22949d97ba9d4,7
pilot30,both,task-6905333b74f22949d97ba9d5,7
pilot30,both,task-6905333b74f22949d97ba9d6,7
pilot30,both,task-6905333b74f22949d97ba9d7,8
pilot30,both,task-6905333b74f22949d97ba9d8,11
pilot30,both,task-6905333b74f22949d97ba9d9,13
pilot30,both,task-6905333b74f22949d97ba9db,13
pilot30,both,task-6905333b74f22949d97ba9dc,26
pilot30,both,task-6905333b74f22949d97ba9dd,26
pilot30,both,task-6905333b74f22949d97ba9de,13
pilot30,both,task-6905333b74f22949d97ba9e0,26
pilot30,both,task-6905333b74f22949d97ba9e8,26
pilot30,both,task-6905333b74f22949d97baa1d,13
shuffle1,control,task-6905333b74f22949d97ba9a4,13
shuffle1,control,task-6905333b74f22949d97ba9a5,16
shuffle1,control,task-6905333b74f22949d97ba9a6,24
shuffle1,control,task-6905333b74f22949d97ba9a7,13
shuffle1,control,task-6905333b74f22949d97ba9a8,13
shuffle1,control,task-6905333b74f22949d97ba9a9,13
shuffle1,control,task-6905333b74f22949d97ba9aa,13
shuffle1,control,task-6905333b74f22949d97ba9ab,13
shuffle1,control,task-6905333b74f22949d97ba9ac,0
shuffle1,control,task-6905333b74f22949d97ba9ad,20
shuffle1,control,task-6905333b74f22949d97ba9ae,3
shuffle1,control,task-6905333b74f22949d97ba9af,5
shuffle1,control,task-6905333b74f22949d97ba9b2,26
shuffle1,control,task-6905333b74f22949d97ba9d0,13
shuffle1,control,task-6905333b74f22949d97ba9d1,26
shuffle1,control,task-6905333b74f22949d97ba9d2,20
shuffle1,control,task-6905333b74f22949d97ba9d3,0
shuffle1,control,task-6905333b74f22949d97ba9d4,22
shuffle1,control,task-6905333b74f22949d97ba9d5,13
shuffle1,control,task-6905333b74f22949d97ba9d6,13
shuffle1,control,task-6905333b74f22949d97ba9d7,10
shuffle1,control,task-6905333b74f22949d97ba9d8,11
shuffle1,control,task-6905333b74f22949d97ba9d9,10
shuffle1,control,task-6905333b74f22949d97ba9db,21
shuffle1,control,task-6905333b74f22949d97ba9dc,26
shuffle1,control,task-6905333b74f22949d97ba9dd,5
shuffle1,control,task-6905333b74f22949d97ba9de,35
shuffle1,control,task-6905333b74f22949d97ba9e0,13
shuffle1,control,task-6905333b74f22949d97ba9e8,26
shuffle1,control,task-6905333b74f22949d97baa1d,25
shuffle1,both,task-6905333b74f22949d97ba9a4,26
shuffle1,both,task-6905333b74f22949d97ba9a5,17
shuffle1,both,task-6905333b74f22949d97ba9a6,39
shuffle1,both,task-6905333b74f22949d97ba9a7,26
shuffle1,both,task-6905333b74f22949d97ba9a8,21
shuffle1,both,task-6905333b74f22949d97ba9a9,26
shuffle1,both,task-6905333b74f22949d97ba9aa,24
shuffle1,both,task-6905333b74f22949d97ba9ab,26
shuffle1,both,task-6905333b74f22949d97ba9ac,0
shuffle1,both,task-6905333b74f22949d97ba9ad,10
shuffle1,both,task-6905333b74f22949d97ba9ae,1
shuffle1,both,task-6905333b74f22949d97ba9af,2
shuffle1,both,task-6905333b74f22949d97ba9b2,13
shuffle1,both,task-6905333b74f22949d97ba9d0,13
shuffle1,both,task-6905333b74f22949d97ba9d1,13
shuffle1,both,task-6905333b74f22949d97ba9d2,6
shuffle1,both,task-6905333b74f22949d97ba9d3,0
shuffle1,both,task-6905333b74f22949d97ba9d4,13
shuffle1,both,task-6905333b74f22949d97ba9d5,13
shuffle1,both,task-6905333b74f22949d97ba9d6,13
shuffle1,both,task-6905333b74f22949d97ba9d7,5
shuffle1,both,task-6905333b74f22949d97ba9d8,24
shuffle1,both,task-6905333b74f22949d97ba9d9,1
shuffle1,both,task-6905333b74f22949d97ba9db,18
shuffle1,both,task-6905333b74f22949d97ba9dc,13
shuffle1,both,task-6905333b74f22949d97ba9dd,5
shuffle1,both,task-6905333b74f22949d97ba9de,26
shuffle1,both,task-6905333b74f22949d97ba9e0,13
shuffle1,both,task-6905333b74f22949d97ba9e8,8
shuffle1,both,task-6905333b74f22949d97baa1d,12
shuffle2,control,task-6905333b74f22949d97ba9a4,13
shuffle2,control,task-6905333b74f22949d97ba9a5,9
shuffle2,control,task-6905333b74f22949d97ba9a6,10
shuffle2,control,task-6905333b74f22949d97ba9a7,16
shuffle2,control,task-6905333b74f22949d97ba9a8,25
shuffle2,control,task-6905333b74f22949d97ba9a9,17
shuffle2,control,task-6905333b74f22949d97ba9aa,26
shuffle2,control,task-6905333b74f22949d97ba9ab,7
shuffle2,control,task-6905333b74f22949d97ba9ac,4
shuffle2,control,task-6905333b74f22949d97ba9ad,13
shuffle2,control,task-6905333b74f22949d97ba9ae,31
shuffle2,control,task-6905333b74f22949d97ba9af,13
shuffle2,control,task-6905333b74f22949d97ba9b2,0
shuffle2,control,task-6905333b74f22949d97ba9d0,26
shuffle2,control,task-6905333b74f22949d97ba9d1,5
shuffle2,control,task-6905333b74f22949d97ba9d2,7
shuffle2,control,task-6905333b74f22949d97ba9d3,13
shuffle2,control,task-6905333b74f22949d97ba9d4,13
shuffle2,control,task-6905333b74f22949d97ba9d5,13
shuffle2,control,task-6905333b74f22949d97ba9d6,2
shuffle2,control,task-6905333b74f22949d97ba9d7,11
shuffle2,control,task-6905333b74f22949d97ba9d8,13
shuffle2,control,task-6905333b74f22949d97ba9d9,5
shuffle2,control,task-6905333b74f22949d97ba9db,13
shuffle2,control,task-6905333b74f22949d97ba9dc,39
shuffle2,control,task-6905333b74f22949d97ba9dd,0
shuffle2,control,task-6905333b74f22949d97ba9de,13
shuffle2,control,task-6905333b74f22949d97ba9e0,12
shuffle2,control,task-6905333b74f22949d97ba9e8,13
shuffle2,control,task-6905333b74f22949d97baa1d,25
shuffle2,both,task-6905333b74f22949d97ba9a4,13
shuffle2,both,task-6905333b74f22949d97ba9a5,13
shuffle2,both,task-6905333b74f22949d97ba9a6,13
shuffle2,both,task-6905333b74f22949d97ba9a7,4
shuffle2,both,task-6905333b74f22949d97ba9a8,21
shuffle2,both,task-6905333b74f22949d97ba9a9,9
shuffle2,both,task-6905333b74f22949d97ba9aa,26
shuffle2,both,task-6905333b74f22949d97ba9ab,4
shuffle2,both,task-6905333b74f22949d97ba9ac,0
shuffle2,both,task-6905333b74f22949d97ba9ad,26
shuffle2,both,task-6905333b74f22949d97ba9ae,26
shuffle2,both,task-6905333b74f22949d97ba9af,13
shuffle2,both,task-6905333b74f22949d97ba9b2,7
shuffle2,both,task-6905333b74f22949d97ba9d0,13
shuffle2,both,task-6905333b74f22949d97ba9d1,3
shuffle2,both,task-6905333b74f22949d97ba9d2,19
shuffle2,both,task-6905333b74f22949d97ba9d3,26
shuffle2,both,task-6905333b74f22949d97ba9d4,26
shuffle2,both,task-6905333b74f22949d97ba9d5,13
shuffle2,both,task-6905333b74f22949d97ba9d6,6
shuffle2,both,task-6905333b74f22949d97ba9d7,26
shuffle2,both,task-6905333b74f22949d97ba9d8,26
shuffle2,both,task-6905333b74f22949d97ba9d9,13
shuffle2,both,task-6905333b74f22949d97ba9db,24
shuffle2,both,task-6905333b74f22949d97ba9dc,26
shuffle2,both,task-6905333b74f22949d97ba9dd,3
shuffle2,both,task-6905333b74f22949d97ba9de,13
shuffle2,both,task-6905333b74f22949d97ba9e0,26
shuffle2,both,task-6905333b74f22949d97ba9e8,12
shuffle2,both,task-6905333b74f22949d97baa1d,14
